country,region,continent,alliances,metric,value
China,East Asia,Asia,"BRICS, SCO",total_population_by_country,1415043270.0
India,South Asia,Asia,"BRICS, SCO",total_population_by_country,1409128296.0
United States,North America,North America,"NATO, FIVE_EYES",total_population_by_country,341963408.0
Indonesia,Southeast Asia,Asia,ASEAN,total_population_by_country,281562465.0
Pakistan,South Asia,Asia,SCO,total_population_by_country,252363571.0
Nigeria,West Africa,Africa,AFRICAN_UNION,total_population_by_country,236747130.0
Brazil,South America,South America,BRICS,total_population_by_country,220051512.0
Bangladesh,South Asia,Asia,None,total_population_by_country,168697184.0
Russia,Eastern Europe,Europe,"BRICS, SCO",total_population_by_country,140820810.0
Mexico,Central America,North America,None,total_population_by_country,130739927.0
Japan,East Asia,Asia,None,total_population_by_country,123201945.0
Ethiopia,East Africa,Africa,"BRICS, AFRICAN_UNION",total_population_by_country,118550298.0
Philippines,Southeast Asia,Asia,ASEAN,total_population_by_country,118277063.0
Democratic Republic of the Congo,Central Africa,Africa,AFRICAN_UNION,total_population_by_country,115403027.0
Egypt,North Africa,Africa,"BRICS, ARAB_LEAGUE, AFRICAN_UNION",total_population_by_country,111247248.0
Vietnam,Southeast Asia,Asia,ASEAN,total_population_by_country,105758975.0
Iran,Middle East,Asia,"BRICS, SCO",total_population_by_country,88386937.0
Turkiye,Middle East,Asia,NATO,total_population_by_country,84119531.0
Germany,Western Europe,Europe,"NATO, EU",total_population_by_country,84119100.0
Thailand,Southeast Asia,Asia,ASEAN,total_population_by_country,69920998.0
United Kingdom,Western Europe,Europe,"NATO, FIVE_EYES",total_population_by_country,68459055.0
France,Western Europe,Europe,"NATO, EU",total_population_by_country,68374591.0
Tanzania,East Africa,Africa,AFRICAN_UNION,total_population_by_country,67462121.0
Italy,Southern Europe,Europe,"NATO, EU",total_population_by_country,60964931.0
South Africa,Southern Africa,Africa,"BRICS, AFRICAN_UNION",total_population_by_country,60442647.0
Kenya,East Africa,Africa,AFRICAN_UNION,total_population_by_country,58246378.0
Myanmar,Southeast Asia,Asia,ASEAN,total_population_by_country,57527139.0
South Korea,East Asia,Asia,None,total_population_by_country,52081799.0
Sudan,North Africa,Africa,"ARAB_LEAGUE, AFRICAN_UNION",total_population_by_country,50467278.0
Colombia,South America,South America,None,total_population_by_country,49588357.0
Uganda,East Africa,Africa,AFRICAN_UNION,total_population_by_country,49283041.0
Spain,Southern Europe,Europe,"NATO, EU",total_population_by_country,47280433.0
Algeria,North Africa,Africa,"ARAB_LEAGUE, AFRICAN_UNION",total_population_by_country,47022473.0
Argentina,South America,South America,None,total_population_by_country,46994384.0
Iraq,Middle East,Asia,ARAB_LEAGUE,total_population_by_country,42083436.0
Afghanistan,South Asia,Asia,None,total_population_by_country,40121552.0
Canada,North America,North America,"NATO, FIVE_EYES",total_population_by_country,38794813.0
Poland,Eastern Europe,Europe,"NATO, EU",total_population_by_country,38746310.0
Morocco,North Africa,Africa,"ARAB_LEAGUE, AFRICAN_UNION",total_population_by_country,37387585.0
Angola,Southern Africa,Africa,AFRICAN_UNION,total_population_by_country,37202061.0
Saudi Arabia,Middle East,Asia,"BRICS, ARAB_LEAGUE",total_population_by_country,36544431.0
Uzbekistan,Central Asia,Asia,SCO,total_population_by_country,36520593.0
Ukraine,Eastern Europe,Europe,None,total_population_by_country,35661826.0
Ghana,West Africa,Africa,AFRICAN_UNION,total_population_by_country,34589092.0
Malaysia,Southeast Asia,Asia,ASEAN,total_population_by_country,34564810.0
Mozambique,East Africa,Africa,AFRICAN_UNION,total_population_by_country,33350954.0
Peru,South America,South America,None,total_population_by_country,32600249.0
Yemen,Middle East,Asia,ARAB_LEAGUE,total_population_by_country,32140443.0
Venezuela,South America,South America,None,total_population_by_country,31250306.0
Nepal,South Asia,Asia,None,total_population_by_country,31122387.0
Cameroon,Central Africa,Africa,AFRICAN_UNION,total_population_by_country,30966105.0
Ivory Coast,West Africa,Africa,AFRICAN_UNION,total_population_by_country,29981758.0
Madagascar,East Africa,Africa,AFRICAN_UNION,total_population_by_country,29452714.0
Australia,Oceania,Oceania,FIVE_EYES,total_population_by_country,26768598.0
Niger,West Africa,Africa,AFRICAN_UNION,total_population_by_country,26342784.0
North Korea,East Asia,Asia,None,total_population_by_country,26298666.0
Syria,Middle East,Asia,ARAB_LEAGUE,total_population_by_country,23865423.0
Taiwan,East Asia,Asia,None,total_population_by_country,23595274.0
Burkina Faso,West Africa,Africa,AFRICAN_UNION,total_population_by_country,23042199.0
Mali,West Africa,Africa,AFRICAN_UNION,total_population_by_country,21990607.0
Sri Lanka,South Asia,Asia,None,total_population_by_country,21982608.0
Zambia,Southern Africa,Africa,AFRICAN_UNION,total_population_by_country,20799116.0
Kazakhstan,Central Asia,Asia,SCO,total_population_by_country,20260006.0
Chad,Central Africa,Africa,AFRICAN_UNION,total_population_by_country,19093595.0
Senegal,West Africa,Africa,AFRICAN_UNION,total_population_by_country,18847519.0
Chile,South America,South America,None,total_population_by_country,18664652.0
Ecuador,South America,South America,None,total_population_by_country,18309984.0
Guatemala,Central America,North America,None,total_population_by_country,18255216.0
Romania,Eastern Europe,Europe,"NATO, EU",total_population_by_country,18148155.0
Netherlands,Western Europe,Europe,"NATO, EU",total_population_by_country,17772378.0
Zimbabwe,Southern Africa,Africa,AFRICAN_UNION,total_population_by_country,17150352.0
Cambodia,Southeast Asia,Asia,ASEAN,total_population_by_country,17063669.0
Benin,West Africa,Africa,AFRICAN_UNION,total_population_by_country,14697052.0
Somalia,East Africa,Africa,"ARAB_LEAGUE, AFRICAN_UNION",total_population_by_country,13017273.0
South Sudan,East Africa,Africa,AFRICAN_UNION,total_population_by_country,12703714.0
Bolivia,South America,South America,None,total_population_by_country,12311974.0
Tunisia,North Africa,Africa,"ARAB_LEAGUE, AFRICAN_UNION",total_population_by_country,12048847.0
Belgium,Western Europe,Europe,"NATO, EU",total_population_by_country,11977634.0
Jordan,Middle East,Asia,ARAB_LEAGUE,total_population_by_country,11174024.0
Cuba,Caribbean,North America,None,total_population_by_country,10966038.0
Czechia,Eastern Europe,Europe,"NATO, EU",total_population_by_country,10837890.0
Dominican Republic,Caribbean,North America,None,total_population_by_country,10815857.0
Azerbaijan,Eastern Europe,Europe,None,total_population_by_country,10650239.0
Portugal,Southern Europe,Europe,"NATO, EU",total_population_by_country,10639726.0
Sweden,Northern Europe,Europe,"NATO, EU",total_population_by_country,10589835.0
Greece,Southern Europe,Europe,"NATO, EU",total_population_by_country,10461091.0
Tajikistan,Central Asia,Asia,SCO,total_population_by_country,10394063.0
United Arab Emirates,Middle East,Asia,"BRICS, ARAB_LEAGUE",total_population_by_country,10032213.0
Hungary,Eastern Europe,Europe,"NATO, EU",total_population_by_country,9855745.0
Honduras,Central America,North America,None,total_population_by_country,9529188.0
Belarus,Eastern Europe,Europe,SCO,total_population_by_country,9501451.0
Israel,Middle East,Asia,None,total_population_by_country,9402617.0
Sierra Leone,West Africa,Africa,AFRICAN_UNION,total_population_by_country,9121049.0
Austria,Western Europe,Europe,EU,total_population_by_country,8967982.0
Switzerland,Western Europe,Europe,None,total_population_by_country,8860574.0
Laos,Southeast Asia,Asia,ASEAN,total_population_by_country,7953556.0
Paraguay,South America,South America,None,total_population_by_country,7522549.0
Libya,North Africa,Africa,"ARAB_LEAGUE, AFRICAN_UNION",total_population_by_country,7361263.0
Bulgaria,Eastern Europe,Europe,"NATO, EU",total_population_by_country,6782659.0
Nicaragua,Central America,North America,None,total_population_by_country,6676948.0
Serbia,Eastern Europe,Europe,None,total_population_by_country,6652212.0
El Salvador,Central America,North America,None,total_population_by_country,6628702.0
Eritrea,East Africa,Africa,AFRICAN_UNION,total_population_by_country,6343956.0
Kyrgyzstan,Central Asia,Asia,SCO,total_population_by_country,6172101.0
Republic of the Congo,Central Africa,Africa,AFRICAN_UNION,total_population_by_country,6097665.0
Singapore,Southeast Asia,Asia,ASEAN,total_population_by_country,6028459.0
Denmark,Northern Europe,Europe,"NATO, EU",total_population_by_country,5973136.0
Turkmenistan,Central Asia,Asia,None,total_population_by_country,5744151.0
Central African Republic,Central Africa,Africa,AFRICAN_UNION,total_population_by_country,5650957.0
Finland,Northern Europe,Europe,"NATO, EU",total_population_by_country,5626414.0
Slovakia,Eastern Europe,Europe,"NATO, EU",total_population_by_country,5563649.0
Norway,Northern Europe,Europe,NATO,total_population_by_country,5509733.0
Liberia,West Africa,Africa,AFRICAN_UNION,total_population_by_country,5437249.0
Lebanon,Middle East,Asia,ARAB_LEAGUE,total_population_by_country,5364482.0
Ireland,Western Europe,Europe,EU,total_population_by_country,5233461.0
New Zealand,Oceania,Oceania,FIVE_EYES,total_population_by_country,5161211.0
Georgia,Eastern Europe,Europe,None,total_population_by_country,4900961.0
Panama,Central America,North America,None,total_population_by_country,4470241.0
Mauritania,West Africa,Africa,"ARAB_LEAGUE, AFRICAN_UNION",total_population_by_country,4328040.0
Croatia,Southern Europe,Europe,"NATO, EU",total_population_by_country,4150116.0
Oman,Middle East,Asia,ARAB_LEAGUE,total_population_by_country,3901992.0
Bosnia and Herzegovina,Eastern Europe,Europe,None,total_population_by_country,3798671.0
Moldova,Eastern Europe,Europe,None,total_population_by_country,3599528.0
Uruguay,South America,South America,None,total_population_by_country,3425330.0
Mongolia,East Asia,Asia,None,total_population_by_country,3281676.0
Kuwait,Middle East,Asia,ARAB_LEAGUE,total_population_by_country,3138355.0
Albania,Southern Europe,Europe,NATO,total_population_by_country,3107100.0
Armenia,Eastern Europe,Europe,None,total_population_by_country,2976765.0
Namibia,Southern Africa,Africa,AFRICAN_UNION,total_population_by_country,2803660.0
Lithuania,Northern Europe,Europe,"NATO, EU",total_population_by_country,2628186.0
Qatar,Middle East,Asia,ARAB_LEAGUE,total_population_by_country,2552088.0
Gabon,Central Africa,Africa,AFRICAN_UNION,total_population_by_country,2455105.0
Botswana,Southern Africa,Africa,AFRICAN_UNION,total_population_by_country,2450668.0
North Macedonia,Eastern Europe,Europe,NATO,total_population_by_country,2135622.0
Slovenia,Southern Europe,Europe,"NATO, EU",total_population_by_country,2097893.0
Kosovo,Eastern Europe,Europe,None,total_population_by_country,1977093.0
Latvia,Northern Europe,Europe,"NATO, EU",total_population_by_country,1801246.0
Bahrain,Middle East,Asia,ARAB_LEAGUE,total_population_by_country,1566888.0
Estonia,Northern Europe,Europe,"NATO, EU",total_population_by_country,1193791.0
Bhutan,South Asia,Asia,None,total_population_by_country,884546.0
Luxembourg,Western Europe,Europe,"NATO, EU",total_population_by_country,671254.0
Suriname,South America,South America,None,total_population_by_country,646758.0
Montenegro,Southern Europe,Europe,NATO,total_population_by_country,599849.0
Beliz,Central America,North America,None,total_population_by_country,415789.0
Iceland,Northern Europe,Europe,NATO,total_population_by_country,364036.0
China,East Asia,Asia,"BRICS, SCO",active_military_manpower,2035000.0
India,South Asia,Asia,"BRICS, SCO",active_military_manpower,1455550.0
United States,North America,North America,"NATO, FIVE_EYES",active_military_manpower,1328000.0
Indonesia,Southeast Asia,Asia,ASEAN,active_military_manpower,400000.0
Pakistan,South Asia,Asia,SCO,active_military_manpower,654000.0
Nigeria,West Africa,Africa,AFRICAN_UNION,active_military_manpower,230000.0
Brazil,South America,South America,BRICS,active_military_manpower,360000.0
Bangladesh,South Asia,Asia,None,active_military_manpower,163000.0
Russia,Eastern Europe,Europe,"BRICS, SCO",active_military_manpower,1320000.0
Mexico,Central America,North America,None,active_military_manpower,412000.0
Japan,East Asia,Asia,None,active_military_manpower,247150.0
Ethiopia,East Africa,Africa,"BRICS, AFRICAN_UNION",active_military_manpower,162000.0
Philippines,Southeast Asia,Asia,ASEAN,active_military_manpower,150000.0
Democratic Republic of the Congo,Central Africa,Africa,AFRICAN_UNION,active_military_manpower,166580.0
Egypt,North Africa,Africa,"BRICS, ARAB_LEAGUE, AFRICAN_UNION",active_military_manpower,440000.0
Vietnam,Southeast Asia,Asia,ASEAN,active_military_manpower,600000.0
Iran,Middle East,Asia,"BRICS, SCO",active_military_manpower,610000.0
Turkiye,Middle East,Asia,NATO,active_military_manpower,355200.0
Germany,Western Europe,Europe,"NATO, EU",active_military_manpower,181600.0
Thailand,Southeast Asia,Asia,ASEAN,active_military_manpower,360850.0
United Kingdom,Western Europe,Europe,"NATO, FIVE_EYES",active_military_manpower,184860.0
France,Western Europe,Europe,"NATO, EU",active_military_manpower,200000.0
Tanzania,East Africa,Africa,AFRICAN_UNION,active_military_manpower,27000.0
Italy,Southern Europe,Europe,"NATO, EU",active_military_manpower,165500.0
South Africa,Southern Africa,Africa,"BRICS, AFRICAN_UNION",active_military_manpower,71235.0
Kenya,East Africa,Africa,AFRICAN_UNION,active_military_manpower,50000.0
Myanmar,Southeast Asia,Asia,ASEAN,active_military_manpower,150000.0
South Korea,East Asia,Asia,None,active_military_manpower,600000.0
Sudan,North Africa,Africa,"ARAB_LEAGUE, AFRICAN_UNION",active_military_manpower,92000.0
Colombia,South America,South America,None,active_military_manpower,293200.0
Uganda,East Africa,Africa,AFRICAN_UNION,active_military_manpower,45000.0
Spain,Southern Europe,Europe,"NATO, EU",active_military_manpower,133282.0
Algeria,North Africa,Africa,"ARAB_LEAGUE, AFRICAN_UNION",active_military_manpower,325000.0
Argentina,South America,South America,None,active_military_manpower,108000.0
Iraq,Middle East,Asia,ARAB_LEAGUE,active_military_manpower,193000.0
Afghanistan,South Asia,Asia,None,active_military_manpower,0.0
Canada,North America,North America,"NATO, FIVE_EYES",active_military_manpower,68000.0
Poland,Eastern Europe,Europe,"NATO, EU",active_military_manpower,202100.0
Morocco,North Africa,Africa,"ARAB_LEAGUE, AFRICAN_UNION",active_military_manpower,195800.0
Angola,Southern Africa,Africa,AFRICAN_UNION,active_military_manpower,107000.0
Saudi Arabia,Middle East,Asia,"BRICS, ARAB_LEAGUE",active_military_manpower,257000.0
Uzbekistan,Central Asia,Asia,SCO,active_military_manpower,48000.0
Ukraine,Eastern Europe,Europe,None,active_military_manpower,900000.0
Ghana,West Africa,Africa,AFRICAN_UNION,active_military_manpower,15500.0
Malaysia,Southeast Asia,Asia,ASEAN,active_military_manpower,113000.0
Mozambique,East Africa,Africa,AFRICAN_UNION,active_military_manpower,11200.0
Peru,South America,South America,None,active_military_manpower,120000.0
Yemen,Middle East,Asia,ARAB_LEAGUE,active_military_manpower,66700.0
Venezuela,South America,South America,None,active_military_manpower,109000.0
Nepal,South Asia,Asia,None,active_military_manpower,95000.0
Cameroon,Central Africa,Africa,AFRICAN_UNION,active_military_manpower,40000.0
Ivory Coast,West Africa,Africa,AFRICAN_UNION,active_military_manpower,22000.0
Madagascar,East Africa,Africa,AFRICAN_UNION,active_military_manpower,13500.0
Australia,Oceania,Oceania,FIVE_EYES,active_military_manpower,57350.0
Niger,West Africa,Africa,AFRICAN_UNION,active_military_manpower,25000.0
North Korea,East Asia,Asia,None,active_military_manpower,1320000.0
Syria,Middle East,Asia,ARAB_LEAGUE,active_military_manpower,170000.0
Taiwan,East Asia,Asia,None,active_military_manpower,215000.0
Burkina Faso,West Africa,Africa,AFRICAN_UNION,active_military_manpower,12000.0
Mali,West Africa,Africa,AFRICAN_UNION,active_military_manpower,40000.0
Sri Lanka,South Asia,Asia,None,active_military_manpower,346000.0
Zambia,Southern Africa,Africa,AFRICAN_UNION,active_military_manpower,15150.0
Kazakhstan,Central Asia,Asia,SCO,active_military_manpower,110000.0
Chad,Central Africa,Africa,AFRICAN_UNION,active_military_manpower,33250.0
Senegal,West Africa,Africa,AFRICAN_UNION,active_military_manpower,17000.0
Chile,South America,South America,None,active_military_manpower,80000.0
Ecuador,South America,South America,None,active_military_manpower,41250.0
Guatemala,Central America,North America,None,active_military_manpower,106114.0
Romania,Eastern Europe,Europe,"NATO, EU",active_military_manpower,81300.0
Netherlands,Western Europe,Europe,"NATO, EU",active_military_manpower,41380.0
Zimbabwe,Southern Africa,Africa,AFRICAN_UNION,active_military_manpower,29000.0
Cambodia,Southeast Asia,Asia,ASEAN,active_military_manpower,221000.0
Benin,West Africa,Africa,AFRICAN_UNION,active_military_manpower,4750.0
Somalia,East Africa,Africa,"ARAB_LEAGUE, AFRICAN_UNION",active_military_manpower,15000.0
South Sudan,East Africa,Africa,AFRICAN_UNION,active_military_manpower,185000.0
Bolivia,South America,South America,None,active_military_manpower,40000.0
Tunisia,North Africa,Africa,"ARAB_LEAGUE, AFRICAN_UNION",active_military_manpower,89800.0
Belgium,Western Europe,Europe,"NATO, EU",active_military_manpower,25000.0
Jordan,Middle East,Asia,ARAB_LEAGUE,active_military_manpower,100500.0
Cuba,Caribbean,North America,None,active_military_manpower,45500.0
Czechia,Eastern Europe,Europe,"NATO, EU",active_military_manpower,28000.0
Dominican Republic,Caribbean,North America,None,active_military_manpower,50000.0
Azerbaijan,Eastern Europe,Europe,None,active_military_manpower,126400.0
Portugal,Southern Europe,Europe,"NATO, EU",active_military_manpower,24000.0
Sweden,Northern Europe,Europe,"NATO, EU",active_military_manpower,24400.0
Greece,Southern Europe,Europe,"NATO, EU",active_military_manpower,142700.0
Tajikistan,Central Asia,Asia,SCO,active_military_manpower,9500.0
United Arab Emirates,Middle East,Asia,"BRICS, ARAB_LEAGUE",active_military_manpower,65000.0
Hungary,Eastern Europe,Europe,"NATO, EU",active_military_manpower,41600.0
Honduras,Central America,North America,None,active_military_manpower,52225.0
Belarus,Eastern Europe,Europe,SCO,active_military_manpower,63000.0
Israel,Middle East,Asia,None,active_military_manpower,170000.0
Sierra Leone,West Africa,Africa,AFRICAN_UNION,active_military_manpower,13000.0
Austria,Western Europe,Europe,EU,active_military_manpower,16000.0
Switzerland,Western Europe,Europe,None,active_military_manpower,101584.0
Laos,Southeast Asia,Asia,ASEAN,active_military_manpower,100000.0
Paraguay,South America,South America,None,active_military_manpower,15650.0
Libya,North Africa,Africa,"ARAB_LEAGUE, AFRICAN_UNION",active_military_manpower,32000.0
Bulgaria,Eastern Europe,Europe,"NATO, EU",active_military_manpower,37000.0
Nicaragua,Central America,North America,None,active_military_manpower,45000.0
Serbia,Eastern Europe,Europe,None,active_military_manpower,25000.0
El Salvador,Central America,North America,None,active_military_manpower,25000.0
Eritrea,East Africa,Africa,AFRICAN_UNION,active_military_manpower,120000.0
Kyrgyzstan,Central Asia,Asia,SCO,active_military_manpower,23000.0
Republic of the Congo,Central Africa,Africa,AFRICAN_UNION,active_military_manpower,8500.0
Singapore,Southeast Asia,Asia,ASEAN,active_military_manpower,51000.0
Denmark,Northern Europe,Europe,"NATO, EU",active_military_manpower,20000.0
Turkmenistan,Central Asia,Asia,None,active_military_manpower,36500.0
Central African Republic,Central Africa,Africa,AFRICAN_UNION,active_military_manpower,10000.0
Finland,Northern Europe,Europe,"NATO, EU",active_military_manpower,24000.0
Slovakia,Eastern Europe,Europe,"NATO, EU",active_military_manpower,19500.0
Norway,Northern Europe,Europe,NATO,active_military_manpower,23250.0
Liberia,West Africa,Africa,AFRICAN_UNION,active_military_manpower,1500.0
Lebanon,Middle East,Asia,ARAB_LEAGUE,active_military_manpower,60000.0
Ireland,Western Europe,Europe,EU,active_military_manpower,7765.0
New Zealand,Oceania,Oceania,FIVE_EYES,active_military_manpower,8670.0
Georgia,Eastern Europe,Europe,None,active_military_manpower,55000.0
Panama,Central America,North America,None,active_military_manpower,0.0
Mauritania,West Africa,Africa,"ARAB_LEAGUE, AFRICAN_UNION",active_military_manpower,31540.0
Croatia,Southern Europe,Europe,"NATO, EU",active_military_manpower,14325.0
Oman,Middle East,Asia,ARAB_LEAGUE,active_military_manpower,42600.0
Bosnia and Herzegovina,Eastern Europe,Europe,None,active_military_manpower,12770.0
Moldova,Eastern Europe,Europe,None,active_military_manpower,8500.0
Uruguay,South America,South America,None,active_military_manpower,25000.0
Mongolia,East Asia,Asia,None,active_military_manpower,35000.0
Kuwait,Middle East,Asia,ARAB_LEAGUE,active_military_manpower,72000.0
Albania,Southern Europe,Europe,NATO,active_military_manpower,6600.0
Armenia,Eastern Europe,Europe,None,active_military_manpower,57500.0
Namibia,Southern Africa,Africa,AFRICAN_UNION,active_military_manpower,13000.0
Lithuania,Northern Europe,Europe,"NATO, EU",active_military_manpower,23000.0
Qatar,Middle East,Asia,ARAB_LEAGUE,active_military_manpower,66550.0
Gabon,Central Africa,Africa,AFRICAN_UNION,active_military_manpower,4800.0
Botswana,Southern Africa,Africa,AFRICAN_UNION,active_military_manpower,21000.0
North Macedonia,Eastern Europe,Europe,NATO,active_military_manpower,9000.0
Slovenia,Southern Europe,Europe,"NATO, EU",active_military_manpower,7300.0
Kosovo,Eastern Europe,Europe,None,active_military_manpower,10000.0
Latvia,Northern Europe,Europe,"NATO, EU",active_military_manpower,17250.0
Bahrain,Middle East,Asia,ARAB_LEAGUE,active_military_manpower,18400.0
Estonia,Northern Europe,Europe,"NATO, EU",active_military_manpower,7700.0
Bhutan,South Asia,Asia,None,active_military_manpower,7500.0
Luxembourg,Western Europe,Europe,"NATO, EU",active_military_manpower,1000.0
Suriname,South America,South America,None,active_military_manpower,2000.0
Montenegro,Southern Europe,Europe,NATO,active_military_manpower,2350.0
Beliz,Central America,North America,None,active_military_manpower,1650.0
Iceland,Northern Europe,Europe,NATO,active_military_manpower,0.0
China,East Asia,Asia,"BRICS, SCO",aircraft_total,3309.0
India,South Asia,Asia,"BRICS, SCO",aircraft_total,2229.0
United States,North America,North America,"NATO, FIVE_EYES",aircraft_total,13043.0
Indonesia,Southeast Asia,Asia,ASEAN,aircraft_total,459.0
Pakistan,South Asia,Asia,SCO,aircraft_total,1399.0
Nigeria,West Africa,Africa,AFRICAN_UNION,aircraft_total,163.0
Brazil,South America,South America,BRICS,aircraft_total,513.0
Bangladesh,South Asia,Asia,None,aircraft_total,214.0
Russia,Eastern Europe,Europe,"BRICS, SCO",aircraft_total,4292.0
Mexico,Central America,North America,None,aircraft_total,433.0
Japan,East Asia,Asia,None,aircraft_total,1443.0
Ethiopia,East Africa,Africa,"BRICS, AFRICAN_UNION",aircraft_total,103.0
Philippines,Southeast Asia,Asia,ASEAN,aircraft_total,202.0
Democratic Republic of the Congo,Central Africa,Africa,AFRICAN_UNION,aircraft_total,46.0
Egypt,North Africa,Africa,"BRICS, ARAB_LEAGUE, AFRICAN_UNION",aircraft_total,1093.0
Vietnam,Southeast Asia,Asia,ASEAN,aircraft_total,246.0
Iran,Middle East,Asia,"BRICS, SCO",aircraft_total,551.0
Turkiye,Middle East,Asia,NATO,aircraft_total,1083.0
Germany,Western Europe,Europe,"NATO, EU",aircraft_total,584.0
Thailand,Southeast Asia,Asia,ASEAN,aircraft_total,493.0
United Kingdom,Western Europe,Europe,"NATO, FIVE_EYES",aircraft_total,631.0
France,Western Europe,Europe,"NATO, EU",aircraft_total,976.0
Tanzania,East Africa,Africa,AFRICAN_UNION,aircraft_total,39.0
Italy,Southern Europe,Europe,"NATO, EU",aircraft_total,729.0
South Africa,Southern Africa,Africa,"BRICS, AFRICAN_UNION",aircraft_total,182.0
Kenya,East Africa,Africa,AFRICAN_UNION,aircraft_total,156.0
Myanmar,Southeast Asia,Asia,ASEAN,aircraft_total,317.0
South Korea,East Asia,Asia,None,aircraft_total,1592.0
Sudan,North Africa,Africa,"ARAB_LEAGUE, AFRICAN_UNION",aircraft_total,165.0
Colombia,South America,South America,None,aircraft_total,436.0
Uganda,East Africa,Africa,AFRICAN_UNION,aircraft_total,51.0
Spain,Southern Europe,Europe,"NATO, EU",aircraft_total,461.0
Algeria,North Africa,Africa,"ARAB_LEAGUE, AFRICAN_UNION",aircraft_total,608.0
Argentina,South America,South America,None,aircraft_total,239.0
Iraq,Middle East,Asia,ARAB_LEAGUE,aircraft_total,391.0
Afghanistan,South Asia,Asia,None,aircraft_total,9.0
Canada,North America,North America,"NATO, FIVE_EYES",aircraft_total,351.0
Poland,Eastern Europe,Europe,"NATO, EU",aircraft_total,479.0
Morocco,North Africa,Africa,"ARAB_LEAGUE, AFRICAN_UNION",aircraft_total,260.0
Angola,Southern Africa,Africa,AFRICAN_UNION,aircraft_total,298.0
Saudi Arabia,Middle East,Asia,"BRICS, ARAB_LEAGUE",aircraft_total,917.0
Uzbekistan,Central Asia,Asia,SCO,aircraft_total,192.0
Ukraine,Eastern Europe,Europe,None,aircraft_total,324.0
Ghana,West Africa,Africa,AFRICAN_UNION,aircraft_total,19.0
Malaysia,Southeast Asia,Asia,ASEAN,aircraft_total,135.0
Mozambique,East Africa,Africa,AFRICAN_UNION,aircraft_total,22.0
Peru,South America,South America,None,aircraft_total,256.0
Yemen,Middle East,Asia,ARAB_LEAGUE,aircraft_total,84.0
Venezuela,South America,South America,None,aircraft_total,229.0
Nepal,South Asia,Asia,None,aircraft_total,15.0
Cameroon,Central Africa,Africa,AFRICAN_UNION,aircraft_total,35.0
Ivory Coast,West Africa,Africa,AFRICAN_UNION,aircraft_total,19.0
Madagascar,East Africa,Africa,AFRICAN_UNION,aircraft_total,5.0
Australia,Oceania,Oceania,FIVE_EYES,aircraft_total,327.0
Niger,West Africa,Africa,AFRICAN_UNION,aircraft_total,26.0
North Korea,East Asia,Asia,None,aircraft_total,861.0
Syria,Middle East,Asia,ARAB_LEAGUE,aircraft_total,207.0
Taiwan,East Asia,Asia,None,aircraft_total,761.0
Burkina Faso,West Africa,Africa,AFRICAN_UNION,aircraft_total,25.0
Mali,West Africa,Africa,AFRICAN_UNION,aircraft_total,43.0
Sri Lanka,South Asia,Asia,None,aircraft_total,85.0
Zambia,Southern Africa,Africa,AFRICAN_UNION,aircraft_total,77.0
Kazakhstan,Central Asia,Asia,SCO,aircraft_total,198.0
Chad,Central Africa,Africa,AFRICAN_UNION,aircraft_total,40.0
Senegal,West Africa,Africa,AFRICAN_UNION,aircraft_total,40.0
Chile,South America,South America,None,aircraft_total,277.0
Ecuador,South America,South America,None,aircraft_total,102.0
Guatemala,Central America,North America,None,aircraft_total,36.0
Romania,Eastern Europe,Europe,"NATO, EU",aircraft_total,140.0
Netherlands,Western Europe,Europe,"NATO, EU",aircraft_total,120.0
Zimbabwe,Southern Africa,Africa,AFRICAN_UNION,aircraft_total,95.0
Cambodia,Southeast Asia,Asia,ASEAN,aircraft_total,25.0
Benin,West Africa,Africa,AFRICAN_UNION,aircraft_total,5.0
Somalia,East Africa,Africa,"ARAB_LEAGUE, AFRICAN_UNION",aircraft_total,0.0
South Sudan,East Africa,Africa,AFRICAN_UNION,aircraft_total,20.0
Bolivia,South America,South America,None,aircraft_total,64.0
Tunisia,North Africa,Africa,"ARAB_LEAGUE, AFRICAN_UNION",aircraft_total,154.0
Belgium,Western Europe,Europe,"NATO, EU",aircraft_total,108.0
Jordan,Middle East,Asia,ARAB_LEAGUE,aircraft_total,274.0
Cuba,Caribbean,North America,None,aircraft_total,31.0
Czechia,Eastern Europe,Europe,"NATO, EU",aircraft_total,99.0
Dominican Republic,Caribbean,North America,None,aircraft_total,79.0
Azerbaijan,Eastern Europe,Europe,None,aircraft_total,154.0
Portugal,Southern Europe,Europe,"NATO, EU",aircraft_total,115.0
Sweden,Northern Europe,Europe,"NATO, EU",aircraft_total,169.0
Greece,Southern Europe,Europe,"NATO, EU",aircraft_total,558.0
Tajikistan,Central Asia,Asia,SCO,aircraft_total,25.0
United Arab Emirates,Middle East,Asia,"BRICS, ARAB_LEAGUE",aircraft_total,551.0
Hungary,Eastern Europe,Europe,"NATO, EU",aircraft_total,69.0
Honduras,Central America,North America,None,aircraft_total,40.0
Belarus,Eastern Europe,Europe,SCO,aircraft_total,185.0
Israel,Middle East,Asia,None,aircraft_total,611.0
Sierra Leone,West Africa,Africa,AFRICAN_UNION,aircraft_total,1.0
Austria,Western Europe,Europe,EU,aircraft_total,85.0
Switzerland,Western Europe,Europe,None,aircraft_total,146.0
Laos,Southeast Asia,Asia,ASEAN,aircraft_total,33.0
Paraguay,South America,South America,None,aircraft_total,39.0
Libya,North Africa,Africa,"ARAB_LEAGUE, AFRICAN_UNION",aircraft_total,143.0
Bulgaria,Eastern Europe,Europe,"NATO, EU",aircraft_total,65.0
Nicaragua,Central America,North America,None,aircraft_total,17.0
Serbia,Eastern Europe,Europe,None,aircraft_total,110.0
El Salvador,Central America,North America,None,aircraft_total,52.0
Eritrea,East Africa,Africa,AFRICAN_UNION,aircraft_total,20.0
Kyrgyzstan,Central Asia,Asia,SCO,aircraft_total,7.0
Republic of the Congo,Central Africa,Africa,AFRICAN_UNION,aircraft_total,13.0
Singapore,Southeast Asia,Asia,ASEAN,aircraft_total,230.0
Denmark,Northern Europe,Europe,"NATO, EU",aircraft_total,117.0
Turkmenistan,Central Asia,Asia,None,aircraft_total,91.0
Central African Republic,Central Africa,Africa,AFRICAN_UNION,aircraft_total,6.0
Finland,Northern Europe,Europe,"NATO, EU",aircraft_total,163.0
Slovakia,Eastern Europe,Europe,"NATO, EU",aircraft_total,41.0
Norway,Northern Europe,Europe,NATO,aircraft_total,97.0
Liberia,West Africa,Africa,AFRICAN_UNION,aircraft_total,0.0
Lebanon,Middle East,Asia,ARAB_LEAGUE,aircraft_total,80.0
Ireland,Western Europe,Europe,EU,aircraft_total,22.0
New Zealand,Oceania,Oceania,FIVE_EYES,aircraft_total,48.0
Georgia,Eastern Europe,Europe,None,aircraft_total,61.0
Panama,Central America,North America,None,aircraft_total,38.0
Mauritania,West Africa,Africa,"ARAB_LEAGUE, AFRICAN_UNION",aircraft_total,24.0
Croatia,Southern Europe,Europe,"NATO, EU",aircraft_total,67.0
Oman,Middle East,Asia,ARAB_LEAGUE,aircraft_total,128.0
Bosnia and Herzegovina,Eastern Europe,Europe,None,aircraft_total,22.0
Moldova,Eastern Europe,Europe,None,aircraft_total,3.0
Uruguay,South America,South America,None,aircraft_total,43.0
Mongolia,East Asia,Asia,None,aircraft_total,7.0
Kuwait,Middle East,Asia,ARAB_LEAGUE,aircraft_total,128.0
Albania,Southern Europe,Europe,NATO,aircraft_total,19.0
Armenia,Eastern Europe,Europe,None,aircraft_total,71.0
Namibia,Southern Africa,Africa,AFRICAN_UNION,aircraft_total,34.0
Lithuania,Northern Europe,Europe,"NATO, EU",aircraft_total,9.0
Qatar,Middle East,Asia,ARAB_LEAGUE,aircraft_total,251.0
Gabon,Central Africa,Africa,AFRICAN_UNION,aircraft_total,24.0
Botswana,Southern Africa,Africa,AFRICAN_UNION,aircraft_total,45.0
North Macedonia,Eastern Europe,Europe,NATO,aircraft_total,20.0
Slovenia,Southern Europe,Europe,"NATO, EU",aircraft_total,39.0
Kosovo,Eastern Europe,Europe,None,aircraft_total,0.0
Latvia,Northern Europe,Europe,"NATO, EU",aircraft_total,7.0
Bahrain,Middle East,Asia,ARAB_LEAGUE,aircraft_total,132.0
Estonia,Northern Europe,Europe,"NATO, EU",aircraft_total,5.0
Bhutan,South Asia,Asia,None,aircraft_total,2.0
Luxembourg,Western Europe,Europe,"NATO, EU",aircraft_total,1.0
Suriname,South America,South America,None,aircraft_total,3.0
Montenegro,Southern Europe,Europe,NATO,aircraft_total,11.0
Beliz,Central America,North America,None,aircraft_total,3.0
Iceland,Northern Europe,Europe,NATO,aircraft_total,0.0
China,East Asia,Asia,"BRICS, SCO",armor_tanks_total,6800.0
India,South Asia,Asia,"BRICS, SCO",armor_tanks_total,4201.0
United States,North America,North America,"NATO, FIVE_EYES",armor_tanks_total,4640.0
Indonesia,Southeast Asia,Asia,ASEAN,armor_tanks_total,331.0
Pakistan,South Asia,Asia,SCO,armor_tanks_total,2627.0
Nigeria,West Africa,Africa,AFRICAN_UNION,armor_tanks_total,330.0
Brazil,South America,South America,BRICS,armor_tanks_total,294.0
Bangladesh,South Asia,Asia,None,armor_tanks_total,320.0
Russia,Eastern Europe,Europe,"BRICS, SCO",armor_tanks_total,5750.0
Mexico,Central America,North America,None,armor_tanks_total,0.0
Japan,East Asia,Asia,None,armor_tanks_total,521.0
Ethiopia,East Africa,Africa,"BRICS, AFRICAN_UNION",armor_tanks_total,338.0
Philippines,Southeast Asia,Asia,ASEAN,armor_tanks_total,10.0
Democratic Republic of the Congo,Central Africa,Africa,AFRICAN_UNION,armor_tanks_total,105.0
Egypt,North Africa,Africa,"BRICS, ARAB_LEAGUE, AFRICAN_UNION",armor_tanks_total,3620.0
Vietnam,Southeast Asia,Asia,ASEAN,armor_tanks_total,1374.0
Iran,Middle East,Asia,"BRICS, SCO",armor_tanks_total,1713.0
Turkiye,Middle East,Asia,NATO,armor_tanks_total,2238.0
Germany,Western Europe,Europe,"NATO, EU",armor_tanks_total,296.0
Thailand,Southeast Asia,Asia,ASEAN,armor_tanks_total,635.0
United Kingdom,Western Europe,Europe,"NATO, FIVE_EYES",armor_tanks_total,227.0
France,Western Europe,Europe,"NATO, EU",armor_tanks_total,215.0
Tanzania,East Africa,Africa,AFRICAN_UNION,armor_tanks_total,62.0
Italy,Southern Europe,Europe,"NATO, EU",armor_tanks_total,200.0
South Africa,Southern Africa,Africa,"BRICS, AFRICAN_UNION",armor_tanks_total,252.0
Kenya,East Africa,Africa,AFRICAN_UNION,armor_tanks_total,188.0
Myanmar,Southeast Asia,Asia,ASEAN,armor_tanks_total,445.0
South Korea,East Asia,Asia,None,armor_tanks_total,2236.0
Sudan,North Africa,Africa,"ARAB_LEAGUE, AFRICAN_UNION",armor_tanks_total,224.0
Colombia,South America,South America,None,armor_tanks_total,0.0
Uganda,East Africa,Africa,AFRICAN_UNION,armor_tanks_total,259.0
Spain,Southern Europe,Europe,"NATO, EU",armor_tanks_total,317.0
Algeria,North Africa,Africa,"ARAB_LEAGUE, AFRICAN_UNION",armor_tanks_total,1485.0
Argentina,South America,South America,None,armor_tanks_total,342.0
Iraq,Middle East,Asia,ARAB_LEAGUE,armor_tanks_total,1025.0
Afghanistan,South Asia,Asia,None,armor_tanks_total,0.0
Canada,North America,North America,"NATO, FIVE_EYES",armor_tanks_total,74.0
Poland,Eastern Europe,Europe,"NATO, EU",armor_tanks_total,614.0
Morocco,North Africa,Africa,"ARAB_LEAGUE, AFRICAN_UNION",armor_tanks_total,903.0
Angola,Southern Africa,Africa,AFRICAN_UNION,armor_tanks_total,309.0
Saudi Arabia,Middle East,Asia,"BRICS, ARAB_LEAGUE",armor_tanks_total,840.0
Uzbekistan,Central Asia,Asia,SCO,armor_tanks_total,340.0
Ukraine,Eastern Europe,Europe,None,armor_tanks_total,1114.0
Ghana,West Africa,Africa,AFRICAN_UNION,armor_tanks_total,0.0
Malaysia,Southeast Asia,Asia,ASEAN,armor_tanks_total,48.0
Mozambique,East Africa,Africa,AFRICAN_UNION,armor_tanks_total,30.0
Peru,South America,South America,None,armor_tanks_total,240.0
Yemen,Middle East,Asia,ARAB_LEAGUE,armor_tanks_total,0.0
Venezuela,South America,South America,None,armor_tanks_total,172.0
Nepal,South Asia,Asia,None,armor_tanks_total,0.0
Cameroon,Central Africa,Africa,AFRICAN_UNION,armor_tanks_total,0.0
Ivory Coast,West Africa,Africa,AFRICAN_UNION,armor_tanks_total,5.0
Madagascar,East Africa,Africa,AFRICAN_UNION,armor_tanks_total,6.0
Australia,Oceania,Oceania,FIVE_EYES,armor_tanks_total,59.0
Niger,West Africa,Africa,AFRICAN_UNION,armor_tanks_total,0.0
North Korea,East Asia,Asia,None,armor_tanks_total,4344.0
Syria,Middle East,Asia,ARAB_LEAGUE,armor_tanks_total,365.0
Taiwan,East Asia,Asia,None,armor_tanks_total,888.0
Burkina Faso,West Africa,Africa,AFRICAN_UNION,armor_tanks_total,0.0
Mali,West Africa,Africa,AFRICAN_UNION,armor_tanks_total,10.0
Sri Lanka,South Asia,Asia,None,armor_tanks_total,44.0
Zambia,Southern Africa,Africa,AFRICAN_UNION,armor_tanks_total,35.0
Kazakhstan,Central Asia,Asia,SCO,armor_tanks_total,350.0
Chad,Central Africa,Africa,AFRICAN_UNION,armor_tanks_total,90.0
Senegal,West Africa,Africa,AFRICAN_UNION,armor_tanks_total,0.0
Chile,South America,South America,None,armor_tanks_total,386.0
Ecuador,South America,South America,None,armor_tanks_total,54.0
Guatemala,Central America,North America,None,armor_tanks_total,5.0
Romania,Eastern Europe,Europe,"NATO, EU",armor_tanks_total,328.0
Netherlands,Western Europe,Europe,"NATO, EU",armor_tanks_total,18.0
Zimbabwe,Southern Africa,Africa,AFRICAN_UNION,armor_tanks_total,15.0
Cambodia,Southeast Asia,Asia,ASEAN,armor_tanks_total,644.0
Benin,West Africa,Africa,AFRICAN_UNION,armor_tanks_total,0.0
Somalia,East Africa,Africa,"ARAB_LEAGUE, AFRICAN_UNION",armor_tanks_total,0.0
South Sudan,East Africa,Africa,AFRICAN_UNION,armor_tanks_total,30.0
Bolivia,South America,South America,None,armor_tanks_total,54.0
Tunisia,North Africa,Africa,"ARAB_LEAGUE, AFRICAN_UNION",armor_tanks_total,90.0
Belgium,Western Europe,Europe,"NATO, EU",armor_tanks_total,0.0
Jordan,Middle East,Asia,ARAB_LEAGUE,armor_tanks_total,1458.0
Cuba,Caribbean,North America,None,armor_tanks_total,113.0
Czechia,Eastern Europe,Europe,"NATO, EU",armor_tanks_total,43.0
Dominican Republic,Caribbean,North America,None,armor_tanks_total,5.0
Azerbaijan,Eastern Europe,Europe,None,armor_tanks_total,497.0
Portugal,Southern Europe,Europe,"NATO, EU",armor_tanks_total,34.0
Sweden,Northern Europe,Europe,"NATO, EU",armor_tanks_total,110.0
Greece,Southern Europe,Europe,"NATO, EU",armor_tanks_total,1344.0
Tajikistan,Central Asia,Asia,SCO,armor_tanks_total,38.0
United Arab Emirates,Middle East,Asia,"BRICS, ARAB_LEAGUE",armor_tanks_total,354.0
Hungary,Eastern Europe,Europe,"NATO, EU",armor_tanks_total,209.0
Honduras,Central America,North America,None,armor_tanks_total,11.0
Belarus,Eastern Europe,Europe,SCO,armor_tanks_total,507.0
Israel,Middle East,Asia,None,armor_tanks_total,1300.0
Sierra Leone,West Africa,Africa,AFRICAN_UNION,armor_tanks_total,0.0
Austria,Western Europe,Europe,EU,armor_tanks_total,56.0
Switzerland,Western Europe,Europe,None,armor_tanks_total,205.0
Laos,Southeast Asia,Asia,ASEAN,armor_tanks_total,160.0
Paraguay,South America,South America,None,armor_tanks_total,0.0
Libya,North Africa,Africa,"ARAB_LEAGUE, AFRICAN_UNION",armor_tanks_total,43.0
Bulgaria,Eastern Europe,Europe,"NATO, EU",armor_tanks_total,90.0
Nicaragua,Central America,North America,None,armor_tanks_total,89.0
Serbia,Eastern Europe,Europe,None,armor_tanks_total,262.0
El Salvador,Central America,North America,None,armor_tanks_total,0.0
Eritrea,East Africa,Africa,AFRICAN_UNION,armor_tanks_total,65.0
Kyrgyzstan,Central Asia,Asia,SCO,armor_tanks_total,215.0
Republic of the Congo,Central Africa,Africa,AFRICAN_UNION,armor_tanks_total,30.0
Singapore,Southeast Asia,Asia,ASEAN,armor_tanks_total,170.0
Denmark,Northern Europe,Europe,"NATO, EU",armor_tanks_total,44.0
Turkmenistan,Central Asia,Asia,None,armor_tanks_total,654.0
Central African Republic,Central Africa,Africa,AFRICAN_UNION,armor_tanks_total,0.0
Finland,Northern Europe,Europe,"NATO, EU",armor_tanks_total,200.0
Slovakia,Eastern Europe,Europe,"NATO, EU",armor_tanks_total,45.0
Norway,Northern Europe,Europe,NATO,armor_tanks_total,44.0
Liberia,West Africa,Africa,AFRICAN_UNION,armor_tanks_total,0.0
Lebanon,Middle East,Asia,ARAB_LEAGUE,armor_tanks_total,116.0
Ireland,Western Europe,Europe,EU,armor_tanks_total,0.0
New Zealand,Oceania,Oceania,FIVE_EYES,armor_tanks_total,0.0
Georgia,Eastern Europe,Europe,None,armor_tanks_total,123.0
Panama,Central America,North America,None,armor_tanks_total,0.0
Mauritania,West Africa,Africa,"ARAB_LEAGUE, AFRICAN_UNION",armor_tanks_total,25.0
Croatia,Southern Europe,Europe,"NATO, EU",armor_tanks_total,45.0
Oman,Middle East,Asia,ARAB_LEAGUE,armor_tanks_total,150.0
Bosnia and Herzegovina,Eastern Europe,Europe,None,armor_tanks_total,45.0
Moldova,Eastern Europe,Europe,None,armor_tanks_total,0.0
Uruguay,South America,South America,None,armor_tanks_total,31.0
Mongolia,East Asia,Asia,None,armor_tanks_total,420.0
Kuwait,Middle East,Asia,ARAB_LEAGUE,armor_tanks_total,367.0
Albania,Southern Europe,Europe,NATO,armor_tanks_total,46.0
Armenia,Eastern Europe,Europe,None,armor_tanks_total,109.0
Namibia,Southern Africa,Africa,AFRICAN_UNION,armor_tanks_total,4.0
Lithuania,Northern Europe,Europe,"NATO, EU",armor_tanks_total,0.0
Qatar,Middle East,Asia,ARAB_LEAGUE,armor_tanks_total,99.0
Gabon,Central Africa,Africa,AFRICAN_UNION,armor_tanks_total,0.0
Botswana,Southern Africa,Africa,AFRICAN_UNION,armor_tanks_total,45.0
North Macedonia,Eastern Europe,Europe,NATO,armor_tanks_total,20.0
Slovenia,Southern Europe,Europe,"NATO, EU",armor_tanks_total,54.0
Kosovo,Eastern Europe,Europe,None,armor_tanks_total,0.0
Latvia,Northern Europe,Europe,"NATO, EU",armor_tanks_total,0.0
Bahrain,Middle East,Asia,ARAB_LEAGUE,armor_tanks_total,150.0
Estonia,Northern Europe,Europe,"NATO, EU",armor_tanks_total,0.0
Bhutan,South Asia,Asia,None,armor_tanks_total,0.0
Luxembourg,Western Europe,Europe,"NATO, EU",armor_tanks_total,0.0
Suriname,South America,South America,None,armor_tanks_total,0.0
Montenegro,Southern Europe,Europe,NATO,armor_tanks_total,0.0
Beliz,Central America,North America,None,armor_tanks_total,0.0
Iceland,Northern Europe,Europe,NATO,armor_tanks_total,0.0
China,East Asia,Asia,"BRICS, SCO",navy_ships,754.0
India,South Asia,Asia,"BRICS, SCO",navy_ships,293.0
United States,North America,North America,"NATO, FIVE_EYES",navy_ships,440.0
Indonesia,Southeast Asia,Asia,ASEAN,navy_ships,331.0
Pakistan,South Asia,Asia,SCO,navy_ships,121.0
Nigeria,West Africa,Africa,AFRICAN_UNION,navy_ships,133.0
Brazil,South America,South America,BRICS,navy_ships,64.0
Bangladesh,South Asia,Asia,None,navy_ships,118.0
Russia,Eastern Europe,Europe,"BRICS, SCO",navy_ships,419.0
Mexico,Central America,North America,None,navy_ships,167.0
Japan,East Asia,Asia,None,navy_ships,159.0
Ethiopia,East Africa,Africa,"BRICS, AFRICAN_UNION",navy_ships,0.0
Philippines,Southeast Asia,Asia,ASEAN,navy_ships,113.0
Democratic Republic of the Congo,Central Africa,Africa,AFRICAN_UNION,navy_ships,16.0
Egypt,North Africa,Africa,"BRICS, ARAB_LEAGUE, AFRICAN_UNION",navy_ships,150.0
Vietnam,Southeast Asia,Asia,ASEAN,navy_ships,110.0
Iran,Middle East,Asia,"BRICS, SCO",navy_ships,107.0
Turkiye,Middle East,Asia,NATO,navy_ships,182.0
Germany,Western Europe,Europe,"NATO, EU",navy_ships,61.0
Thailand,Southeast Asia,Asia,ASEAN,navy_ships,293.0
United Kingdom,Western Europe,Europe,"NATO, FIVE_EYES",navy_ships,109.0
France,Western Europe,Europe,"NATO, EU",navy_ships,129.0
Tanzania,East Africa,Africa,AFRICAN_UNION,navy_ships,12.0
Italy,Southern Europe,Europe,"NATO, EU",navy_ships,196.0
South Africa,Southern Africa,Africa,"BRICS, AFRICAN_UNION",navy_ships,49.0
Kenya,East Africa,Africa,AFRICAN_UNION,navy_ships,23.0
Myanmar,Southeast Asia,Asia,ASEAN,navy_ships,232.0
South Korea,East Asia,Asia,None,navy_ships,227.0
Sudan,North Africa,Africa,"ARAB_LEAGUE, AFRICAN_UNION",navy_ships,6.0
Colombia,South America,South America,None,navy_ships,233.0
Uganda,East Africa,Africa,AFRICAN_UNION,navy_ships,0.0
Spain,Southern Europe,Europe,"NATO, EU",navy_ships,152.0
Algeria,North Africa,Africa,"ARAB_LEAGUE, AFRICAN_UNION",navy_ships,110.0
Argentina,South America,South America,None,navy_ships,44.0
Iraq,Middle East,Asia,ARAB_LEAGUE,navy_ships,68.0
Afghanistan,South Asia,Asia,None,navy_ships,0.0
Canada,North America,North America,"NATO, FIVE_EYES",navy_ships,73.0
Poland,Eastern Europe,Europe,"NATO, EU",navy_ships,62.0
Morocco,North Africa,Africa,"ARAB_LEAGUE, AFRICAN_UNION",navy_ships,111.0
Angola,Southern Africa,Africa,AFRICAN_UNION,navy_ships,31.0
Saudi Arabia,Middle East,Asia,"BRICS, ARAB_LEAGUE",navy_ships,32.0
Uzbekistan,Central Asia,Asia,SCO,navy_ships,0.0
Ukraine,Eastern Europe,Europe,None,navy_ships,89.0
Ghana,West Africa,Africa,AFRICAN_UNION,navy_ships,28.0
Malaysia,Southeast Asia,Asia,ASEAN,navy_ships,100.0
Mozambique,East Africa,Africa,AFRICAN_UNION,navy_ships,33.0
Peru,South America,South America,None,navy_ships,71.0
Yemen,Middle East,Asia,ARAB_LEAGUE,navy_ships,33.0
Venezuela,South America,South America,None,navy_ships,34.0
Nepal,South Asia,Asia,None,navy_ships,0.0
Cameroon,Central Africa,Africa,AFRICAN_UNION,navy_ships,51.0
Ivory Coast,West Africa,Africa,AFRICAN_UNION,navy_ships,3.0
Madagascar,East Africa,Africa,AFRICAN_UNION,navy_ships,6.0
Australia,Oceania,Oceania,FIVE_EYES,navy_ships,44.0
Niger,West Africa,Africa,AFRICAN_UNION,navy_ships,0.0
North Korea,East Asia,Asia,None,navy_ships,207.0
Syria,Middle East,Asia,ARAB_LEAGUE,navy_ships,27.0
Taiwan,East Asia,Asia,None,navy_ships,97.0
Burkina Faso,West Africa,Africa,AFRICAN_UNION,navy_ships,0.0
Mali,West Africa,Africa,AFRICAN_UNION,navy_ships,0.0
Sri Lanka,South Asia,Asia,None,navy_ships,270.0
Zambia,Southern Africa,Africa,AFRICAN_UNION,navy_ships,0.0
Kazakhstan,Central Asia,Asia,SCO,navy_ships,26.0
Chad,Central Africa,Africa,AFRICAN_UNION,navy_ships,0.0
Senegal,West Africa,Africa,AFRICAN_UNION,navy_ships,4.0
Chile,South America,South America,None,navy_ships,130.0
Ecuador,South America,South America,None,navy_ships,30.0
Guatemala,Central America,North America,None,navy_ships,25.0
Romania,Eastern Europe,Europe,"NATO, EU",navy_ships,20.0
Netherlands,Western Europe,Europe,"NATO, EU",navy_ships,64.0
Zimbabwe,Southern Africa,Africa,AFRICAN_UNION,navy_ships,0.0
Cambodia,Southeast Asia,Asia,ASEAN,navy_ships,20.0
Benin,West Africa,Africa,AFRICAN_UNION,navy_ships,2.0
Somalia,East Africa,Africa,"ARAB_LEAGUE, AFRICAN_UNION",navy_ships,10.0
South Sudan,East Africa,Africa,AFRICAN_UNION,navy_ships,0.0
Bolivia,South America,South America,None,navy_ships,67.0
Tunisia,North Africa,Africa,"ARAB_LEAGUE, AFRICAN_UNION",navy_ships,58.0
Belgium,Western Europe,Europe,"NATO, EU",navy_ships,9.0
Jordan,Middle East,Asia,ARAB_LEAGUE,navy_ships,27.0
Cuba,Caribbean,North America,None,navy_ships,19.0
Czechia,Eastern Europe,Europe,"NATO, EU",navy_ships,0.0
Dominican Republic,Caribbean,North America,None,navy_ships,34.0
Azerbaijan,Eastern Europe,Europe,None,navy_ships,38.0
Portugal,Southern Europe,Europe,"NATO, EU",navy_ships,194.0
Sweden,Northern Europe,Europe,"NATO, EU",navy_ships,308.0
Greece,Southern Europe,Europe,"NATO, EU",navy_ships,192.0
Tajikistan,Central Asia,Asia,SCO,navy_ships,0.0
United Arab Emirates,Middle East,Asia,"BRICS, ARAB_LEAGUE",navy_ships,181.0
Hungary,Eastern Europe,Europe,"NATO, EU",navy_ships,0.0
Honduras,Central America,North America,None,navy_ships,98.0
Belarus,Eastern Europe,Europe,SCO,navy_ships,0.0
Israel,Middle East,Asia,None,navy_ships,62.0
Sierra Leone,West Africa,Africa,AFRICAN_UNION,navy_ships,7.0
Austria,Western Europe,Europe,EU,navy_ships,0.0
Switzerland,Western Europe,Europe,None,navy_ships,0.0
Laos,Southeast Asia,Asia,ASEAN,navy_ships,36.0
Paraguay,South America,South America,None,navy_ships,72.0
Libya,North Africa,Africa,"ARAB_LEAGUE, AFRICAN_UNION",navy_ships,5.0
Bulgaria,Eastern Europe,Europe,"NATO, EU",navy_ships,36.0
Nicaragua,Central America,North America,None,navy_ships,23.0
Serbia,Eastern Europe,Europe,None,navy_ships,20.0
El Salvador,Central America,North America,None,navy_ships,14.0
Eritrea,East Africa,Africa,AFRICAN_UNION,navy_ships,23.0
Kyrgyzstan,Central Asia,Asia,SCO,navy_ships,0.0
Republic of the Congo,Central Africa,Africa,AFRICAN_UNION,navy_ships,4.0
Singapore,Southeast Asia,Asia,ASEAN,navy_ships,50.0
Denmark,Northern Europe,Europe,"NATO, EU",navy_ships,50.0
Turkmenistan,Central Asia,Asia,None,navy_ships,16.0
Central African Republic,Central Africa,Africa,AFRICAN_UNION,navy_ships,0.0
Finland,Northern Europe,Europe,"NATO, EU",navy_ships,264.0
Slovakia,Eastern Europe,Europe,"NATO, EU",navy_ships,0.0
Norway,Northern Europe,Europe,NATO,navy_ships,43.0
Liberia,West Africa,Africa,AFRICAN_UNION,navy_ships,4.0
Lebanon,Middle East,Asia,ARAB_LEAGUE,navy_ships,64.0
Ireland,Western Europe,Europe,EU,navy_ships,8.0
New Zealand,Oceania,Oceania,FIVE_EYES,navy_ships,8.0
Georgia,Eastern Europe,Europe,None,navy_ships,19.0
Panama,Central America,North America,None,navy_ships,30.0
Mauritania,West Africa,Africa,"ARAB_LEAGUE, AFRICAN_UNION",navy_ships,6.0
Croatia,Southern Europe,Europe,"NATO, EU",navy_ships,30.0
Oman,Middle East,Asia,ARAB_LEAGUE,navy_ships,22.0
Bosnia and Herzegovina,Eastern Europe,Europe,None,navy_ships,0.0
Moldova,Eastern Europe,Europe,None,navy_ships,0.0
Uruguay,South America,South America,None,navy_ships,14.0
Mongolia,East Asia,Asia,None,navy_ships,0.0
Kuwait,Middle East,Asia,ARAB_LEAGUE,navy_ships,123.0
Albania,Southern Europe,Europe,NATO,navy_ships,19.0
Armenia,Eastern Europe,Europe,None,navy_ships,0.0
Namibia,Southern Africa,Africa,AFRICAN_UNION,navy_ships,15.0
Lithuania,Northern Europe,Europe,"NATO, EU",navy_ships,14.0
Qatar,Middle East,Asia,ARAB_LEAGUE,navy_ships,115.0
Gabon,Central Africa,Africa,AFRICAN_UNION,navy_ships,5.0
Botswana,Southern Africa,Africa,AFRICAN_UNION,navy_ships,0.0
North Macedonia,Eastern Europe,Europe,NATO,navy_ships,0.0
Slovenia,Southern Europe,Europe,"NATO, EU",navy_ships,2.0
Kosovo,Eastern Europe,Europe,None,navy_ships,0.0
Latvia,Northern Europe,Europe,"NATO, EU",navy_ships,18.0
Bahrain,Middle East,Asia,ARAB_LEAGUE,navy_ships,64.0
Estonia,Northern Europe,Europe,"NATO, EU",navy_ships,8.0
Bhutan,South Asia,Asia,None,navy_ships,0.0
Luxembourg,Western Europe,Europe,"NATO, EU",navy_ships,0.0
Suriname,South America,South America,None,navy_ships,17.0
Montenegro,Southern Europe,Europe,NATO,navy_ships,14.0
Beliz,Central America,North America,None,navy_ships,8.0
Iceland,Northern Europe,Europe,NATO,navy_ships,0.0
China,East Asia,Asia,"BRICS, SCO",defense_spending_budget,266850000000.0
India,South Asia,Asia,"BRICS, SCO",defense_spending_budget,75000000000.0
United States,North America,North America,"NATO, FIVE_EYES",defense_spending_budget,895000000000.0
Indonesia,Southeast Asia,Asia,ASEAN,defense_spending_budget,10600000000.0
Pakistan,South Asia,Asia,SCO,defense_spending_budget,7640000000.0
Nigeria,West Africa,Africa,AFRICAN_UNION,defense_spending_budget,3160000000.0
Brazil,South America,South America,BRICS,defense_spending_budget,26157300000.0
Bangladesh,South Asia,Asia,None,defense_spending_budget,4374000000.0
Russia,Eastern Europe,Europe,"BRICS, SCO",defense_spending_budget,126000000000.0
Mexico,Central America,North America,None,defense_spending_budget,7600000000.0
Japan,East Asia,Asia,None,defense_spending_budget,57000000000.0
Ethiopia,East Africa,Africa,"BRICS, AFRICAN_UNION",defense_spending_budget,2097575000.0
Philippines,Southeast Asia,Asia,ASEAN,defense_spending_budget,4380000000.0
Democratic Republic of the Congo,Central Africa,Africa,AFRICAN_UNION,defense_spending_budget,796560000.0
Egypt,North Africa,Africa,"BRICS, ARAB_LEAGUE, AFRICAN_UNION",defense_spending_budget,5879500000.0
Vietnam,Southeast Asia,Asia,ASEAN,defense_spending_budget,8594000000.0
Iran,Middle East,Asia,"BRICS, SCO",defense_spending_budget,15450000000.0
Turkiye,Middle East,Asia,NATO,defense_spending_budget,47000000000.0
Germany,Western Europe,Europe,"NATO, EU",defense_spending_budget,50000000000.0
Thailand,Southeast Asia,Asia,ASEAN,defense_spending_budget,5887883500.0
United Kingdom,Western Europe,Europe,"NATO, FIVE_EYES",defense_spending_budget,71500540000.0
France,Western Europe,Europe,"NATO, EU",defense_spending_budget,55000000000.0
Tanzania,East Africa,Africa,AFRICAN_UNION,defense_spending_budget,1406745334.0
Italy,Southern Europe,Europe,"NATO, EU",defense_spending_budget,30890000000.0
South Africa,Southern Africa,Africa,"BRICS, AFRICAN_UNION",defense_spending_budget,2266800000.0
Kenya,East Africa,Africa,AFRICAN_UNION,defense_spending_budget,1307383850.0
Myanmar,Southeast Asia,Asia,ASEAN,defense_spending_budget,2948000000.0
South Korea,East Asia,Asia,None,defense_spending_budget,46300000000.0
Sudan,North Africa,Africa,"ARAB_LEAGUE, AFRICAN_UNION",defense_spending_budget,342000000.0
Colombia,South America,South America,None,defense_spending_budget,10541500000.0
Uganda,East Africa,Africa,AFRICAN_UNION,defense_spending_budget,985400000.0
Spain,Southern Europe,Europe,"NATO, EU",defense_spending_budget,23397000000.0
Algeria,North Africa,Africa,"ARAB_LEAGUE, AFRICAN_UNION",defense_spending_budget,25000000000.0
Argentina,South America,South America,None,defense_spending_budget,928897000.0
Iraq,Middle East,Asia,ARAB_LEAGUE,defense_spending_budget,7923000000.0
Afghanistan,South Asia,Asia,None,defense_spending_budget,290000000.0
Canada,North America,North America,"NATO, FIVE_EYES",defense_spending_budget,41000000000.0
Poland,Eastern Europe,Europe,"NATO, EU",defense_spending_budget,48700000000.0
Morocco,North Africa,Africa,"ARAB_LEAGUE, AFRICAN_UNION",defense_spending_budget,13400000000.0
Angola,Southern Africa,Africa,AFRICAN_UNION,defense_spending_budget,1101360000.0
Saudi Arabia,Middle East,Asia,"BRICS, ARAB_LEAGUE",defense_spending_budget,74760000000.0
Uzbekistan,Central Asia,Asia,SCO,defense_spending_budget,2803500000.0
Ukraine,Eastern Europe,Europe,None,defense_spending_budget,53700000000.0
Ghana,West Africa,Africa,AFRICAN_UNION,defense_spending_budget,308500000.0
Malaysia,Southeast Asia,Asia,ASEAN,defense_spending_budget,4800000000.0
Mozambique,East Africa,Africa,AFRICAN_UNION,defense_spending_budget,412400000.0
Peru,South America,South America,None,defense_spending_budget,3420000000.0
Yemen,Middle East,Asia,ARAB_LEAGUE,defense_spending_budget,810375000.0
Venezuela,South America,South America,None,defense_spending_budget,4093120000.0
Nepal,South Asia,Asia,None,defense_spending_budget,409100000.0
Cameroon,Central Africa,Africa,AFRICAN_UNION,defense_spending_budget,554952283.0
Ivory Coast,West Africa,Africa,AFRICAN_UNION,defense_spending_budget,669600935.0
Madagascar,East Africa,Africa,AFRICAN_UNION,defense_spending_budget,112210000.0
Australia,Oceania,Oceania,FIVE_EYES,defense_spending_budget,55700000000.0
Niger,West Africa,Africa,AFRICAN_UNION,defense_spending_budget,336400000.0
North Korea,East Asia,Asia,None,defense_spending_budget,4736000000.0
Syria,Middle East,Asia,ARAB_LEAGUE,defense_spending_budget,291850000.0
Taiwan,East Asia,Asia,None,defense_spending_budget,19740000000.0
Burkina Faso,West Africa,Africa,AFRICAN_UNION,defense_spending_budget,81280000.0
Mali,West Africa,Africa,AFRICAN_UNION,defense_spending_budget,650386000.0
Sri Lanka,South Asia,Asia,None,defense_spending_budget,1265400000.0
Zambia,Southern Africa,Africa,AFRICAN_UNION,defense_spending_budget,394240000.0
Kazakhstan,Central Asia,Asia,SCO,defense_spending_budget,2048700000.0
Chad,Central Africa,Africa,AFRICAN_UNION,defense_spending_budget,381350000.0
Senegal,West Africa,Africa,AFRICAN_UNION,defense_spending_budget,465150000.0
Chile,South America,South America,None,defense_spending_budget,5032500000.0
Ecuador,South America,South America,None,defense_spending_budget,2376000000.0
Guatemala,Central America,North America,None,defense_spending_budget,408635000.0
Romania,Eastern Europe,Europe,"NATO, EU",defense_spending_budget,9700000000.0
Netherlands,Western Europe,Europe,"NATO, EU",defense_spending_budget,27000000000.0
Zimbabwe,Southern Africa,Africa,AFRICAN_UNION,defense_spending_budget,530800000.0
Cambodia,Southeast Asia,Asia,ASEAN,defense_spending_budget,860000000.0
Benin,West Africa,Africa,AFRICAN_UNION,defense_spending_budget,98350000.0
Somalia,East Africa,Africa,"ARAB_LEAGUE, AFRICAN_UNION",defense_spending_budget,171002350.0
South Sudan,East Africa,Africa,AFRICAN_UNION,defense_spending_budget,175300000.0
Bolivia,South America,South America,None,defense_spending_budget,550200000.0
Tunisia,North Africa,Africa,"ARAB_LEAGUE, AFRICAN_UNION",defense_spending_budget,1400000000.0
Belgium,Western Europe,Europe,"NATO, EU",defense_spending_budget,10200000000.0
Jordan,Middle East,Asia,ARAB_LEAGUE,defense_spending_budget,2500000000.0
Cuba,Caribbean,North America,None,defense_spending_budget,4508784000.0
Czechia,Eastern Europe,Europe,"NATO, EU",defense_spending_budget,6750000000.0
Dominican Republic,Caribbean,North America,None,defense_spending_budget,810800000.0
Azerbaijan,Eastern Europe,Europe,None,defense_spending_budget,5000000000.0
Portugal,Southern Europe,Europe,"NATO, EU",defense_spending_budget,4627000000.0
Sweden,Northern Europe,Europe,"NATO, EU",defense_spending_budget,13000000000.0
Greece,Southern Europe,Europe,"NATO, EU",defense_spending_budget,6500000000.0
Tajikistan,Central Asia,Asia,SCO,defense_spending_budget,446000000.0
United Arab Emirates,Middle East,Asia,"BRICS, ARAB_LEAGUE",defense_spending_budget,2212360382.0
Hungary,Eastern Europe,Europe,"NATO, EU",defense_spending_budget,4576000000.0
Honduras,Central America,North America,None,defense_spending_budget,413635000.0
Belarus,Eastern Europe,Europe,SCO,defense_spending_budget,1077900000.0
Israel,Middle East,Asia,None,defense_spending_budget,30500000000.0
Sierra Leone,West Africa,Africa,AFRICAN_UNION,defense_spending_budget,228600000.0
Austria,Western Europe,Europe,EU,defense_spending_budget,5475750000.0
Switzerland,Western Europe,Europe,None,defense_spending_budget,25039000000.0
Laos,Southeast Asia,Asia,ASEAN,defense_spending_budget,135000000.0
Paraguay,South America,South America,None,defense_spending_budget,17595000000.0
Libya,North Africa,Africa,"ARAB_LEAGUE, AFRICAN_UNION",defense_spending_budget,3060000000.0
Bulgaria,Eastern Europe,Europe,"NATO, EU",defense_spending_budget,1373232000.0
Nicaragua,Central America,North America,None,defense_spending_budget,92000000.0
Serbia,Eastern Europe,Europe,None,defense_spending_budget,2287461000.0
El Salvador,Central America,North America,None,defense_spending_budget,334620000.0
Eritrea,East Africa,Africa,AFRICAN_UNION,defense_spending_budget,198000000.0
Kyrgyzstan,Central Asia,Asia,SCO,defense_spending_budget,221800000.0
Republic of the Congo,Central Africa,Africa,AFRICAN_UNION,defense_spending_budget,306400000.0
Singapore,Southeast Asia,Asia,ASEAN,defense_spending_budget,15000000000.0
Denmark,Northern Europe,Europe,"NATO, EU",defense_spending_budget,7225466250.0
Turkmenistan,Central Asia,Asia,None,defense_spending_budget,1078020000.0
Central African Republic,Central Africa,Africa,AFRICAN_UNION,defense_spending_budget,45990000.0
Finland,Northern Europe,Europe,"NATO, EU",defense_spending_budget,6779661000.0
Slovakia,Eastern Europe,Europe,"NATO, EU",defense_spending_budget,2656000000.0
Norway,Northern Europe,Europe,NATO,defense_spending_budget,9710000000.0
Liberia,West Africa,Africa,AFRICAN_UNION,defense_spending_budget,364800000.0
Lebanon,Middle East,Asia,ARAB_LEAGUE,defense_spending_budget,768250325.0
Ireland,Western Europe,Europe,EU,defense_spending_budget,1500000000.0
New Zealand,Oceania,Oceania,FIVE_EYES,defense_spending_budget,3030000000.0
Georgia,Eastern Europe,Europe,None,defense_spending_budget,495629055.0
Panama,Central America,North America,None,defense_spending_budget,917202000.0
Mauritania,West Africa,Africa,"ARAB_LEAGUE, AFRICAN_UNION",defense_spending_budget,261250000.0
Croatia,Southern Europe,Europe,"NATO, EU",defense_spending_budget,1176000000.0
Oman,Middle East,Asia,ARAB_LEAGUE,defense_spending_budget,8200000000.0
Bosnia and Herzegovina,Eastern Europe,Europe,None,defense_spending_budget,216400000.0
Moldova,Eastern Europe,Europe,None,defense_spending_budget,1710000000.0
Uruguay,South America,South America,None,defense_spending_budget,772400000.0
Mongolia,East Asia,Asia,None,defense_spending_budget,165110000.0
Kuwait,Middle East,Asia,ARAB_LEAGUE,defense_spending_budget,6950000000.0
Albania,Southern Europe,Europe,NATO,defense_spending_budget,558862420.0
Armenia,Eastern Europe,Europe,None,defense_spending_budget,1700000000.0
Namibia,Southern Africa,Africa,AFRICAN_UNION,defense_spending_budget,370500000.0
Lithuania,Northern Europe,Europe,"NATO, EU",defense_spending_budget,2388900000.0
Qatar,Middle East,Asia,ARAB_LEAGUE,defense_spending_budget,9432000000.0
Gabon,Central Africa,Africa,AFRICAN_UNION,defense_spending_budget,274820000.0
Botswana,Southern Africa,Africa,AFRICAN_UNION,defense_spending_budget,465600000.0
North Macedonia,Eastern Europe,Europe,NATO,defense_spending_budget,388421700.0
Slovenia,Southern Europe,Europe,"NATO, EU",defense_spending_budget,886860000.0
Kosovo,Eastern Europe,Europe,None,defense_spending_budget,260715150.0
Latvia,Northern Europe,Europe,"NATO, EU",defense_spending_budget,1138000000.0
Bahrain,Middle East,Asia,ARAB_LEAGUE,defense_spending_budget,1597200000.0
Estonia,Northern Europe,Europe,"NATO, EU",defense_spending_budget,1463360000.0
Bhutan,South Asia,Asia,None,defense_spending_budget,14000000.0
Luxembourg,Western Europe,Europe,"NATO, EU",defense_spending_budget,726092925.0
Suriname,South America,South America,None,defense_spending_budget,144000000.0
Montenegro,Southern Europe,Europe,NATO,defense_spending_budget,148100000.0
Beliz,Central America,North America,None,defense_spending_budget,29538000.0
Iceland,Northern Europe,Europe,NATO,defense_spending_budget,312400000.0
China,East Asia,Asia,"BRICS, SCO",kpi_power_index_rank_gap,2.0
India,South Asia,Asia,"BRICS, SCO",kpi_power_index_rank_gap,3.0
United States,North America,North America,"NATO, FIVE_EYES",kpi_power_index_rank_gap,0.0
Indonesia,Southeast Asia,Asia,ASEAN,kpi_power_index_rank_gap,12.0
Pakistan,South Asia,Asia,SCO,kpi_power_index_rank_gap,8.0
Nigeria,West Africa,Africa,AFRICAN_UNION,kpi_power_index_rank_gap,31.0
Brazil,South America,South America,BRICS,kpi_power_index_rank_gap,11.0
Bangladesh,South Asia,Asia,None,kpi_power_index_rank_gap,33.0
Russia,Eastern Europe,Europe,"BRICS, SCO",kpi_power_index_rank_gap,1.0
Mexico,Central America,North America,None,kpi_power_index_rank_gap,30.0
Japan,East Asia,Asia,None,kpi_power_index_rank_gap,6.0
Ethiopia,East Africa,Africa,"BRICS, AFRICAN_UNION",kpi_power_index_rank_gap,38.0
Philippines,Southeast Asia,Asia,ASEAN,kpi_power_index_rank_gap,32.0
Democratic Republic of the Congo,Central Africa,Africa,AFRICAN_UNION,kpi_power_index_rank_gap,108.0
Egypt,North Africa,Africa,"BRICS, ARAB_LEAGUE, AFRICAN_UNION",kpi_power_index_rank_gap,13.0
Vietnam,Southeast Asia,Asia,ASEAN,kpi_power_index_rank_gap,17.0
Iran,Middle East,Asia,"BRICS, SCO",kpi_power_index_rank_gap,15.0
Turkiye,Middle East,Asia,NATO,kpi_power_index_rank_gap,998.0
Germany,Western Europe,Europe,"NATO, EU",kpi_power_index_rank_gap,19.0
Thailand,Southeast Asia,Asia,ASEAN,kpi_power_index_rank_gap,22.0
United Kingdom,Western Europe,Europe,"NATO, FIVE_EYES",kpi_power_index_rank_gap,5.0
France,Western Europe,Europe,"NATO, EU",kpi_power_index_rank_gap,10.0
Tanzania,East Africa,Africa,AFRICAN_UNION,kpi_power_index_rank_gap,84.0
Italy,Southern Europe,Europe,"NATO, EU",kpi_power_index_rank_gap,9.0
South Africa,Southern Africa,Africa,"BRICS, AFRICAN_UNION",kpi_power_index_rank_gap,35.0
Kenya,East Africa,Africa,AFRICAN_UNION,kpi_power_index_rank_gap,71.0
Myanmar,Southeast Asia,Asia,ASEAN,kpi_power_index_rank_gap,29.0
South Korea,East Asia,Asia,None,kpi_power_index_rank_gap,4.0
Sudan,North Africa,Africa,"ARAB_LEAGUE, AFRICAN_UNION",kpi_power_index_rank_gap,70.0
Colombia,South America,South America,None,kpi_power_index_rank_gap,45.0
Uganda,East Africa,Africa,AFRICAN_UNION,kpi_power_index_rank_gap,82.0
Spain,Southern Europe,Europe,"NATO, EU",kpi_power_index_rank_gap,24.0
Algeria,North Africa,Africa,"ARAB_LEAGUE, AFRICAN_UNION",kpi_power_index_rank_gap,23.0
Argentina,South America,South America,None,kpi_power_index_rank_gap,25.0
Iraq,Middle East,Asia,ARAB_LEAGUE,kpi_power_index_rank_gap,42.0
Afghanistan,South Asia,Asia,None,kpi_power_index_rank_gap,110.0
Canada,North America,North America,"NATO, FIVE_EYES",kpi_power_index_rank_gap,27.0
Poland,Eastern Europe,Europe,"NATO, EU",kpi_power_index_rank_gap,18.0
Morocco,North Africa,Africa,"ARAB_LEAGUE, AFRICAN_UNION",kpi_power_index_rank_gap,44.0
Angola,Southern Africa,Africa,AFRICAN_UNION,kpi_power_index_rank_gap,59.0
Saudi Arabia,Middle East,Asia,"BRICS, ARAB_LEAGUE",kpi_power_index_rank_gap,20.0
Uzbekistan,Central Asia,Asia,SCO,kpi_power_index_rank_gap,75.0
Ukraine,Eastern Europe,Europe,None,kpi_power_index_rank_gap,28.0
Ghana,West Africa,Africa,AFRICAN_UNION,kpi_power_index_rank_gap,76.0
Malaysia,Southeast Asia,Asia,ASEAN,kpi_power_index_rank_gap,34.0
Mozambique,East Africa,Africa,AFRICAN_UNION,kpi_power_index_rank_gap,107.0
Peru,South America,South America,None,kpi_power_index_rank_gap,46.0
Yemen,Middle East,Asia,ARAB_LEAGUE,kpi_power_index_rank_gap,79.0
Venezuela,South America,South America,None,kpi_power_index_rank_gap,53.0
Nepal,South Asia,Asia,None,kpi_power_index_rank_gap,81.0
Cameroon,Central Africa,Africa,AFRICAN_UNION,kpi_power_index_rank_gap,80.0
Ivory Coast,West Africa,Africa,AFRICAN_UNION,kpi_power_index_rank_gap,109.0
Madagascar,East Africa,Africa,AFRICAN_UNION,kpi_power_index_rank_gap,111.0
Australia,Oceania,Oceania,FIVE_EYES,kpi_power_index_rank_gap,14.0
Niger,West Africa,Africa,AFRICAN_UNION,kpi_power_index_rank_gap,115.0
North Korea,East Asia,Asia,None,kpi_power_index_rank_gap,43.0
Syria,Middle East,Asia,ARAB_LEAGUE,kpi_power_index_rank_gap,74.0
Taiwan,East Asia,Asia,None,kpi_power_index_rank_gap,21.0
Burkina Faso,West Africa,Africa,AFRICAN_UNION,kpi_power_index_rank_gap,114.0
Mali,West Africa,Africa,AFRICAN_UNION,kpi_power_index_rank_gap,113.0
Sri Lanka,South Asia,Asia,None,kpi_power_index_rank_gap,67.0
Zambia,Southern Africa,Africa,AFRICAN_UNION,kpi_power_index_rank_gap,104.0
Kazakhstan,Central Asia,Asia,SCO,kpi_power_index_rank_gap,57.0
Chad,Central Africa,Africa,AFRICAN_UNION,kpi_power_index_rank_gap,112.0
Senegal,West Africa,Africa,AFRICAN_UNION,kpi_power_index_rank_gap,106.0
Chile,South America,South America,None,kpi_power_index_rank_gap,52.0
Ecuador,South America,South America,None,kpi_power_index_rank_gap,62.0
Guatemala,Central America,North America,None,kpi_power_index_rank_gap,116.0
Romania,Eastern Europe,Europe,"NATO, EU",kpi_power_index_rank_gap,40.0
Netherlands,Western Europe,Europe,"NATO, EU",kpi_power_index_rank_gap,37.0
Zimbabwe,Southern Africa,Africa,AFRICAN_UNION,kpi_power_index_rank_gap,105.0
Cambodia,Southeast Asia,Asia,ASEAN,kpi_power_index_rank_gap,102.0
Benin,West Africa,Africa,AFRICAN_UNION,kpi_power_index_rank_gap,134.0
Somalia,East Africa,Africa,"ARAB_LEAGUE, AFRICAN_UNION",kpi_power_index_rank_gap,139.0
South Sudan,East Africa,Africa,AFRICAN_UNION,kpi_power_index_rank_gap,138.0
Bolivia,South America,South America,None,kpi_power_index_rank_gap,78.0
Tunisia,North Africa,Africa,"ARAB_LEAGUE, AFRICAN_UNION",kpi_power_index_rank_gap,68.0
Belgium,Western Europe,Europe,"NATO, EU",kpi_power_index_rank_gap,48.0
Jordan,Middle East,Asia,ARAB_LEAGUE,kpi_power_index_rank_gap,66.0
Cuba,Caribbean,North America,None,kpi_power_index_rank_gap,60.0
Czechia,Eastern Europe,Europe,"NATO, EU",kpi_power_index_rank_gap,47.0
Dominican Republic,Caribbean,North America,None,kpi_power_index_rank_gap,85.0
Azerbaijan,Eastern Europe,Europe,None,kpi_power_index_rank_gap,63.0
Portugal,Southern Europe,Europe,"NATO, EU",kpi_power_index_rank_gap,50.0
Sweden,Northern Europe,Europe,"NATO, EU",kpi_power_index_rank_gap,39.0
Greece,Southern Europe,Europe,"NATO, EU",kpi_power_index_rank_gap,26.0
Tajikistan,Central Asia,Asia,SCO,kpi_power_index_rank_gap,129.0
United Arab Emirates,Middle East,Asia,"BRICS, ARAB_LEAGUE",kpi_power_index_rank_gap,64.0
Hungary,Eastern Europe,Europe,"NATO, EU",kpi_power_index_rank_gap,56.0
Honduras,Central America,North America,None,kpi_power_index_rank_gap,118.0
Belarus,Eastern Europe,Europe,SCO,kpi_power_index_rank_gap,61.0
Israel,Middle East,Asia,None,kpi_power_index_rank_gap,16.0
Sierra Leone,West Africa,Africa,AFRICAN_UNION,kpi_power_index_rank_gap,133.0
Austria,Western Europe,Europe,EU,kpi_power_index_rank_gap,55.0
Switzerland,Western Europe,Europe,None,kpi_power_index_rank_gap,54.0
Laos,Southeast Asia,Asia,ASEAN,kpi_power_index_rank_gap,103.0
Paraguay,South America,South America,None,kpi_power_index_rank_gap,86.0
Libya,North Africa,Africa,"ARAB_LEAGUE, AFRICAN_UNION",kpi_power_index_rank_gap,69.0
Bulgaria,Eastern Europe,Europe,"NATO, EU",kpi_power_index_rank_gap,72.0
Nicaragua,Central America,North America,None,kpi_power_index_rank_gap,117.0
Serbia,Eastern Europe,Europe,None,kpi_power_index_rank_gap,58.0
El Salvador,Central America,North America,None,kpi_power_index_rank_gap,119.0
Eritrea,East Africa,Africa,AFRICAN_UNION,kpi_power_index_rank_gap,128.0
Kyrgyzstan,Central Asia,Asia,SCO,kpi_power_index_rank_gap,130.0
Republic of the Congo,Central Africa,Africa,AFRICAN_UNION,kpi_power_index_rank_gap,127.0
Singapore,Southeast Asia,Asia,ASEAN,kpi_power_index_rank_gap,36.0
Denmark,Northern Europe,Europe,"NATO, EU",kpi_power_index_rank_gap,51.0
Turkmenistan,Central Asia,Asia,None,kpi_power_index_rank_gap,83.0
Central African Republic,Central Africa,Africa,AFRICAN_UNION,kpi_power_index_rank_gap,131.0
Finland,Northern Europe,Europe,"NATO, EU",kpi_power_index_rank_gap,49.0
Slovakia,Eastern Europe,Europe,"NATO, EU",kpi_power_index_rank_gap,73.0
Norway,Northern Europe,Europe,NATO,kpi_power_index_rank_gap,41.0
Liberia,West Africa,Africa,AFRICAN_UNION,kpi_power_index_rank_gap,132.0
Lebanon,Middle East,Asia,ARAB_LEAGUE,kpi_power_index_rank_gap,91.0
Ireland,Western Europe,Europe,EU,kpi_power_index_rank_gap,87.0
New Zealand,Oceania,Oceania,FIVE_EYES,kpi_power_index_rank_gap,88.0
Georgia,Eastern Europe,Europe,None,kpi_power_index_rank_gap,89.0
Panama,Central America,North America,None,kpi_power_index_rank_gap,120.0
Mauritania,West Africa,Africa,"ARAB_LEAGUE, AFRICAN_UNION",kpi_power_index_rank_gap,126.0
Croatia,Southern Europe,Europe,"NATO, EU",kpi_power_index_rank_gap,77.0
Oman,Middle East,Asia,ARAB_LEAGUE,kpi_power_index_rank_gap,65.0
Bosnia and Herzegovina,Eastern Europe,Europe,None,kpi_power_index_rank_gap,101.0
Moldova,Eastern Europe,Europe,None,kpi_power_index_rank_gap,121.0
Uruguay,South America,South America,None,kpi_power_index_rank_gap,136.0
Mongolia,East Asia,Asia,None,kpi_power_index_rank_gap,122.0
Kuwait,Middle East,Asia,ARAB_LEAGUE,kpi_power_index_rank_gap,90.0
Albania,Southern Europe,Europe,NATO,kpi_power_index_rank_gap,100.0
Armenia,Eastern Europe,Europe,None,kpi_power_index_rank_gap,99.0
Namibia,Southern Africa,Africa,AFRICAN_UNION,kpi_power_index_rank_gap,123.0
Lithuania,Northern Europe,Europe,"NATO, EU",kpi_power_index_rank_gap,94.0
Qatar,Middle East,Asia,ARAB_LEAGUE,kpi_power_index_rank_gap,93.0
Gabon,Central Africa,Africa,AFRICAN_UNION,kpi_power_index_rank_gap,125.0
Botswana,Southern Africa,Africa,AFRICAN_UNION,kpi_power_index_rank_gap,124.0
North Macedonia,Eastern Europe,Europe,NATO,kpi_power_index_rank_gap,98.0
Slovenia,Southern Europe,Europe,"NATO, EU",kpi_power_index_rank_gap,95.0
Kosovo,Eastern Europe,Europe,None,kpi_power_index_rank_gap,135.0
Latvia,Northern Europe,Europe,"NATO, EU",kpi_power_index_rank_gap,96.0
Bahrain,Middle East,Asia,ARAB_LEAGUE,kpi_power_index_rank_gap,92.0
Estonia,Northern Europe,Europe,"NATO, EU",kpi_power_index_rank_gap,97.0
Bhutan,South Asia,Asia,None,kpi_power_index_rank_gap,140.0
Luxembourg,Western Europe,Europe,"NATO, EU",kpi_power_index_rank_gap,141.0
Suriname,South America,South America,None,kpi_power_index_rank_gap,142.0
Montenegro,Southern Europe,Europe,NATO,kpi_power_index_rank_gap,137.0
Beliz,Central America,North America,None,kpi_power_index_rank_gap,143.0
Iceland,Northern Europe,Europe,NATO,kpi_power_index_rank_gap,144.0
China,East Asia,Asia,"BRICS, SCO",kpi_assets_per_capita,10.95
India,South Asia,Asia,"BRICS, SCO",kpi_assets_per_capita,11.02
United States,North America,North America,"NATO, FIVE_EYES",kpi_assets_per_capita,119.94
Indonesia,Southeast Asia,Asia,ASEAN,kpi_assets_per_capita,7.66
Pakistan,South Asia,Asia,SCO,kpi_assets_per_capita,8.59
Nigeria,West Africa,Africa,AFRICAN_UNION,kpi_assets_per_capita,4.05
Brazil,South America,South America,BRICS,kpi_assets_per_capita,10.61
Bangladesh,South Asia,Asia,None,kpi_assets_per_capita,7.25
Russia,Eastern Europe,Europe,"BRICS, SCO",kpi_assets_per_capita,100.87
Mexico,Central America,North America,None,kpi_assets_per_capita,15.49
Japan,East Asia,Asia,None,kpi_assets_per_capita,27.69
Ethiopia,East Africa,Africa,"BRICS, AFRICAN_UNION",kpi_assets_per_capita,6.49
Philippines,Southeast Asia,Asia,ASEAN,kpi_assets_per_capita,10.32
Democratic Republic of the Congo,Central Africa,Africa,AFRICAN_UNION,kpi_assets_per_capita,0.94
Egypt,North Africa,Africa,"BRICS, ARAB_LEAGUE, AFRICAN_UNION",kpi_assets_per_capita,41.24
Vietnam,Southeast Asia,Asia,ASEAN,kpi_assets_per_capita,12.91
Iran,Middle East,Asia,"BRICS, SCO",kpi_assets_per_capita,77.18
Turkiye,Middle East,Asia,NATO,kpi_assets_per_capita,76.9
Germany,Western Europe,Europe,"NATO, EU",kpi_assets_per_capita,100.1
Thailand,Southeast Asia,Asia,ASEAN,kpi_assets_per_capita,26.25
United Kingdom,Western Europe,Europe,"NATO, FIVE_EYES",kpi_assets_per_capita,57.23
France,Western Europe,Europe,"NATO, EU",kpi_assets_per_capita,164.19
Tanzania,East Africa,Africa,AFRICAN_UNION,kpi_assets_per_capita,1.76
Italy,Southern Europe,Europe,"NATO, EU",kpi_assets_per_capita,122.39
South Africa,Southern Africa,Africa,"BRICS, AFRICAN_UNION",kpi_assets_per_capita,31.73
Kenya,East Africa,Africa,AFRICAN_UNION,kpi_assets_per_capita,7.72
Myanmar,Southeast Asia,Asia,ASEAN,kpi_assets_per_capita,12.13
South Korea,East Asia,Asia,None,kpi_assets_per_capita,120.88
Sudan,North Africa,Africa,"ARAB_LEAGUE, AFRICAN_UNION",kpi_assets_per_capita,6.53
Colombia,South America,South America,None,kpi_assets_per_capita,8.33
Uganda,East Africa,Africa,AFRICAN_UNION,kpi_assets_per_capita,8.47
Spain,Southern Europe,Europe,"NATO, EU",kpi_assets_per_capita,39.25
Algeria,North Africa,Africa,"ARAB_LEAGUE, AFRICAN_UNION",kpi_assets_per_capita,59.99
Argentina,South America,South America,None,kpi_assets_per_capita,47.56
Iraq,Middle East,Asia,ARAB_LEAGUE,kpi_assets_per_capita,92.13
Afghanistan,South Asia,Asia,None,kpi_assets_per_capita,12.99
Canada,North America,North America,"NATO, FIVE_EYES",kpi_assets_per_capita,57.24
Poland,Eastern Europe,Europe,"NATO, EU",kpi_assets_per_capita,62.7
Morocco,North Africa,Africa,"ARAB_LEAGUE, AFRICAN_UNION",kpi_assets_per_capita,24.48
Angola,Southern Africa,Africa,AFRICAN_UNION,kpi_assets_per_capita,16.5
Saudi Arabia,Middle East,Asia,"BRICS, ARAB_LEAGUE",kpi_assets_per_capita,57.0
Uzbekistan,Central Asia,Asia,SCO,kpi_assets_per_capita,9.59
Ukraine,Eastern Europe,Europe,None,kpi_assets_per_capita,57.34
Ghana,West Africa,Africa,AFRICAN_UNION,kpi_assets_per_capita,5.41
Malaysia,Southeast Asia,Asia,ASEAN,kpi_assets_per_capita,39.9
Mozambique,East Africa,Africa,AFRICAN_UNION,kpi_assets_per_capita,2.87
Peru,South America,South America,None,kpi_assets_per_capita,21.87
Yemen,Middle East,Asia,ARAB_LEAGUE,kpi_assets_per_capita,2.08
Venezuela,South America,South America,None,kpi_assets_per_capita,29.56
Nepal,South Asia,Asia,None,kpi_assets_per_capita,3.61
Cameroon,Central Africa,Africa,AFRICAN_UNION,kpi_assets_per_capita,1.67
Ivory Coast,West Africa,Africa,AFRICAN_UNION,kpi_assets_per_capita,2.28
Madagascar,East Africa,Africa,AFRICAN_UNION,kpi_assets_per_capita,0.59
Australia,Oceania,Oceania,FIVE_EYES,kpi_assets_per_capita,60.09
Niger,West Africa,Africa,AFRICAN_UNION,kpi_assets_per_capita,1.83
North Korea,East Asia,Asia,None,kpi_assets_per_capita,90.17
Syria,Middle East,Asia,ARAB_LEAGUE,kpi_assets_per_capita,49.22
Taiwan,East Asia,Asia,None,kpi_assets_per_capita,91.84
Burkina Faso,West Africa,Africa,AFRICAN_UNION,kpi_assets_per_capita,2.24
Mali,West Africa,Africa,AFRICAN_UNION,kpi_assets_per_capita,2.83
Sri Lanka,South Asia,Asia,None,kpi_assets_per_capita,16.33
Zambia,Southern Africa,Africa,AFRICAN_UNION,kpi_assets_per_capita,2.58
Kazakhstan,Central Asia,Asia,SCO,kpi_assets_per_capita,41.02
Chad,Central Africa,Africa,AFRICAN_UNION,kpi_assets_per_capita,18.05
Senegal,West Africa,Africa,AFRICAN_UNION,kpi_assets_per_capita,9.47
Chile,South America,South America,None,kpi_assets_per_capita,51.59
Ecuador,South America,South America,None,kpi_assets_per_capita,29.45
Guatemala,Central America,North America,None,kpi_assets_per_capita,4.13
Romania,Eastern Europe,Europe,"NATO, EU",kpi_assets_per_capita,62.06
Netherlands,Western Europe,Europe,"NATO, EU",kpi_assets_per_capita,16.66
Zimbabwe,Southern Africa,Africa,AFRICAN_UNION,kpi_assets_per_capita,5.47
Cambodia,Southeast Asia,Asia,ASEAN,kpi_assets_per_capita,25.29
Benin,West Africa,Africa,AFRICAN_UNION,kpi_assets_per_capita,0.67
Somalia,East Africa,Africa,"ARAB_LEAGUE, AFRICAN_UNION",kpi_assets_per_capita,5.32
South Sudan,East Africa,Africa,AFRICAN_UNION,kpi_assets_per_capita,15.74
Bolivia,South America,South America,None,kpi_assets_per_capita,8.73
Tunisia,North Africa,Africa,"ARAB_LEAGUE, AFRICAN_UNION",kpi_assets_per_capita,68.18
Belgium,Western Europe,Europe,"NATO, EU",kpi_assets_per_capita,39.43
Jordan,Middle East,Asia,ARAB_LEAGUE,kpi_assets_per_capita,164.52
Cuba,Caribbean,North America,None,kpi_assets_per_capita,64.08
Czechia,Eastern Europe,Europe,"NATO, EU",kpi_assets_per_capita,59.81
Dominican Republic,Caribbean,North America,None,kpi_assets_per_capita,6.08
Azerbaijan,Eastern Europe,Europe,None,kpi_assets_per_capita,78.26
Portugal,Southern Europe,Europe,"NATO, EU",kpi_assets_per_capita,105.01
Sweden,Northern Europe,Europe,"NATO, EU",kpi_assets_per_capita,69.75
Greece,Southern Europe,Europe,"NATO, EU",kpi_assets_per_capita,611.71
Tajikistan,Central Asia,Asia,SCO,kpi_assets_per_capita,12.54
United Arab Emirates,Middle East,Asia,"BRICS, ARAB_LEAGUE",kpi_assets_per_capita,97.62
Hungary,Eastern Europe,Europe,"NATO, EU",kpi_assets_per_capita,81.93
Honduras,Central America,North America,None,kpi_assets_per_capita,8.01
Belarus,Eastern Europe,Europe,SCO,kpi_assets_per_capita,80.07
Israel,Middle East,Asia,None,kpi_assets_per_capita,403.75
Sierra Leone,West Africa,Africa,AFRICAN_UNION,kpi_assets_per_capita,1.73
Austria,Western Europe,Europe,EU,kpi_assets_per_capita,83.22
Switzerland,Western Europe,Europe,None,kpi_assets_per_capita,82.92
Laos,Southeast Asia,Asia,ASEAN,kpi_assets_per_capita,57.95
Paraguay,South America,South America,None,kpi_assets_per_capita,16.2
Libya,North Africa,Africa,"ARAB_LEAGUE, AFRICAN_UNION",kpi_assets_per_capita,27.26
Bulgaria,Eastern Europe,Europe,"NATO, EU",kpi_assets_per_capita,75.27
Nicaragua,Central America,North America,None,kpi_assets_per_capita,29.92
Serbia,Eastern Europe,Europe,None,kpi_assets_per_capita,61.26
El Salvador,Central America,North America,None,kpi_assets_per_capita,28.81
Eritrea,East Africa,Africa,AFRICAN_UNION,kpi_assets_per_capita,15.26
Kyrgyzstan,Central Asia,Asia,SCO,kpi_assets_per_capita,47.12
Republic of the Congo,Central Africa,Africa,AFRICAN_UNION,kpi_assets_per_capita,11.33
Singapore,Southeast Asia,Asia,ASEAN,kpi_assets_per_capita,156.82
Denmark,Northern Europe,Europe,"NATO, EU",kpi_assets_per_capita,68.09
Turkmenistan,Central Asia,Asia,None,kpi_assets_per_capita,100.57
Central African Republic,Central Africa,Africa,AFRICAN_UNION,kpi_assets_per_capita,4.14
Finland,Northern Europe,Europe,"NATO, EU",kpi_assets_per_capita,219.16
Slovakia,Eastern Europe,Europe,"NATO, EU",kpi_assets_per_capita,56.8
Norway,Northern Europe,Europe,NATO,kpi_assets_per_capita,122.37
Liberia,West Africa,Africa,AFRICAN_UNION,kpi_assets_per_capita,5.59
Lebanon,Middle East,Asia,ARAB_LEAGUE,kpi_assets_per_capita,89.44
Ireland,Western Europe,Europe,EU,kpi_assets_per_capita,33.29
New Zealand,Oceania,Oceania,FIVE_EYES,kpi_assets_per_capita,42.04
Georgia,Eastern Europe,Europe,None,kpi_assets_per_capita,73.35
Panama,Central America,North America,None,kpi_assets_per_capita,7.38
Mauritania,West Africa,Africa,"ARAB_LEAGUE, AFRICAN_UNION",kpi_assets_per_capita,15.78
Croatia,Southern Europe,Europe,"NATO, EU",kpi_assets_per_capita,72.05
Oman,Middle East,Asia,ARAB_LEAGUE,kpi_assets_per_capita,112.35
Bosnia and Herzegovina,Eastern Europe,Europe,None,kpi_assets_per_capita,20.72
Moldova,Eastern Europe,Europe,None,kpi_assets_per_capita,13.97
Uruguay,South America,South America,None,kpi_assets_per_capita,91.38
Mongolia,East Asia,Asia,None,kpi_assets_per_capita,91.02
Kuwait,Middle East,Asia,ARAB_LEAGUE,kpi_assets_per_capita,199.28
Albania,Southern Europe,Europe,NATO,kpi_assets_per_capita,60.51
Armenia,Eastern Europe,Europe,None,kpi_assets_per_capita,49.92
Namibia,Southern Africa,Africa,AFRICAN_UNION,kpi_assets_per_capita,76.58
Lithuania,Northern Europe,Europe,"NATO, EU",kpi_assets_per_capita,48.93
Qatar,Middle East,Asia,ARAB_LEAGUE,kpi_assets_per_capita,215.08
Gabon,Central Africa,Africa,AFRICAN_UNION,kpi_assets_per_capita,18.45
Botswana,Southern Africa,Africa,AFRICAN_UNION,kpi_assets_per_capita,53.62
North Macedonia,Eastern Europe,Europe,NATO,kpi_assets_per_capita,53.75
Slovenia,Southern Europe,Europe,"NATO, EU",kpi_assets_per_capita,72.6
Kosovo,Eastern Europe,Europe,None,kpi_assets_per_capita,37.28
Latvia,Northern Europe,Europe,"NATO, EU",kpi_assets_per_capita,103.98
Bahrain,Middle East,Asia,ARAB_LEAGUE,kpi_assets_per_capita,198.48
Estonia,Northern Europe,Europe,"NATO, EU",kpi_assets_per_capita,142.24
Bhutan,South Asia,Asia,None,kpi_assets_per_capita,9.72
Luxembourg,Western Europe,Europe,"NATO, EU",kpi_assets_per_capita,27.26
Suriname,South America,South America,None,kpi_assets_per_capita,103.59
Montenegro,Southern Europe,Europe,NATO,kpi_assets_per_capita,82.69
Beliz,Central America,North America,None,kpi_assets_per_capita,33.91
Iceland,Northern Europe,Europe,NATO,kpi_assets_per_capita,41.2
China,East Asia,Asia,"BRICS, SCO",kpi_budget_to_gdp_ratio,0.8545
India,South Asia,Asia,"BRICS, SCO",kpi_budget_to_gdp_ratio,0.5723
United States,North America,North America,"NATO, FIVE_EYES",kpi_budget_to_gdp_ratio,3.6291
Indonesia,Southeast Asia,Asia,ASEAN,kpi_budget_to_gdp_ratio,0.2714
Pakistan,South Asia,Asia,SCO,kpi_budget_to_gdp_ratio,0.5672
Nigeria,West Africa,Africa,AFRICAN_UNION,kpi_budget_to_gdp_ratio,0.2478
Brazil,South America,South America,BRICS,kpi_budget_to_gdp_ratio,0.6513
Bangladesh,South Asia,Asia,None,kpi_budget_to_gdp_ratio,0.3096
Russia,Eastern Europe,Europe,"BRICS, SCO",kpi_budget_to_gdp_ratio,2.1664
Mexico,Central America,North America,None,kpi_budget_to_gdp_ratio,0.2645
Japan,East Asia,Asia,None,kpi_budget_to_gdp_ratio,0.9894
Ethiopia,East Africa,Africa,"BRICS, AFRICAN_UNION",kpi_budget_to_gdp_ratio,0.5915
Philippines,Southeast Asia,Asia,ASEAN,kpi_budget_to_gdp_ratio,0.3849
Democratic Republic of the Congo,Central Africa,Africa,AFRICAN_UNION,kpi_budget_to_gdp_ratio,0.5172
Egypt,North Africa,Africa,"BRICS, ARAB_LEAGUE, AFRICAN_UNION",kpi_budget_to_gdp_ratio,0.3075
Vietnam,Southeast Asia,Asia,ASEAN,kpi_budget_to_gdp_ratio,0.6347
Iran,Middle East,Asia,"BRICS, SCO",kpi_budget_to_gdp_ratio,1.0729
Turkiye,Middle East,Asia,NATO,kpi_budget_to_gdp_ratio,1.6008
Germany,Western Europe,Europe,"NATO, EU",kpi_budget_to_gdp_ratio,0.956
Thailand,Southeast Asia,Asia,ASEAN,kpi_budget_to_gdp_ratio,0.3884
United Kingdom,Western Europe,Europe,"NATO, FIVE_EYES",kpi_budget_to_gdp_ratio,1.9324
France,Western Europe,Europe,"NATO, EU",kpi_budget_to_gdp_ratio,1.4612
Tanzania,East Africa,Africa,AFRICAN_UNION,kpi_budget_to_gdp_ratio,0.601
Italy,Southern Europe,Europe,"NATO, EU",kpi_budget_to_gdp_ratio,0.9974
South Africa,Southern Africa,Africa,"BRICS, AFRICAN_UNION",kpi_budget_to_gdp_ratio,0.2627
Kenya,East Africa,Africa,AFRICAN_UNION,kpi_budget_to_gdp_ratio,0.4163
Myanmar,Southeast Asia,Asia,ASEAN,kpi_budget_to_gdp_ratio,1.0148
South Korea,East Asia,Asia,None,kpi_budget_to_gdp_ratio,1.7706
Sudan,North Africa,Africa,"ARAB_LEAGUE, AFRICAN_UNION",kpi_budget_to_gdp_ratio,0.2514
Colombia,South America,South America,None,kpi_budget_to_gdp_ratio,1.0778
Uganda,East Africa,Africa,AFRICAN_UNION,kpi_budget_to_gdp_ratio,0.7263
Spain,Southern Europe,Europe,"NATO, EU",kpi_budget_to_gdp_ratio,1.0436
Algeria,North Africa,Africa,"ARAB_LEAGUE, AFRICAN_UNION",kpi_budget_to_gdp_ratio,3.5717
Argentina,South America,South America,None,kpi_budget_to_gdp_ratio,0.0752
Iraq,Middle East,Asia,ARAB_LEAGUE,kpi_budget_to_gdp_ratio,1.3829
Afghanistan,South Asia,Asia,None,kpi_budget_to_gdp_ratio,0.5295
Canada,North America,North America,"NATO, FIVE_EYES",kpi_budget_to_gdp_ratio,1.832
Poland,Eastern Europe,Europe,"NATO, EU",kpi_budget_to_gdp_ratio,3.0136
Morocco,North Africa,Africa,"ARAB_LEAGUE, AFRICAN_UNION",kpi_budget_to_gdp_ratio,3.9706
Angola,Southern Africa,Africa,AFRICAN_UNION,kpi_budget_to_gdp_ratio,0.4143
Saudi Arabia,Middle East,Asia,"BRICS, ARAB_LEAGUE",kpi_budget_to_gdp_ratio,4.083
Uzbekistan,Central Asia,Asia,SCO,kpi_budget_to_gdp_ratio,0.8784
Ukraine,Eastern Europe,Europe,None,kpi_budget_to_gdp_ratio,9.5896
Ghana,West Africa,Africa,AFRICAN_UNION,kpi_budget_to_gdp_ratio,0.1343
Malaysia,Southeast Asia,Asia,ASEAN,kpi_budget_to_gdp_ratio,0.4167
Mozambique,East Africa,Africa,AFRICAN_UNION,kpi_budget_to_gdp_ratio,0.8145
Peru,South America,South America,None,kpi_budget_to_gdp_ratio,0.6607
Yemen,Middle East,Asia,ARAB_LEAGUE,kpi_budget_to_gdp_ratio,1.2095
Venezuela,South America,South America,None,kpi_budget_to_gdp_ratio,1.3829
Nepal,South Asia,Asia,None,kpi_budget_to_gdp_ratio,0.2835
Cameroon,Central Africa,Africa,AFRICAN_UNION,kpi_budget_to_gdp_ratio,0.3995
Ivory Coast,West Africa,Africa,AFRICAN_UNION,kpi_budget_to_gdp_ratio,0.3302
Madagascar,East Africa,Africa,AFRICAN_UNION,kpi_budget_to_gdp_ratio,0.2189
Australia,Oceania,Oceania,FIVE_EYES,kpi_budget_to_gdp_ratio,3.5164
Niger,West Africa,Africa,AFRICAN_UNION,kpi_budget_to_gdp_ratio,0.7549
North Korea,East Asia,Asia,None,kpi_budget_to_gdp_ratio,6.5778
Syria,Middle East,Asia,ARAB_LEAGUE,kpi_budget_to_gdp_ratio,0.5218
Taiwan,East Asia,Asia,None,kpi_budget_to_gdp_ratio,1.57
Burkina Faso,West Africa,Africa,AFRICAN_UNION,kpi_budget_to_gdp_ratio,0.1422
Mali,West Africa,Africa,AFRICAN_UNION,kpi_budget_to_gdp_ratio,1.1363
Sri Lanka,South Asia,Asia,None,kpi_budget_to_gdp_ratio,0.4407
Zambia,Southern Africa,Africa,AFRICAN_UNION,kpi_budget_to_gdp_ratio,0.5154
Kazakhstan,Central Asia,Asia,SCO,kpi_budget_to_gdp_ratio,0.2904
Chad,Central Africa,Africa,AFRICAN_UNION,kpi_budget_to_gdp_ratio,1.1753
Senegal,West Africa,Africa,AFRICAN_UNION,kpi_budget_to_gdp_ratio,0.6011
Chile,South America,South America,None,kpi_budget_to_gdp_ratio,0.8689
Ecuador,South America,South America,None,kpi_budget_to_gdp_ratio,0.9131
Guatemala,Central America,North America,None,kpi_budget_to_gdp_ratio,0.1831
Romania,Eastern Europe,Europe,"NATO, EU",kpi_budget_to_gdp_ratio,1.2563
Netherlands,Western Europe,Europe,"NATO, EU",kpi_budget_to_gdp_ratio,2.1774
Zimbabwe,Southern Africa,Africa,AFRICAN_UNION,kpi_budget_to_gdp_ratio,0.9061
Cambodia,Southeast Asia,Asia,ASEAN,kpi_budget_to_gdp_ratio,1.0012
Benin,West Africa,Africa,AFRICAN_UNION,kpi_budget_to_gdp_ratio,0.1873
Somalia,East Africa,Africa,"ARAB_LEAGUE, AFRICAN_UNION",kpi_budget_to_gdp_ratio,0.6489
South Sudan,East Africa,Africa,AFRICAN_UNION,kpi_budget_to_gdp_ratio,0.8761
Bolivia,South America,South America,None,kpi_budget_to_gdp_ratio,0.4593
Tunisia,North Africa,Africa,"ARAB_LEAGUE, AFRICAN_UNION",kpi_budget_to_gdp_ratio,0.9112
Belgium,Western Europe,Europe,"NATO, EU",kpi_budget_to_gdp_ratio,1.3571
Jordan,Middle East,Asia,ARAB_LEAGUE,kpi_budget_to_gdp_ratio,2.3407
Cuba,Caribbean,North America,None,kpi_budget_to_gdp_ratio,3.1887
Czechia,Eastern Europe,Europe,"NATO, EU",kpi_budget_to_gdp_ratio,1.3006
Dominican Republic,Caribbean,North America,None,kpi_budget_to_gdp_ratio,0.3099
Azerbaijan,Eastern Europe,Europe,None,kpi_budget_to_gdp_ratio,2.3159
Portugal,Southern Europe,Europe,"NATO, EU",kpi_budget_to_gdp_ratio,0.8732
Sweden,Northern Europe,Europe,"NATO, EU",kpi_budget_to_gdp_ratio,1.9221
Greece,Southern Europe,Europe,"NATO, EU",kpi_budget_to_gdp_ratio,1.7297
Tajikistan,Central Asia,Asia,SCO,kpi_budget_to_gdp_ratio,0.9598
United Arab Emirates,Middle East,Asia,"BRICS, ARAB_LEAGUE",kpi_budget_to_gdp_ratio,0.3074
Hungary,Eastern Europe,Europe,"NATO, EU",kpi_budget_to_gdp_ratio,1.1766
Honduras,Central America,North America,None,kpi_budget_to_gdp_ratio,0.6007
Belarus,Eastern Europe,Europe,SCO,kpi_budget_to_gdp_ratio,0.4237
Israel,Middle East,Asia,None,kpi_budget_to_gdp_ratio,6.4752
Sierra Leone,West Africa,Africa,AFRICAN_UNION,kpi_budget_to_gdp_ratio,1.5622
Austria,Western Europe,Europe,EU,kpi_budget_to_gdp_ratio,0.9275
Switzerland,Western Europe,Europe,None,kpi_budget_to_gdp_ratio,3.4123
Laos,Southeast Asia,Asia,ASEAN,kpi_budget_to_gdp_ratio,0.2104
Paraguay,South America,South America,None,kpi_budget_to_gdp_ratio,16.2883
Libya,North Africa,Africa,"ARAB_LEAGUE, AFRICAN_UNION",kpi_budget_to_gdp_ratio,2.5092
Bulgaria,Eastern Europe,Europe,"NATO, EU",kpi_budget_to_gdp_ratio,0.6415
Nicaragua,Central America,North America,None,kpi_budget_to_gdp_ratio,0.1801
Serbia,Eastern Europe,Europe,None,kpi_budget_to_gdp_ratio,1.4102
El Salvador,Central America,North America,None,kpi_budget_to_gdp_ratio,0.465
Eritrea,East Africa,Africa,AFRICAN_UNION,kpi_budget_to_gdp_ratio,2.0408
Kyrgyzstan,Central Asia,Asia,SCO,kpi_budget_to_gdp_ratio,0.4879
Republic of the Congo,Central Africa,Africa,AFRICAN_UNION,kpi_budget_to_gdp_ratio,0.8029
Singapore,Southeast Asia,Asia,ASEAN,kpi_budget_to_gdp_ratio,1.9874
Denmark,Northern Europe,Europe,"NATO, EU",kpi_budget_to_gdp_ratio,1.6867
Turkmenistan,Central Asia,Asia,None,kpi_budget_to_gdp_ratio,1.1373
Central African Republic,Central Africa,Africa,AFRICAN_UNION,kpi_budget_to_gdp_ratio,0.7863
Finland,Northern Europe,Europe,"NATO, EU",kpi_budget_to_gdp_ratio,2.1112
Slovakia,Eastern Europe,Europe,"NATO, EU",kpi_budget_to_gdp_ratio,1.2466
Norway,Northern Europe,Europe,NATO,kpi_budget_to_gdp_ratio,1.9438
Liberia,West Africa,Africa,AFRICAN_UNION,kpi_budget_to_gdp_ratio,4.1063
Lebanon,Middle East,Asia,ARAB_LEAGUE,kpi_budget_to_gdp_ratio,1.1672
Ireland,Western Europe,Europe,EU,kpi_budget_to_gdp_ratio,0.2465
New Zealand,Oceania,Oceania,FIVE_EYES,kpi_budget_to_gdp_ratio,1.1893
Georgia,Eastern Europe,Europe,None,kpi_budget_to_gdp_ratio,0.5925
Panama,Central America,North America,None,kpi_budget_to_gdp_ratio,0.5737
Mauritania,West Africa,Africa,"ARAB_LEAGUE, AFRICAN_UNION",kpi_budget_to_gdp_ratio,0.8595
Croatia,Southern Europe,Europe,"NATO, EU",kpi_budget_to_gdp_ratio,0.7382
Oman,Middle East,Asia,ARAB_LEAGUE,kpi_budget_to_gdp_ratio,4.4096
Bosnia and Herzegovina,Eastern Europe,Europe,None,kpi_budget_to_gdp_ratio,0.3393
Moldova,Eastern Europe,Europe,None,kpi_budget_to_gdp_ratio,4.3881
Uruguay,South America,South America,None,kpi_budget_to_gdp_ratio,0.7349
Mongolia,East Asia,Asia,None,kpi_budget_to_gdp_ratio,0.2935
Kuwait,Middle East,Asia,ARAB_LEAGUE,kpi_budget_to_gdp_ratio,3.1726
Albania,Southern Europe,Europe,NATO,kpi_budget_to_gdp_ratio,1.1269
Armenia,Eastern Europe,Europe,None,kpi_budget_to_gdp_ratio,2.9448
Namibia,Southern Africa,Africa,AFRICAN_UNION,kpi_budget_to_gdp_ratio,1.2373
Lithuania,Northern Europe,Europe,"NATO, EU",kpi_budget_to_gdp_ratio,1.8001
Qatar,Middle East,Asia,ARAB_LEAGUE,kpi_budget_to_gdp_ratio,3.0927
Gabon,Central Africa,Africa,AFRICAN_UNION,kpi_budget_to_gdp_ratio,0.5702
Botswana,Southern Africa,Africa,AFRICAN_UNION,kpi_budget_to_gdp_ratio,0.9961
North Macedonia,Eastern Europe,Europe,NATO,kpi_budget_to_gdp_ratio,0.9151
Slovenia,Southern Europe,Europe,"NATO, EU",kpi_budget_to_gdp_ratio,0.8692
Kosovo,Eastern Europe,Europe,None,kpi_budget_to_gdp_ratio,1.0957
Latvia,Northern Europe,Europe,"NATO, EU",kpi_budget_to_gdp_ratio,1.5993
Bahrain,Middle East,Asia,ARAB_LEAGUE,kpi_budget_to_gdp_ratio,1.8683
Estonia,Northern Europe,Europe,"NATO, EU",kpi_budget_to_gdp_ratio,2.5504
Bhutan,South Asia,Asia,None,kpi_budget_to_gdp_ratio,0.1275
Luxembourg,Western Europe,Europe,"NATO, EU",kpi_budget_to_gdp_ratio,0.8201
Suriname,South America,South America,None,kpi_budget_to_gdp_ratio,1.2179
Montenegro,Southern Europe,Europe,NATO,kpi_budget_to_gdp_ratio,0.8653
Beliz,Central America,North America,None,kpi_budget_to_gdp_ratio,0.5619
Iceland,Northern Europe,Europe,NATO,kpi_budget_to_gdp_ratio,1.1944
China,East Asia,Asia,"BRICS, SCO",kpi_air_power_score,7236.0
India,South Asia,Asia,"BRICS, SCO",kpi_air_power_score,3588.0
United States,North America,North America,"NATO, FIVE_EYES",kpi_air_power_score,19040.0
Indonesia,Southeast Asia,Asia,ASEAN,kpi_air_power_score,574.0
Pakistan,South Asia,Asia,SCO,kpi_air_power_score,2209.0
Nigeria,West Africa,Africa,AFRICAN_UNION,kpi_air_power_score,246.0
Brazil,South America,South America,BRICS,kpi_air_power_score,576.0
Bangladesh,South Asia,Asia,None,kpi_air_power_score,266.0
Russia,Eastern Europe,Europe,"BRICS, SCO",kpi_air_power_score,8307.0
Mexico,Central America,North America,None,kpi_air_power_score,397.0
Japan,East Asia,Asia,None,kpi_air_power_score,2004.0
Ethiopia,East Africa,Africa,"BRICS, AFRICAN_UNION",kpi_air_power_score,157.0
Philippines,Southeast Asia,Asia,ASEAN,kpi_air_power_score,228.0
Democratic Republic of the Congo,Central Africa,Africa,AFRICAN_UNION,kpi_air_power_score,73.0
Egypt,North Africa,Africa,"BRICS, ARAB_LEAGUE, AFRICAN_UNION",kpi_air_power_score,1860.0
Vietnam,Southeast Asia,Asia,ASEAN,kpi_air_power_score,376.0
Iran,Middle East,Asia,"BRICS, SCO",kpi_air_power_score,982.0
Turkiye,Middle East,Asia,NATO,kpi_air_power_score,1620.0
Germany,Western Europe,Europe,"NATO, EU",kpi_air_power_score,1099.0
Thailand,Southeast Asia,Asia,ASEAN,kpi_air_power_score,656.0
United Kingdom,Western Europe,Europe,"NATO, FIVE_EYES",kpi_air_power_score,939.0
France,Western Europe,Europe,"NATO, EU",kpi_air_power_score,1526.0
Tanzania,East Africa,Africa,AFRICAN_UNION,kpi_air_power_score,68.0
Italy,Southern Europe,Europe,"NATO, EU",kpi_air_power_score,1069.0
South Africa,Southern Africa,Africa,"BRICS, AFRICAN_UNION",kpi_air_power_score,160.0
Kenya,East Africa,Africa,AFRICAN_UNION,kpi_air_power_score,176.0
Myanmar,Southeast Asia,Asia,ASEAN,kpi_air_power_score,457.0
South Korea,East Asia,Asia,None,kpi_air_power_score,2612.0
Sudan,North Africa,Africa,"ARAB_LEAGUE, AFRICAN_UNION",kpi_air_power_score,363.0
Colombia,South America,South America,None,kpi_air_power_score,454.0
Uganda,East Africa,Africa,AFRICAN_UNION,kpi_air_power_score,70.0
Spain,Southern Europe,Europe,"NATO, EU",kpi_air_power_score,782.0
Algeria,North Africa,Africa,"ARAB_LEAGUE, AFRICAN_UNION",kpi_air_power_score,1012.0
Argentina,South America,South America,None,kpi_air_power_score,263.0
Iraq,Middle East,Asia,ARAB_LEAGUE,kpi_air_power_score,540.0
Afghanistan,South Asia,Asia,None,kpi_air_power_score,10.0
Canada,North America,North America,"NATO, FIVE_EYES",kpi_air_power_score,446.0
Poland,Eastern Europe,Europe,"NATO, EU",kpi_air_power_score,692.0
Morocco,North Africa,Africa,"ARAB_LEAGUE, AFRICAN_UNION",kpi_air_power_score,418.0
Angola,Southern Africa,Africa,AFRICAN_UNION,kpi_air_power_score,480.0
Saudi Arabia,Middle East,Asia,"BRICS, ARAB_LEAGUE",kpi_air_power_score,1710.0
Uzbekistan,Central Asia,Asia,SCO,kpi_air_power_score,421.0
Ukraine,Eastern Europe,Europe,None,kpi_air_power_score,608.0
Ghana,West Africa,Africa,AFRICAN_UNION,kpi_air_power_score,14.0
Malaysia,Southeast Asia,Asia,ASEAN,kpi_air_power_score,198.0
Mozambique,East Africa,Africa,AFRICAN_UNION,kpi_air_power_score,43.0
Peru,South America,South America,None,kpi_air_power_score,316.0
Yemen,Middle East,Asia,ARAB_LEAGUE,kpi_air_power_score,182.0
Venezuela,South America,South America,None,kpi_air_power_score,268.0
Nepal,South Asia,Asia,None,kpi_air_power_score,12.0
Cameroon,Central Africa,Africa,AFRICAN_UNION,kpi_air_power_score,28.0
Ivory Coast,West Africa,Africa,AFRICAN_UNION,kpi_air_power_score,20.0
Madagascar,East Africa,Africa,AFRICAN_UNION,kpi_air_power_score,5.0
Australia,Oceania,Oceania,FIVE_EYES,kpi_air_power_score,469.0
Niger,West Africa,Africa,AFRICAN_UNION,kpi_air_power_score,26.0
North Korea,East Asia,Asia,None,kpi_air_power_score,1962.0
Syria,Middle East,Asia,ARAB_LEAGUE,kpi_air_power_score,504.0
Taiwan,East Asia,Asia,None,kpi_air_power_score,1536.0
Burkina Faso,West Africa,Africa,AFRICAN_UNION,kpi_air_power_score,39.0
Mali,West Africa,Africa,AFRICAN_UNION,kpi_air_power_score,100.0
Sri Lanka,South Asia,Asia,None,kpi_air_power_score,103.0
Zambia,Southern Africa,Africa,AFRICAN_UNION,kpi_air_power_score,54.0
Kazakhstan,Central Asia,Asia,SCO,kpi_air_power_score,407.0
Chad,Central Africa,Africa,AFRICAN_UNION,kpi_air_power_score,52.0
Senegal,West Africa,Africa,AFRICAN_UNION,kpi_air_power_score,40.0
Chile,South America,South America,None,kpi_air_power_score,317.0
Ecuador,South America,South America,None,kpi_air_power_score,74.0
Guatemala,Central America,North America,None,kpi_air_power_score,38.0
Romania,Eastern Europe,Europe,"NATO, EU",kpi_air_power_score,166.0
Netherlands,Western Europe,Europe,"NATO, EU",kpi_air_power_score,212.0
Zimbabwe,Southern Africa,Africa,AFRICAN_UNION,kpi_air_power_score,112.0
Cambodia,Southeast Asia,Asia,ASEAN,kpi_air_power_score,23.0
Benin,West Africa,Africa,AFRICAN_UNION,kpi_air_power_score,5.0
Somalia,East Africa,Africa,"ARAB_LEAGUE, AFRICAN_UNION",kpi_air_power_score,0.0
South Sudan,East Africa,Africa,AFRICAN_UNION,kpi_air_power_score,30.0
Bolivia,South America,South America,None,kpi_air_power_score,48.0
Tunisia,North Africa,Africa,"ARAB_LEAGUE, AFRICAN_UNION",kpi_air_power_score,158.0
Belgium,Western Europe,Europe,"NATO, EU",kpi_air_power_score,193.0
Jordan,Middle East,Asia,ARAB_LEAGUE,kpi_air_power_score,450.0
Cuba,Caribbean,North America,None,kpi_air_power_score,63.0
Czechia,Eastern Europe,Europe,"NATO, EU",kpi_air_power_score,154.0
Dominican Republic,Caribbean,North America,None,kpi_air_power_score,84.0
Azerbaijan,Eastern Europe,Europe,None,kpi_air_power_score,233.0
Portugal,Southern Europe,Europe,"NATO, EU",kpi_air_power_score,157.0
Sweden,Northern Europe,Europe,"NATO, EU",kpi_air_power_score,324.0
Greece,Southern Europe,Europe,"NATO, EU",kpi_air_power_score,1018.0
Tajikistan,Central Asia,Asia,SCO,kpi_air_power_score,34.0
United Arab Emirates,Middle East,Asia,"BRICS, ARAB_LEAGUE",kpi_air_power_score,796.0
Hungary,Eastern Europe,Europe,"NATO, EU",kpi_air_power_score,108.0
Honduras,Central America,North America,None,kpi_air_power_score,54.0
Belarus,Eastern Europe,Europe,SCO,kpi_air_power_score,418.0
Israel,Middle East,Asia,None,kpi_air_power_score,1290.0
Sierra Leone,West Africa,Africa,AFRICAN_UNION,kpi_air_power_score,1.0
Austria,Western Europe,Europe,EU,kpi_air_power_score,108.0
Switzerland,Western Europe,Europe,None,kpi_air_power_score,222.0
Laos,Southeast Asia,Asia,ASEAN,kpi_air_power_score,28.0
Paraguay,South America,South America,None,kpi_air_power_score,26.0
Libya,North Africa,Africa,"ARAB_LEAGUE, AFRICAN_UNION",kpi_air_power_score,120.0
Bulgaria,Eastern Europe,Europe,"NATO, EU",kpi_air_power_score,96.0
Nicaragua,Central America,North America,None,kpi_air_power_score,14.0
Serbia,Eastern Europe,Europe,None,kpi_air_power_score,162.0
El Salvador,Central America,North America,None,kpi_air_power_score,78.0
Eritrea,East Africa,Africa,AFRICAN_UNION,kpi_air_power_score,32.0
Kyrgyzstan,Central Asia,Asia,SCO,kpi_air_power_score,11.0
Republic of the Congo,Central Africa,Africa,AFRICAN_UNION,kpi_air_power_score,18.0
Singapore,Southeast Asia,Asia,ASEAN,kpi_air_power_score,486.0
Denmark,Northern Europe,Europe,"NATO, EU",kpi_air_power_score,178.0
Turkmenistan,Central Asia,Asia,None,kpi_air_power_score,218.0
Central African Republic,Central Africa,Africa,AFRICAN_UNION,kpi_air_power_score,18.0
Finland,Northern Europe,Europe,"NATO, EU",kpi_air_power_score,257.0
Slovakia,Eastern Europe,Europe,"NATO, EU",kpi_air_power_score,38.0
Norway,Northern Europe,Europe,NATO,kpi_air_power_score,145.0
Liberia,West Africa,Africa,AFRICAN_UNION,kpi_air_power_score,0.0
Lebanon,Middle East,Asia,ARAB_LEAGUE,kpi_air_power_score,96.0
Ireland,Western Europe,Europe,EU,kpi_air_power_score,15.0
New Zealand,Oceania,Oceania,FIVE_EYES,kpi_air_power_score,34.0
Georgia,Eastern Europe,Europe,None,kpi_air_power_score,87.0
Panama,Central America,North America,None,kpi_air_power_score,30.0
Mauritania,West Africa,Africa,"ARAB_LEAGUE, AFRICAN_UNION",kpi_air_power_score,24.0
Croatia,Southern Europe,Europe,"NATO, EU",kpi_air_power_score,82.0
Oman,Middle East,Asia,ARAB_LEAGUE,kpi_air_power_score,192.0
Bosnia and Herzegovina,Eastern Europe,Europe,None,kpi_air_power_score,22.0
Moldova,Eastern Europe,Europe,None,kpi_air_power_score,2.0
Uruguay,South America,South America,None,kpi_air_power_score,42.0
Mongolia,East Asia,Asia,None,kpi_air_power_score,4.0
Kuwait,Middle East,Asia,ARAB_LEAGUE,kpi_air_power_score,258.0
Albania,Southern Europe,Europe,NATO,kpi_air_power_score,19.0
Armenia,Eastern Europe,Europe,None,kpi_air_power_score,143.0
Namibia,Southern Africa,Africa,AFRICAN_UNION,kpi_air_power_score,58.0
Lithuania,Northern Europe,Europe,"NATO, EU",kpi_air_power_score,6.0
Qatar,Middle East,Asia,ARAB_LEAGUE,kpi_air_power_score,534.0
Gabon,Central Africa,Africa,AFRICAN_UNION,kpi_air_power_score,38.0
Botswana,Southern Africa,Africa,AFRICAN_UNION,kpi_air_power_score,64.0
North Macedonia,Eastern Europe,Europe,NATO,kpi_air_power_score,23.0
Slovenia,Southern Europe,Europe,"NATO, EU",kpi_air_power_score,28.0
Kosovo,Eastern Europe,Europe,None,kpi_air_power_score,0.0
Latvia,Northern Europe,Europe,"NATO, EU",kpi_air_power_score,7.0
Bahrain,Middle East,Asia,ARAB_LEAGUE,kpi_air_power_score,246.0
Estonia,Northern Europe,Europe,"NATO, EU",kpi_air_power_score,4.0
Bhutan,South Asia,Asia,None,kpi_air_power_score,2.0
Luxembourg,Western Europe,Europe,"NATO, EU",kpi_air_power_score,0.0
Suriname,South America,South America,None,kpi_air_power_score,3.0
Montenegro,Southern Europe,Europe,NATO,kpi_air_power_score,11.0
Beliz,Central America,North America,None,kpi_air_power_score,2.0
Iceland,Northern Europe,Europe,NATO,kpi_air_power_score,0.0
China,East Asia,Asia,"BRICS, SCO",kpi_naval_power_score,1528.0
India,South Asia,Asia,"BRICS, SCO",kpi_naval_power_score,534.0
United States,North America,North America,"NATO, FIVE_EYES",kpi_naval_power_score,1875.0
Indonesia,Southeast Asia,Asia,ASEAN,kpi_naval_power_score,226.0
Pakistan,South Asia,Asia,SCO,kpi_naval_power_score,168.0
Nigeria,West Africa,Africa,AFRICAN_UNION,kpi_naval_power_score,70.0
Brazil,South America,South America,BRICS,kpi_naval_power_score,90.0
Bangladesh,South Asia,Asia,None,kpi_naval_power_score,100.0
Russia,Eastern Europe,Europe,"BRICS, SCO",kpi_naval_power_score,976.0
Mexico,Central America,North America,None,kpi_naval_power_score,112.0
Japan,East Asia,Asia,None,kpi_naval_power_score,548.0
Ethiopia,East Africa,Africa,"BRICS, AFRICAN_UNION",kpi_naval_power_score,0.0
Philippines,Southeast Asia,Asia,ASEAN,kpi_naval_power_score,62.0
Democratic Republic of the Congo,Central Africa,Africa,AFRICAN_UNION,kpi_naval_power_score,8.0
Egypt,North Africa,Africa,"BRICS, ARAB_LEAGUE, AFRICAN_UNION",kpi_naval_power_score,194.0
Vietnam,Southeast Asia,Asia,ASEAN,kpi_naval_power_score,172.0
Iran,Middle East,Asia,"BRICS, SCO",kpi_naval_power_score,324.0
Turkiye,Middle East,Asia,NATO,kpi_naval_power_score,272.0
Germany,Western Europe,Europe,"NATO, EU",kpi_naval_power_score,124.0
Thailand,Southeast Asia,Asia,ASEAN,kpi_naval_power_score,168.0
United Kingdom,Western Europe,Europe,"NATO, FIVE_EYES",kpi_naval_power_score,298.0
France,Western Europe,Europe,"NATO, EU",kpi_naval_power_score,292.0
Tanzania,East Africa,Africa,AFRICAN_UNION,kpi_naval_power_score,6.0
Italy,Southern Europe,Europe,"NATO, EU",kpi_naval_power_score,323.0
South Africa,Southern Africa,Africa,"BRICS, AFRICAN_UNION",kpi_naval_power_score,66.0
Kenya,East Africa,Africa,AFRICAN_UNION,kpi_naval_power_score,12.0
Myanmar,Southeast Asia,Asia,ASEAN,kpi_naval_power_score,164.0
South Korea,East Asia,Asia,None,kpi_naval_power_score,450.0
Sudan,North Africa,Africa,"ARAB_LEAGUE, AFRICAN_UNION",kpi_naval_power_score,3.0
Colombia,South America,South America,None,kpi_naval_power_score,178.0
Uganda,East Africa,Africa,AFRICAN_UNION,kpi_naval_power_score,0.0
Spain,Southern Europe,Europe,"NATO, EU",kpi_naval_power_score,179.0
Algeria,North Africa,Africa,"ARAB_LEAGUE, AFRICAN_UNION",kpi_naval_power_score,139.0
Argentina,South America,South America,None,kpi_naval_power_score,57.0
Iraq,Middle East,Asia,ARAB_LEAGUE,kpi_naval_power_score,34.0
Afghanistan,South Asia,Asia,None,kpi_naval_power_score,0.0
Canada,North America,North America,"NATO, FIVE_EYES",kpi_naval_power_score,112.0
Poland,Eastern Europe,Europe,"NATO, EU",kpi_naval_power_score,47.0
Morocco,North Africa,Africa,"ARAB_LEAGUE, AFRICAN_UNION",kpi_naval_power_score,74.0
Angola,Southern Africa,Africa,AFRICAN_UNION,kpi_naval_power_score,16.0
Saudi Arabia,Middle East,Asia,"BRICS, ARAB_LEAGUE",kpi_naval_power_score,37.0
Uzbekistan,Central Asia,Asia,SCO,kpi_naval_power_score,0.0
Ukraine,Eastern Europe,Europe,None,kpi_naval_power_score,44.0
Ghana,West Africa,Africa,AFRICAN_UNION,kpi_naval_power_score,14.0
Malaysia,Southeast Asia,Asia,ASEAN,kpi_naval_power_score,76.0
Mozambique,East Africa,Africa,AFRICAN_UNION,kpi_naval_power_score,16.0
Peru,South America,South America,None,kpi_naval_power_score,96.0
Yemen,Middle East,Asia,ARAB_LEAGUE,kpi_naval_power_score,16.0
Venezuela,South America,South America,None,kpi_naval_power_score,30.0
Nepal,South Asia,Asia,None,kpi_naval_power_score,0.0
Cameroon,Central Africa,Africa,AFRICAN_UNION,kpi_naval_power_score,26.0
Ivory Coast,West Africa,Africa,AFRICAN_UNION,kpi_naval_power_score,2.0
Madagascar,East Africa,Africa,AFRICAN_UNION,kpi_naval_power_score,3.0
Australia,Oceania,Oceania,FIVE_EYES,kpi_naval_power_score,118.0
Niger,West Africa,Africa,AFRICAN_UNION,kpi_naval_power_score,0.0
North Korea,East Asia,Asia,None,kpi_naval_power_score,240.0
Syria,Middle East,Asia,ARAB_LEAGUE,kpi_naval_power_score,14.0
Taiwan,East Asia,Asia,None,kpi_naval_power_score,174.0
Burkina Faso,West Africa,Africa,AFRICAN_UNION,kpi_naval_power_score,0.0
Mali,West Africa,Africa,AFRICAN_UNION,kpi_naval_power_score,0.0
Sri Lanka,South Asia,Asia,None,kpi_naval_power_score,150.0
Zambia,Southern Africa,Africa,AFRICAN_UNION,kpi_naval_power_score,0.0
Kazakhstan,Central Asia,Asia,SCO,kpi_naval_power_score,13.0
Chad,Central Africa,Africa,AFRICAN_UNION,kpi_naval_power_score,0.0
Senegal,West Africa,Africa,AFRICAN_UNION,kpi_naval_power_score,2.0
Chile,South America,South America,None,kpi_naval_power_score,129.0
Ecuador,South America,South America,None,kpi_naval_power_score,41.0
Guatemala,Central America,North America,None,kpi_naval_power_score,12.0
Romania,Eastern Europe,Europe,"NATO, EU",kpi_naval_power_score,19.0
Netherlands,Western Europe,Europe,"NATO, EU",kpi_naval_power_score,80.0
Zimbabwe,Southern Africa,Africa,AFRICAN_UNION,kpi_naval_power_score,0.0
Cambodia,Southeast Asia,Asia,ASEAN,kpi_naval_power_score,10.0
Benin,West Africa,Africa,AFRICAN_UNION,kpi_naval_power_score,1.0
Somalia,East Africa,Africa,"ARAB_LEAGUE, AFRICAN_UNION",kpi_naval_power_score,5.0
South Sudan,East Africa,Africa,AFRICAN_UNION,kpi_naval_power_score,0.0
Bolivia,South America,South America,None,kpi_naval_power_score,34.0
Tunisia,North Africa,Africa,"ARAB_LEAGUE, AFRICAN_UNION",kpi_naval_power_score,29.0
Belgium,Western Europe,Europe,"NATO, EU",kpi_naval_power_score,10.0
Jordan,Middle East,Asia,ARAB_LEAGUE,kpi_naval_power_score,14.0
Cuba,Caribbean,North America,None,kpi_naval_power_score,12.0
Czechia,Eastern Europe,Europe,"NATO, EU",kpi_naval_power_score,0.0
Dominican Republic,Caribbean,North America,None,kpi_naval_power_score,17.0
Azerbaijan,Eastern Europe,Europe,None,kpi_naval_power_score,59.0
Portugal,Southern Europe,Europe,"NATO, EU",kpi_naval_power_score,132.0
Sweden,Northern Europe,Europe,"NATO, EU",kpi_naval_power_score,194.0
Greece,Southern Europe,Europe,"NATO, EU",kpi_naval_power_score,235.0
Tajikistan,Central Asia,Asia,SCO,kpi_naval_power_score,0.0
United Arab Emirates,Middle East,Asia,"BRICS, ARAB_LEAGUE",kpi_naval_power_score,90.0
Hungary,Eastern Europe,Europe,"NATO, EU",kpi_naval_power_score,0.0
Honduras,Central America,North America,None,kpi_naval_power_score,49.0
Belarus,Eastern Europe,Europe,SCO,kpi_naval_power_score,0.0
Israel,Middle East,Asia,None,kpi_naval_power_score,81.0
Sierra Leone,West Africa,Africa,AFRICAN_UNION,kpi_naval_power_score,4.0
Austria,Western Europe,Europe,EU,kpi_naval_power_score,0.0
Switzerland,Western Europe,Europe,None,kpi_naval_power_score,0.0
Laos,Southeast Asia,Asia,ASEAN,kpi_naval_power_score,18.0
Paraguay,South America,South America,None,kpi_naval_power_score,36.0
Libya,North Africa,Africa,"ARAB_LEAGUE, AFRICAN_UNION",kpi_naval_power_score,2.0
Bulgaria,Eastern Europe,Europe,"NATO, EU",kpi_naval_power_score,30.0
Nicaragua,Central America,North America,None,kpi_naval_power_score,12.0
Serbia,Eastern Europe,Europe,None,kpi_naval_power_score,10.0
El Salvador,Central America,North America,None,kpi_naval_power_score,7.0
Eritrea,East Africa,Africa,AFRICAN_UNION,kpi_naval_power_score,12.0
Kyrgyzstan,Central Asia,Asia,SCO,kpi_naval_power_score,0.0
Republic of the Congo,Central Africa,Africa,AFRICAN_UNION,kpi_naval_power_score,2.0
Singapore,Southeast Asia,Asia,ASEAN,kpi_naval_power_score,103.0
Denmark,Northern Europe,Europe,"NATO, EU",kpi_naval_power_score,52.0
Turkmenistan,Central Asia,Asia,None,kpi_naval_power_score,8.0
Central African Republic,Central Africa,Africa,AFRICAN_UNION,kpi_naval_power_score,0.0
Finland,Northern Europe,Europe,"NATO, EU",kpi_naval_power_score,132.0
Slovakia,Eastern Europe,Europe,"NATO, EU",kpi_naval_power_score,0.0
Norway,Northern Europe,Europe,NATO,kpi_naval_power_score,94.0
Liberia,West Africa,Africa,AFRICAN_UNION,kpi_naval_power_score,2.0
Lebanon,Middle East,Asia,ARAB_LEAGUE,kpi_naval_power_score,32.0
Ireland,Western Europe,Europe,EU,kpi_naval_power_score,4.0
New Zealand,Oceania,Oceania,FIVE_EYES,kpi_naval_power_score,10.0
Georgia,Eastern Europe,Europe,None,kpi_naval_power_score,10.0
Panama,Central America,North America,None,kpi_naval_power_score,15.0
Mauritania,West Africa,Africa,"ARAB_LEAGUE, AFRICAN_UNION",kpi_naval_power_score,3.0
Croatia,Southern Europe,Europe,"NATO, EU",kpi_naval_power_score,15.0
Oman,Middle East,Asia,ARAB_LEAGUE,kpi_naval_power_score,11.0
Bosnia and Herzegovina,Eastern Europe,Europe,None,kpi_naval_power_score,0.0
Moldova,Eastern Europe,Europe,None,kpi_naval_power_score,0.0
Uruguay,South America,South America,None,kpi_naval_power_score,7.0
Mongolia,East Asia,Asia,None,kpi_naval_power_score,0.0
Kuwait,Middle East,Asia,ARAB_LEAGUE,kpi_naval_power_score,62.0
Albania,Southern Europe,Europe,NATO,kpi_naval_power_score,10.0
Armenia,Eastern Europe,Europe,None,kpi_naval_power_score,0.0
Namibia,Southern Africa,Africa,AFRICAN_UNION,kpi_naval_power_score,8.0
Lithuania,Northern Europe,Europe,"NATO, EU",kpi_naval_power_score,7.0
Qatar,Middle East,Asia,ARAB_LEAGUE,kpi_naval_power_score,58.0
Gabon,Central Africa,Africa,AFRICAN_UNION,kpi_naval_power_score,2.0
Botswana,Southern Africa,Africa,AFRICAN_UNION,kpi_naval_power_score,0.0
North Macedonia,Eastern Europe,Europe,NATO,kpi_naval_power_score,0.0
Slovenia,Southern Europe,Europe,"NATO, EU",kpi_naval_power_score,1.0
Kosovo,Eastern Europe,Europe,None,kpi_naval_power_score,0.0
Latvia,Northern Europe,Europe,"NATO, EU",kpi_naval_power_score,9.0
Bahrain,Middle East,Asia,ARAB_LEAGUE,kpi_naval_power_score,38.0
Estonia,Northern Europe,Europe,"NATO, EU",kpi_naval_power_score,4.0
Bhutan,South Asia,Asia,None,kpi_naval_power_score,0.0
Luxembourg,Western Europe,Europe,"NATO, EU",kpi_naval_power_score,0.0
Suriname,South America,South America,None,kpi_naval_power_score,8.0
Montenegro,Southern Europe,Europe,NATO,kpi_naval_power_score,7.0
Beliz,Central America,North America,None,kpi_naval_power_score,4.0
Iceland,Northern Europe,Europe,NATO,kpi_naval_power_score,0.0
China,East Asia,Asia,"BRICS, SCO",kpi_land_power_score,166387.0
India,South Asia,Asia,"BRICS, SCO",kpi_land_power_score,164564.0
United States,North America,North America,"NATO, FIVE_EYES",kpi_land_power_score,405396.0
Indonesia,Southeast Asia,Asia,ASEAN,kpi_land_power_score,22326.0
Pakistan,South Asia,Asia,SCO,kpi_land_power_score,28360.0
Nigeria,West Africa,Africa,AFRICAN_UNION,kpi_land_power_score,10420.0
Brazil,South America,South America,BRICS,kpi_land_power_score,24194.0
Bangladesh,South Asia,Asia,None,kpi_land_power_score,13290.0
Russia,Eastern Europe,Europe,"BRICS, SCO",kpi_land_power_score,164856.0
Mexico,Central America,North America,None,kpi_land_power_score,20205.0
Japan,East Asia,Asia,None,kpi_land_power_score,34197.0
Ethiopia,East Africa,Africa,"BRICS, AFRICAN_UNION",kpi_land_power_score,8610.0
Philippines,Southeast Asia,Asia,ASEAN,kpi_land_power_score,12507.0
Democratic Republic of the Congo,Central Africa,Africa,AFRICAN_UNION,kpi_land_power_score,1395.0
Egypt,North Africa,Africa,"BRICS, ARAB_LEAGUE, AFRICAN_UNION",kpi_land_power_score,51719.0
Vietnam,Southeast Asia,Asia,ASEAN,kpi_land_power_score,16122.0
Iran,Middle East,Asia,"BRICS, SCO",kpi_land_power_score,73554.0
Turkiye,Middle East,Asia,NATO,kpi_land_power_score,70122.0
Germany,Western Europe,Europe,"NATO, EU",kpi_land_power_score,84235.0
Thailand,Southeast Asia,Asia,ASEAN,kpi_land_power_score,19524.0
United Kingdom,Western Europe,Europe,"NATO, FIVE_EYES",kpi_land_power_score,39134.0
France,Western Europe,Europe,"NATO, EU",kpi_land_power_score,111706.0
Tanzania,East Africa,Africa,AFRICAN_UNION,kpi_land_power_score,1223.0
Italy,Southern Europe,Europe,"NATO, EU",kpi_land_power_score,74304.0
South Africa,Southern Africa,Africa,"BRICS, AFRICAN_UNION",kpi_land_power_score,19542.0
Kenya,East Africa,Africa,AFRICAN_UNION,kpi_land_power_score,4660.0
Myanmar,Southeast Asia,Asia,ASEAN,kpi_land_power_score,7478.0
South Korea,East Asia,Asia,None,kpi_land_power_score,75457.0
Sudan,North Africa,Africa,"ARAB_LEAGUE, AFRICAN_UNION",kpi_land_power_score,4020.0
Colombia,South America,South America,None,kpi_land_power_score,3927.0
Uganda,East Africa,Africa,AFRICAN_UNION,kpi_land_power_score,4473.0
Spain,Southern Europe,Europe,"NATO, EU",kpi_land_power_score,18966.0
Algeria,North Africa,Africa,"ARAB_LEAGUE, AFRICAN_UNION",kpi_land_power_score,30356.0
Argentina,South America,South America,None,kpi_land_power_score,22856.0
Iraq,Middle East,Asia,ARAB_LEAGUE,kpi_land_power_score,41097.0
Afghanistan,South Asia,Asia,None,kpi_land_power_score,5202.0
Canada,North America,North America,"NATO, FIVE_EYES",kpi_land_power_score,21920.0
Poland,Eastern Europe,Europe,"NATO, EU",kpi_land_power_score,25584.0
Morocco,North Africa,Africa,"ARAB_LEAGUE, AFRICAN_UNION",kpi_land_power_score,10702.0
Angola,Southern Africa,Africa,AFRICAN_UNION,kpi_land_power_score,7125.0
Saudi Arabia,Middle East,Asia,"BRICS, ARAB_LEAGUE",kpi_land_power_score,22176.0
Uzbekistan,Central Asia,Asia,SCO,kpi_land_power_score,4272.0
Ukraine,Eastern Europe,Europe,None,kpi_land_power_score,23958.0
Ghana,West Africa,Africa,AFRICAN_UNION,kpi_land_power_score,1848.0
Malaysia,Southeast Asia,Asia,ASEAN,kpi_land_power_score,14009.0
Mozambique,East Africa,Africa,AFRICAN_UNION,kpi_land_power_score,1021.0
Peru,South America,South America,None,kpi_land_power_score,7613.0
Yemen,Middle East,Asia,ARAB_LEAGUE,kpi_land_power_score,639.0
Venezuela,South America,South America,None,kpi_land_power_score,9477.0
Nepal,South Asia,Asia,None,kpi_land_power_score,1224.0
Cameroon,Central Africa,Africa,AFRICAN_UNION,kpi_land_power_score,575.0
Ivory Coast,West Africa,Africa,AFRICAN_UNION,kpi_land_power_score,691.0
Madagascar,East Africa,Africa,AFRICAN_UNION,kpi_land_power_score,197.0
Australia,Oceania,Oceania,FIVE_EYES,kpi_land_power_score,15895.0
Niger,West Africa,Africa,AFRICAN_UNION,kpi_land_power_score,481.0
North Korea,East Asia,Asia,None,kpi_land_power_score,31296.0
Syria,Middle East,Asia,ARAB_LEAGUE,kpi_land_power_score,13144.0
Taiwan,East Asia,Asia,None,kpi_land_power_score,24684.0
Burkina Faso,West Africa,Africa,AFRICAN_UNION,kpi_land_power_score,515.0
Mali,West Africa,Africa,AFRICAN_UNION,kpi_land_power_score,645.0
Sri Lanka,South Asia,Asia,None,kpi_land_power_score,3768.0
Zambia,Southern Africa,Africa,AFRICAN_UNION,kpi_land_power_score,572.0
Kazakhstan,Central Asia,Asia,SCO,kpi_land_power_score,9026.0
Chad,Central Africa,Africa,AFRICAN_UNION,kpi_land_power_score,3559.0
Senegal,West Africa,Africa,AFRICAN_UNION,kpi_land_power_score,1787.0
Chile,South America,South America,None,kpi_land_power_score,10130.0
Ecuador,South America,South America,None,kpi_land_power_score,5520.0
Guatemala,Central America,North America,None,kpi_land_power_score,879.0
Romania,Eastern Europe,Europe,"NATO, EU",kpi_land_power_score,12591.0
Netherlands,Western Europe,Europe,"NATO, EU",kpi_land_power_score,2901.0
Zimbabwe,Southern Africa,Africa,AFRICAN_UNION,kpi_land_power_score,887.0
Cambodia,Southeast Asia,Asia,ASEAN,kpi_land_power_score,5826.0
Benin,West Africa,Africa,AFRICAN_UNION,kpi_land_power_score,121.0
Somalia,East Africa,Africa,"ARAB_LEAGUE, AFRICAN_UNION",kpi_land_power_score,697.0
South Sudan,East Africa,Africa,AFRICAN_UNION,kpi_land_power_score,2231.0
Bolivia,South America,South America,None,kpi_land_power_score,1197.0
Tunisia,North Africa,Africa,"ARAB_LEAGUE, AFRICAN_UNION",kpi_land_power_score,8310.0
Belgium,Western Europe,Europe,"NATO, EU",kpi_land_power_score,4631.0
Jordan,Middle East,Asia,ARAB_LEAGUE,kpi_land_power_score,20298.0
Cuba,Caribbean,North America,None,kpi_land_power_score,7420.0
Czechia,Eastern Europe,Europe,"NATO, EU",kpi_land_power_score,6529.0
Dominican Republic,Caribbean,North America,None,kpi_land_power_score,616.0
Azerbaijan,Eastern Europe,Europe,None,kpi_land_power_score,10034.0
Portugal,Southern Europe,Europe,"NATO, EU",kpi_land_power_score,11128.0
Sweden,Northern Europe,Europe,"NATO, EU",kpi_land_power_score,7078.0
Greece,Southern Europe,Europe,"NATO, EU",kpi_land_power_score,66649.0
Tajikistan,Central Asia,Asia,SCO,kpi_land_power_score,1350.0
United Arab Emirates,Middle East,Asia,"BRICS, ARAB_LEAGUE",kpi_land_power_score,9876.0
Hungary,Eastern Europe,Europe,"NATO, EU",kpi_land_power_score,8735.0
Honduras,Central America,North America,None,kpi_land_power_score,736.0
Belarus,Eastern Europe,Europe,SCO,kpi_land_power_score,8851.0
Israel,Middle East,Asia,None,kpi_land_power_score,39540.0
Sierra Leone,West Africa,Africa,AFRICAN_UNION,kpi_land_power_score,163.0
Austria,Western Europe,Europe,EU,kpi_land_power_score,7495.0
Switzerland,Western Europe,Europe,None,kpi_land_power_score,7707.0
Laos,Southeast Asia,Asia,ASEAN,kpi_land_power_score,4990.0
Paraguay,South America,South America,None,kpi_land_power_score,1161.0
Libya,North Africa,Africa,"ARAB_LEAGUE, AFRICAN_UNION",kpi_land_power_score,1998.0
Bulgaria,Eastern Europe,Europe,"NATO, EU",kpi_land_power_score,5239.0
Nicaragua,Central America,North America,None,kpi_land_power_score,2092.0
Serbia,Eastern Europe,Europe,None,kpi_land_power_score,4592.0
El Salvador,Central America,North America,None,kpi_land_power_score,1983.0
Eritrea,East Africa,Africa,AFRICAN_UNION,kpi_land_power_score,1257.0
Kyrgyzstan,Central Asia,Asia,SCO,kpi_land_power_score,3438.0
Republic of the Congo,Central Africa,Africa,AFRICAN_UNION,kpi_land_power_score,772.0
Singapore,Southeast Asia,Asia,ASEAN,kpi_land_power_score,9594.0
Denmark,Northern Europe,Europe,"NATO, EU",kpi_land_power_score,3992.0
Turkmenistan,Central Asia,Asia,None,kpi_land_power_score,7145.0
Central African Republic,Central Africa,Africa,AFRICAN_UNION,kpi_land_power_score,238.0
Finland,Northern Europe,Europe,"NATO, EU",kpi_land_power_score,13289.0
Slovakia,Eastern Europe,Europe,"NATO, EU",kpi_land_power_score,3250.0
Norway,Northern Europe,Europe,NATO,kpi_land_power_score,6726.0
Liberia,West Africa,Africa,AFRICAN_UNION,kpi_land_power_score,302.0
Lebanon,Middle East,Asia,ARAB_LEAGUE,kpi_land_power_score,5378.0
Ireland,Western Europe,Europe,EU,kpi_land_power_score,1720.0
New Zealand,Oceania,Oceania,FIVE_EYES,kpi_land_power_score,2169.0
Georgia,Eastern Europe,Europe,None,kpi_land_power_score,3975.0
Panama,Central America,North America,None,kpi_land_power_score,262.0
Mauritania,West Africa,Africa,"ARAB_LEAGUE, AFRICAN_UNION",kpi_land_power_score,822.0
Croatia,Southern Europe,Europe,"NATO, EU",kpi_land_power_score,3053.0
Oman,Middle East,Asia,ARAB_LEAGUE,kpi_land_power_score,4673.0
Bosnia and Herzegovina,Eastern Europe,Europe,None,kpi_land_power_score,1508.0
Moldova,Eastern Europe,Europe,None,kpi_land_power_score,622.0
Uruguay,South America,South America,None,kpi_land_power_score,3243.0
Mongolia,East Asia,Asia,None,kpi_land_power_score,4185.0
Kuwait,Middle East,Asia,ARAB_LEAGUE,kpi_land_power_score,6553.0
Albania,Southern Europe,Europe,NATO,kpi_land_power_score,1970.0
Armenia,Eastern Europe,Europe,None,kpi_land_power_score,2021.0
Namibia,Southern Africa,Africa,AFRICAN_UNION,kpi_land_power_score,2152.0
Lithuania,Northern Europe,Europe,"NATO, EU",kpi_land_power_score,1398.0
Qatar,Middle East,Asia,ARAB_LEAGUE,kpi_land_power_score,5376.0
Gabon,Central Africa,Africa,AFRICAN_UNION,kpi_land_power_score,429.0
Botswana,Southern Africa,Africa,AFRICAN_UNION,kpi_land_power_score,1407.0
North Macedonia,Eastern Europe,Europe,NATO,kpi_land_power_score,1382.0
Slovenia,Southern Europe,Europe,"NATO, EU",kpi_land_power_score,1570.0
Kosovo,Eastern Europe,Europe,None,kpi_land_power_score,747.0
Latvia,Northern Europe,Europe,"NATO, EU",kpi_land_power_score,1936.0
Bahrain,Middle East,Asia,ARAB_LEAGUE,kpi_land_power_score,3178.0
Estonia,Northern Europe,Europe,"NATO, EU",kpi_land_power_score,1747.0
Bhutan,South Asia,Asia,None,kpi_land_power_score,92.0
Luxembourg,Western Europe,Europe,"NATO, EU",kpi_land_power_score,183.0
Suriname,South America,South America,None,kpi_land_power_score,652.0
Montenegro,Southern Europe,Europe,NATO,kpi_land_power_score,491.0
Beliz,Central America,North America,None,kpi_land_power_score,132.0
Iceland,Northern Europe,Europe,NATO,kpi_land_power_score,150.0
