Country,pwr_index,total_population,total_military_manpower,fit_for_service,population_reaching_military_age_annually,active_personnel,reserve_personnel,paramilitary,total_military_aircraft,fighter_aircraft,attack_aircraft,transport_aircraft,trainer_aircraft,special_mission_aircraft,tanker_aircraft,total_military_helicopters,attack_helicopters,tanks,armored_fighting_vehicles,self_propelled_artillery,towed_artillery,rocket_projectors,total_naval_fleet,total_naval_fleet_tonnage_mt,aircraft_carriers,helicopter_carriers,submarines,destroyers,frigates,corvettes,coastal_patrol_craft,mine_warfare_craft,defense_budget_usd,external_debt_usd,purchasing_power_parity_usd,foreign_exchange_and_gold_reserves_usd,total_serviceable_airports,labour_force,major_ports_and_terminals,total_merchant_marine_fleet,railway_coverage_km,roadway_coverage_km,oil_production_bbl,oil_consumption_bbl,proven_oil_reserves_bbl,natural_gas_production_cum,natural_gas_consumption_cum,proven_natural_gas_reserves_cum,coal_production_cum,coal_consumption_mt,proven_coal_reserves_cum,total_land_area_sq_km,coastline_coverage_km,border_coverage_km,waterway_coverage_km
United States,PwrIndx: 0.0744,"34,19,63,408","15,04,63,900","12,48,16,644","44,45,524","13,28,000","7,99,500",0,"13,043","1,790",889,918,"2,647",647,605,"5,843","1,002","4,640","3,91,963",671,"1,212",641,440,"41,68,037",11,9,70,81,0,26,0,8,"$                        							895,000,000,000","$                        							22,303,546,100,000","$                        							24,662,000,000,000","$                        							773,426,000,000","15,873","17,05,49,000",666,"3,533","293,564                        						
							km","6,586,610                        						
							km","20,879,000                        						
							bbl","20,245,000                        						
							bbl","38,212,000,000                        						
							bbl","1,029,000,000,000                        						
							Cu.M","914,301,000,000                        						
							Cu.M","13,402,000,000,000                        						
							Cu.M","548,849,000                        						
							Cu.M","476,044,000                        						
							mt","248,941,000,000                        						
							Cu.M","9,833,517                        						
							km","19,924                        						
							km","12,002                        						
							km","41,009                        						
							km"
Russia,PwrIndx: 0.0788,"14,08,20,810","6,90,02,197","4,61,89,226","12,67,387","13,20,000","20,00,000","2,50,000","4,292",833,689,456,611,141,19,"1,651",557,"5,750","1,31,527","5,168","8,505","3,005",419,"12,60,447",1,0,63,10,12,83,123,47,"$                        							126,000,000,000","$                        							317,650,500,000","$                        							5,816,000,000,000","$                        							597,217,000,000",904,"7,24,08,000",67,"2,910","85,494                        						
							km","1,283,387                        						
							km","10,727,000                        						
							bbl","3,684,000                        						
							bbl","80,000,000,000                        						
							bbl","617,830,000,000                        						
							Cu.M","472,239,000,000                        						
							Cu.M","47,805,000,000,000                        						
							Cu.M","508,190,000                        						
							Cu.M","310,958,000                        						
							mt","162,166,000,000                        						
							Cu.M","17,098,242                        						
							km","37,653                        						
							km","22,407                        						
							km","102,000                        						
							km"
China,PwrIndx: 0.0788,"1,41,50,43,270","76,41,23,366","62,68,64,169","1,98,10,606","20,35,000","5,10,000","6,25,000","3,309","1,212",371,289,402,112,10,913,281,"6,800","1,44,017","3,490","1,000","2,750",754,"28,57,143",3,4,61,50,47,72,150,36,"$                        							266,850,000,000","$                        							1,218,458,500,000","$                        							31,227,000,000,000","$                        							3,450,000,000,000",531,"77,92,46,000",66,"8,314","150,000                        						
							km","5,200,000                        						
							km","4,984,000                        						
							bbl","15,148,000                        						
							bbl","26,023,000,000                        						
							bbl","225,341,000,000                        						
							Cu.M","366,160,000,000                        						
							Cu.M","6,654,000,000,000                        						
							Cu.M","4,827,000,000                        						
							Cu.M","5,313,000,000                        						
							mt","143,197,000,000                        						
							Cu.M","9,596,960                        						
							km","14,500                        						
							km","22,457                        						
							km","27,700                        						
							km"
India,PwrIndx: 0.1184,"1,40,91,28,296","66,22,90,299","52,27,86,598","2,39,55,181","14,55,550","11,55,000","25,27,000","2,229",513,130,270,351,74,6,899,80,"4,201","1,48,594",100,"3,975",264,293,"5,93,603",2,0,18,13,14,18,135,0,"$                        							75,000,000,000","$                        							371,020,500,000","$                        							13,104,000,000,000","$                        							627,793,000,000",311,"59,37,29,000",56,"1,859","65,554                        						
							km","6,371,847                        						
							km","795,000                        						
							bbl","5,049,000                        						
							bbl","4,605,000,000                        						
							bbl","33,170,000,000                        						
							Cu.M","58,867,000,000                        						
							Cu.M","1,381,000,000,000                        						
							Cu.M","985,671,000                        						
							Cu.M","1,200,000,000                        						
							mt","111,052,000,000                        						
							Cu.M","3,287,263                        						
							km","7,000                        						
							km","13,888                        						
							km","14,500                        						
							km"
South Korea,PwrIndx: 0.1656,"5,20,81,799","2,60,40,900","2,13,53,538","4,16,654","6,00,000","31,00,000","1,20,000","1,592",315,98,41,318,36,4,807,111,"2,236","58,880","3,270","4,400",426,227,"3,44,786",0,2,22,13,17,5,35,14,"$                        							46,300,000,000","$                        							503,519,500,000","$                        							2,615,000,000,000","$                        							420,930,000,000",89,"2,96,11,000",15,"2,149","3,979                        						
							km","100,428                        						
							km","38,000                        						
							bbl","2,452,000                        						
							bbl","0                        						
							bbl","55,127,000                        						
							Cu.M","59,480,000,000                        						
							Cu.M","7,079,000,000                        						
							Cu.M","15,595,000                        						
							Cu.M","136,413,000                        						
							mt","326,000,000                        						
							Cu.M","99,720                        						
							km","2,413                        						
							km","237                        						
							km","1,600                        						
							km"
United Kingdom,PwrIndx: 0.1785,"6,84,59,055","3,14,91,165","2,51,92,932","7,53,050","1,84,860","9,24,000",0,631,113,31,29,203,28,9,266,37,227,"38,200",71,126,29,109,"3,94,043",2,0,9,6,8,0,26,7,"$                        							71,500,540,000","$                        							9,593,749,000,000","$                        							3,700,000,000,000","$                        							177,915,000,000","1,043","3,52,75,000",185,868,"16,390                        						
							km","394,428                        						
							km","753,000                        						
							bbl","1,397,000                        						
							bbl","2,500,000,000                        						
							bbl","37,758,000,000                        						
							Cu.M","70,141,000,000                        						
							Cu.M","180,661,000,000                        						
							Cu.M","1,891,000                        						
							Cu.M","8,568,000                        						
							mt","26,000,000                        						
							Cu.M","243,610                        						
							km","12,429                        						
							km","443                        						
							km","3,200                        						
							km"
France,PwrIndx: 0.1878,"6,83,74,591","3,00,84,820","2,37,94,358","7,52,121","2,00,000","26,000","1,50,000",976,226,0,119,141,44,16,448,68,215,"1,10,932",96,0,9,129,"4,28,765",1,3,9,11,11,0,20,17,"$                        							55,000,000,000","$                        							6,992,104,900,000","$                        							3,764,000,000,000","$                        							240,792,000,000",689,"3,18,25,000",66,553,"27,860                        						
							km","1,053,215                        						
							km","80,000                        						
							bbl","1,554,000                        						
							bbl","61,719,000                        						
							bbl","20,132,000                        						
							Cu.M","37,001,000,000                        						
							Cu.M","7,787,000,000                        						
							Cu.M","2,419,000                        						
							Cu.M","12,985,000                        						
							mt","160,000,000                        						
							Cu.M","643,801                        						
							km","4,853                        						
							km","4,072                        						
							km","8,501                        						
							km"
Japan,PwrIndx: 0.1839,"12,32,01,945","5,29,76,836","4,28,74,277","11,08,818","2,47,150","56,000","25,000","1,443",217,38,55,401,141,10,596,119,521,"31,964",149,480,54,159,"7,69,882",0,4,24,42,6,0,6,22,"$                        							57,000,000,000","$                        							4,679,698,100,000","$                        							5,761,000,000,000","$                        							1,295,000,000,000",279,"6,93,49,000",163,"5,229","27,311                        						
							km","1,218,772                        						
							km","8,000                        						
							bbl","3,289,000                        						
							bbl","44,115,000                        						
							bbl","2,220,000,000                        						
							Cu.M","92,843,000,000                        						
							Cu.M","20,898,000,000                        						
							Cu.M","29,141,000                        						
							Cu.M","216,332,000                        						
							mt","350,000,000                        						
							Cu.M","377,915                        						
							km","29,751                        						
							km","0                        						
							km","1,770                        						
							km"
Turkiye,PwrIndx: 0.1902,"8,41,19,531","4,29,85,080","3,60,87,279","14,30,032","3,55,200","3,78,700","1,50,000","1,083",201,0,84,287,28,7,508,111,"2,238","61,173","1,038","1,707",296,182,"3,25,729",0,1,13,0,17,9,41,11,"$                        							47,000,000,000","$                        							294,441,000,000","$                        							2,936,000,000,000","$                        							140,858,000,000",115,"3,50,71,000",54,"1,170","11,497                        						
							km","67,333                        						
							km","83,000                        						
							bbl","1,077,000                        						
							bbl","366,000,000                        						
							bbl","379,701,000                        						
							Cu.M","2,887,000,000                        						
							Cu.M","3,794,000,000                        						
							Cu.M","88,746,000                        						
							Cu.M","123,976,000                        						
							mt","11,525,000,000                        						
							Cu.M","783,562                        						
							km","7,200                        						
							km","2,816                        						
							km","1,200                        						
							km"
Italy,PwrIndx: 0.2164,"6,09,64,931","2,74,34,219","2,21,91,235","5,48,684","1,65,500","18,500","1,05,000",729,89,67,30,162,23,8,392,37,200,"73,480",64,108,21,196,"3,59,417",2,0,8,3,10,0,19,10,"$                        							30,890,000,000","$                        							2,750,000,000,000","$                        							3,097,000,000,000","$                        							247,396,000,000",636,"2,56,69,000",123,"1,276","18,475                        						
							km","487,700                        						
							km","116,000                        						
							bbl","1,246,000                        						
							bbl","497,934,000                        						
							bbl","3,117,000,000                        						
							Cu.M","68,735,000,000                        						
							Cu.M","45,750,000,000                        						
							Cu.M","1,618,000                        						
							Cu.M","13,127,000                        						
							mt","609,999,000                        						
							Cu.M","301,340                        						
							km","7,600                        						
							km","1,836                        						
							km","2,400                        						
							km"
Brazil,PwrIndx: 0.2415,"22,00,51,512","11,22,26,271","8,86,80,759","35,20,824","3,60,000","3,40,000","2,00,000",513,43,38,109,133,25,0,191,0,294,"22,464",109,412,38,64,"1,35,737",0,1,4,0,6,2,23,3,"$                        							26,157,300,000","$                        							432,224,000,000","$                        							4,016,000,000,000","$                        							355,021,000,000","4,919","10,86,95,000",45,888,"29,850                        						
							km","2,000,000                        						
							km","4,221,000                        						
							bbl","3,027,000                        						
							bbl","12,715,000,000                        						
							bbl","22,670,000,000                        						
							Cu.M","31,654,000,000                        						
							Cu.M","363,985,000,000                        						
							Cu.M","15,644,000                        						
							Cu.M","32,787,000                        						
							mt","6,596,000,000                        						
							Cu.M","8,515,770                        						
							km","7,491                        						
							km","16,145                        						
							km","50,000                        						
							km"
Pakistan,PwrIndx: 0.2513,"25,23,63,571","10,85,16,336","8,58,03,614","47,94,908","6,54,000","5,50,000","5,00,000","1,399",328,90,64,565,27,4,373,57,"2,627","17,516",662,"2,629",600,121,"1,11,715",0,0,8,0,9,9,69,3,"$                        							7,640,000,000","$                        							92,426,000,000","$                        							1,347,000,000,000","$                        							13,730,000,000",116,"8,09,90,000",3,60,"11,881                        						
							km","264,175                        						
							km","101,000                        						
							bbl","473,000                        						
							bbl","540,000,000                        						
							bbl","36,937,000,000                        						
							Cu.M","46,448,000,000                        						
							Cu.M","592,219,000,000                        						
							Cu.M","12,712,000                        						
							Cu.M","34,027,000                        						
							mt","3,064,000,000                        						
							Cu.M","796,095                        						
							km","1,046                        						
							km","7,257                        						
							km","0                        						
							km"
Indonesia,PwrIndx: 0.2557,"28,15,62,465","13,79,65,608","11,45,95,923","47,86,562","4,00,000","4,00,000","2,50,000",459,41,34,70,112,17,1,214,15,331,"20,440",153,396,63,331,"3,04,168",0,0,4,0,7,25,211,12,"$                        							10,600,000,000","$                        							440,000,000,000","$                        							3,906,000,000,000","$                        							146,359,000,000",513,"14,09,31,000",123,"11,422","8,159                        						
							km","496,607                        						
							km","865,000                        						
							bbl","1,728,000                        						
							bbl","2,480,000,000                        						
							bbl","57,410,000,000                        						
							Cu.M","36,061,000,000                        						
							Cu.M","1,408,000,000,000                        						
							Cu.M","659,357,000                        						
							Cu.M","202,283,000                        						
							mt","34,869,000,000                        						
							Cu.M","1,904,569                        						
							km","54,716                        						
							km","2,958                        						
							km","21,579                        						
							km"
Germany,PwrIndx: 0.2601,"8,41,19,100","3,86,94,786","3,09,55,829","8,41,191","1,81,600","34,000",0,584,129,63,50,35,26,3,309,54,296,"83,260",134,0,33,61,"2,28,552",0,0,6,0,11,5,0,12,"$                        							50,000,000,000","$                        							6,238,609,300,000","$                        							5,230,000,000,000","$                        							322,700,000,000",838,"4,47,84,000",35,595,"39,379                        						
							km","830,000                        						
							km","131,000                        						
							bbl","2,052,000                        						
							bbl","115,200,000                        						
							bbl","4,824,000,000                        						
							Cu.M","77,516,000,000                        						
							Cu.M","23,390,000,000                        						
							Cu.M","138,981,000                        						
							Cu.M","186,725,000                        						
							mt","35,900,000,000                        						
							Cu.M","357,022                        						
							km","2,389                        						
							km","3,694                        						
							km","7,300                        						
							km"
Israel,PwrIndx: 0.2661,"94,02,617","39,49,099","32,81,513","1,31,637","1,70,000","4,65,000","35,000",611,240,38,13,159,19,14,147,48,"1,300","35,985",352,171,183,62,"38,238",0,0,5,0,0,7,46,0,"$                        							30,500,000,000","$                        							148,500,000,000","$                        							471,030,000,000","$                        							204,661,000,000",37,"45,54,000",5,41,"1,497                        						
							km","20,391                        						
							km","15,000                        						
							bbl","230,000                        						
							bbl","12,730,000                        						
							bbl","22,886,000,000                        						
							Cu.M","11,510,000,000                        						
							Cu.M","176,018,000,000                        						
							Cu.M","0                        						
							Cu.M","6,476,000                        						
							mt","0                        						
							Cu.M","21,937                        						
							km","273                        						
							km","1,068                        						
							km","0                        						
							km"
Iran,PwrIndx: 0.3048,"8,83,86,937","4,94,96,685","4,15,41,860","14,14,191","6,10,000","3,50,000","2,20,000",551,188,21,87,103,10,6,128,13,"1,713","65,825",392,"2,070","1,517",107,"2,23,395",0,0,25,0,7,3,21,1,"$                        							15,450,000,000","$                        							4,134,926,000","$                        							1,440,000,000,000","$                        							120,600,000,000",173,"2,91,59,000",18,965,"8,484                        						
							km","223,485                        						
							km","3,985,000                        						
							bbl","2,136,000                        						
							bbl","208,600,000,000                        						
							bbl","263,280,000,000                        						
							Cu.M","244,890,000,000                        						
							Cu.M","33,987,000,000,000                        						
							Cu.M","2,791,000                        						
							Cu.M","3,531,000                        						
							mt","1,203,000,000                        						
							Cu.M","1,648,195                        						
							km","2,440                        						
							km","5,894                        						
							km","850                        						
							km"
Spain,PwrIndx: 0.3242,"4,72,80,433","2,17,48,999","1,76,35,602","3,30,963","1,33,282","15,150","78,470",461,137,12,51,140,8,0,153,17,317,"17,626",95,287,0,152,"2,15,346",1,0,2,0,11,0,22,6,"$                        							23,397,000,000","$                        							2,572,738,300,000","$                        							2,242,000,000,000","$                        							103,089,000,000",363,"2,41,08,000",52,503,"15,489                        						
							km","683,175                        						
							km","47,000                        						
							bbl","1,269,000                        						
							bbl","150,000,000                        						
							bbl","41,009,000                        						
							Cu.M","32,833,000,000                        						
							Cu.M","2,549,000,000                        						
							Cu.M","1,293,000                        						
							Cu.M","8,255,000                        						
							mt","1,187,000,000                        						
							Cu.M","505,370                        						
							km","4,964                        						
							km","1,953                        						
							km","1,000                        						
							km"
Australia,PwrIndx: 0.3298,"2,67,68,598","1,12,42,811","92,08,398","2,94,455","57,350","32,050",0,327,24,62,38,98,30,6,69,22,59,"15,648",0,48,0,44,"1,85,648",0,2,6,3,7,0,10,3,"$                        							55,700,000,000","$                        							3,427,504,300,000","$                        							1,584,000,000,000","$                        							61,703,000,000","2,180","1,45,01,000",66,604,"36,064                        						
							km","873,573                        						
							km","386,000                        						
							bbl","1,123,000                        						
							bbl","2,446,000,000                        						
							bbl","153,783,000,000                        						
							Cu.M","50,188,000,000                        						
							Cu.M","3,228,000,000,000                        						
							Cu.M","465,865,000                        						
							Cu.M","107,624,000                        						
							mt","150,227,000,000                        						
							Cu.M","7,741,220                        						
							km","25,760                        						
							km","0                        						
							km","2,000                        						
							km"
Egypt,PwrIndx: 0.3427,"11,12,47,248","4,56,11,372","3,82,69,053","16,68,709","4,40,000","4,80,000","3,00,000","1,093",238,90,61,345,11,0,348,100,"3,620","41,012","1,056",962,528,150,"2,35,989",0,2,8,0,13,7,62,17,"$                        							5,879,500,000","$                        							103,750,000,000","$                        							1,912,000,000,000","$                        							33,070,000,000",73,"3,34,31,000",31,441,"5,085                        						
							km","65,050                        						
							km","667,000                        						
							bbl","851,000                        						
							bbl","3,300,000,000                        						
							bbl","64,817,000,000                        						
							Cu.M","60,089,000,000                        						
							Cu.M","1,784,000,000,000                        						
							Cu.M","289,000                        						
							Cu.M","3,083,000                        						
							mt","182,000,000                        						
							Cu.M","1,001,450                        						
							km","2,450                        						
							km","2,612                        						
							km","3,500                        						
							km"
Ukraine,PwrIndx: 0.3755,"3,56,61,826","1,81,87,531","1,27,31,272","3,92,280","9,00,000","12,00,000","1,00,000",324,70,36,24,73,3,0,136,39,"1,114","18,920",658,615,279,89,"28,138",0,0,0,0,0,0,33,3,"$                        							53,700,000,000","$                        							132,000,000,000","$                        							559,981,000,000","$                        							40,510,000,000",148,"2,03,12,000",26,410,"21,733                        						
							km","169,694                        						
							km","3,000                        						
							bbl","248,000                        						
							bbl","395,000,000                        						
							bbl","18,725,000,000                        						
							Cu.M","22,856,000,000                        						
							Cu.M","1,104,000,000,000                        						
							Cu.M","4,248,000                        						
							Cu.M","10,953,000                        						
							mt","34,375,000,000                        						
							Cu.M","603,550                        						
							km","2,782                        						
							km","5,581                        						
							km","1,672                        						
							km"
Poland,PwrIndx: 0.3776,"3,87,46,310","1,89,85,692","1,55,76,017","4,64,956","2,02,100","3,50,000","50,000",479,59,44,49,105,11,0,216,29,614,"23,138",677,0,196,62,,0,0,1,0,2,2,3,26,"$                        							48,700,000,000","$                        							386,947,000,000","$                        							1,616,000,000,000","$                        							193,783,000,000",288,"1,83,87,000",10,152,"19,461                        						
							km","420,000                        						
							km","24,000                        						
							bbl","722,000                        						
							bbl","113,000,000                        						
							bbl","5,551,000,000                        						
							Cu.M","20,056,000,000                        						
							Cu.M","91,492,000,000                        						
							Cu.M","116,682,000                        						
							Cu.M","123,782,000                        						
							mt","28,531,000,000                        						
							Cu.M","312,685                        						
							km","440                        						
							km","2,845                        						
							km","3,997                        						
							km"
Taiwan,PwrIndx: 0.3988,"2,35,95,274","1,22,69,542","10,61,787","3,06,739","2,15,000","23,10,000","55,000",761,285,0,19,232,18,0,236,91,888,"19,921",488,"1,360",234,97,"2,50,414",0,0,4,4,22,7,37,14,"$                        							19,740,000,000","$                        							209,000,000,000","$                        							1,257,300,000,000","$                        							492,635,000,000",53,"1,14,98,000",8,465,"1,613                        						
							km","43,206                        						
							km","800                        						
							bbl","1,022,000                        						
							bbl","2,380,000                        						
							bbl","63,747,000                        						
							Cu.M","21,157,000,000                        						
							Cu.M","6,230,000,000                        						
							Cu.M","5,608,000                        						
							Cu.M","66,855,000                        						
							mt","1,000,000                        						
							Cu.M","35,980                        						
							km","1,566                        						
							km","0                        						
							km","0                        						
							km"
Vietnam,PwrIndx: 0.4024,"10,57,58,975","5,49,94,667","4,50,53,323","17,97,903","6,00,000","50,00,000","2,50,000",246,41,32,9,60,3,0,101,0,"1,374","11,912",40,535,474,110,"1,07,813",0,0,9,0,9,16,35,8,"$                        							8,594,000,000","$                        							110,000,000,000","$                        							1,354,000,000,000","$                        							97,955,500,000",42,"5,61,49,000",16,"1,973","2,600                        						
							km","195,468                        						
							km","187,000                        						
							bbl","494,000                        						
							bbl","4,400,000,000                        						
							bbl","7,676,000,000                        						
							Cu.M","7,676,000,000                        						
							Cu.M","699,426,000,000                        						
							Cu.M","43,614,000                        						
							Cu.M","83,116,000                        						
							mt","3,360,000,000                        						
							Cu.M","331,210                        						
							km","3,444                        						
							km","4,616                        						
							km","47,130                        						
							km"
Saudi Arabia,PwrIndx: 0.4201,"3,65,44,431","1,90,03,104","1,74,68,238","6,21,255","2,57,000",0,"1,50,000",917,283,81,49,202,16,22,264,34,840,"19,040",332,467,321,32,"49,727",0,0,0,0,7,9,9,3,"$                        							74,760,000,000","$                        							225,610,000,000","$                        							1,831,000,000,000","$                        							457,949,000,000",86,"1,69,34,000",16,433,"5,410                        						
							km","221,372                        						
							km","11,113,000                        						
							bbl","3,649,000                        						
							bbl","258,600,000,000                        						
							bbl","121,870,000,000                        						
							Cu.M","121,870,000,000                        						
							Cu.M","9,423,000,000,000                        						
							Cu.M","0                        						
							Cu.M","164,000                        						
							mt","0                        						
							Cu.M","2,149,690                        						
							km","2,640                        						
							km","4,272                        						
							km","0                        						
							km"
Thailand,PwrIndx: 0.4536,"6,99,20,998","3,63,58,919","2,79,68,399","11,18,736","3,60,850","2,00,000","25,000",493,72,20,54,135,26,0,258,7,635,"16,935",50,589,26,293,"1,30,988",0,1,0,0,7,6,49,5,"$                        							5,887,883,500","$                        							102,694,000,000","$                        							1,516,000,000,000","$                        							224,470,000,000",108,"4,08,14,000",21,884,"4,127                        						
							km","180,053                        						
							km","386,000                        						
							bbl","1,248,000                        						
							bbl","252,750,000                        						
							bbl","30,797,000,000                        						
							Cu.M","48,898,000,000                        						
							Cu.M","138,243,000,000                        						
							Cu.M","13,642,000                        						
							Cu.M","36,030,000                        						
							mt","1,063,000,000                        						
							Cu.M","513,120                        						
							km","3,219                        						
							km","5,673                        						
							km","4,000                        						
							km"
Algeria,PwrIndx: 0.3589,"4,70,22,473","2,25,70,787","1,91,85,169","7,52,360","3,25,000","1,35,000","1,50,000",608,102,42,63,87,10,5,299,74,"1,485","26,000",224,483,266,110,"82,880",0,0,6,0,8,8,75,2,"$                        							25,000,000,000","$                        							3,335,624,000","$                        							699,947,000,000","$                        							81,217,000,000",85,"1,34,25,000",17,119,"4,020                        						
							km","104,000                        						
							km","1,443,000                        						
							bbl","428,000                        						
							bbl","12,200,000,000                        						
							bbl","100,726,000,000                        						
							Cu.M","47,963,000,000                        						
							Cu.M","4,504,000,000,000                        						
							Cu.M","0                        						
							Cu.M","167,000                        						
							mt","233,000,000                        						
							Cu.M","2,381,740                        						
							km","998                        						
							km","6,734                        						
							km","0                        						
							km"
Sweden,PwrIndx: 0.4835,"1,05,89,835","42,35,934","35,58,185","1,05,898","24,400","32,900","25,000",169,71,0,6,33,5,1,53,0,110,"6,795",26,0,0,308,"31,673",0,0,4,0,0,7,179,8,"$                        							13,000,000,000","$                        							1,002,448,700,000","$                        							676,353,000,000","$                        							60,863,000,000",203,"58,25,000",92,361,"10,910                        						
							km","573,134                        						
							km","11,000                        						
							bbl","283,000                        						
							bbl","0                        						
							bbl","0                        						
							Cu.M","889,924,000                        						
							Cu.M","0                        						
							Cu.M","1,115,000                        						
							Cu.M","3,396,000                        						
							mt","5,000,000                        						
							Cu.M","450,295                        						
							km","3,218                        						
							km","2,211                        						
							km","2,052                        						
							km"
Canada,PwrIndx: 0.5179,"3,87,94,813","1,66,81,770","1,35,00,595","4,26,743","68,000","27,000","5,500",351,66,0,28,95,33,6,145,0,74,"21,704",0,0,0,73,"1,19,637",0,0,4,0,12,0,24,0,"$                        							41,000,000,000","$                        							2,337,375,700,000","$                        							2,238,000,000,000","$                        							117,551,000,000","1,425","2,21,10,000",284,716,"4,942                        						
							km","1,042,300                        						
							km","5,692,000                        						
							bbl","2,454,000                        						
							bbl","170,300,000,000                        						
							bbl","187,686,000,000                        						
							Cu.M","130,316,000,000                        						
							Cu.M","2,067,126,000,000                        						
							Cu.M","43,024,000                        						
							Cu.M","17,138,000                        						
							mt","6,582,000,000                        						
							Cu.M","9,984,670                        						
							km","202,080                        						
							km","8,893                        						
							km","636                        						
							km"
Singapore,PwrIndx: 0.5271,"60,28,459","39,18,498","26,28,408","66,313","51,000","2,52,500","12,000",230,100,0,9,36,9,11,70,18,170,"8,998",48,89,24,50,"81,340",0,0,6,0,6,6,12,4,"$                        							15,000,000,000","$                        							1,713,410,600,000","$                        							754,758,000,000","$                        							359,835,000,000",9,"36,19,000",5,"3,202","0                        						
							km","3,500                        						
							km","0                        						
							bbl","1,470,000                        						
							bbl","0                        						
							bbl","0                        						
							Cu.M","13,724,000,000                        						
							Cu.M","0                        						
							Cu.M","0                        						
							Cu.M","784,000                        						
							mt","0                        						
							Cu.M","719                        						
							km","193                        						
							km","0                        						
							km","0                        						
							km"
Greece,PwrIndx: 0.5337,"1,04,61,091","49,16,713","39,85,676","1,04,611","1,42,700","2,21,350","55,000",558,178,0,15,81,8,0,293,29,"1,344","61,888",589,698,152,192,"2,16,348",0,0,10,0,13,0,39,7,"$                        							6,500,000,000","$                        							550,000,000,000","$                        							375,780,000,000","$                        							13,608,000,000",81,"46,45,000",57,"1,215","2,345                        						
							km","117,000                        						
							km","5,000                        						
							bbl","303,000                        						
							bbl","10,000,000                        						
							bbl","3,284,000                        						
							Cu.M","5,173,000,000                        						
							Cu.M","991,090,000                        						
							Cu.M","13,703,000                        						
							Cu.M","13,988,000                        						
							mt","2,876,000,000                        						
							Cu.M","131,957                        						
							km","13,676                        						
							km","1,110                        						
							km","6                        						
							km"
Nigeria,PwrIndx: 0.5771,"23,67,47,130","12,54,75,979","9,04,37,404","42,61,448","2,30,000",0,"50,000",163,14,24,23,28,11,0,66,15,330,"8,962",40,339,37,133,,0,0,0,0,1,0,109,2,"$                        							3,160,000,000","$                        							32,455,500,000","$                        							1,275,000,000,000","$                        							41,349,000,000",47,"7,57,21,000",28,928,"3,798                        						
							km","195,000                        						
							km","1,541,000                        						
							bbl","515,000                        						
							bbl","36,890,000,000                        						
							bbl","39,951,000,000                        						
							Cu.M","20,719,000,000                        						
							Cu.M","5,761,000,000,000                        						
							Cu.M","3,043,000                        						
							Cu.M","3,044,000                        						
							mt","2,144,000,000                        						
							Cu.M","923,768                        						
							km","853                        						
							km","4,477                        						
							km","8,600                        						
							km"
Mexico,PwrIndx: 0.5965,"13,07,39,927","6,14,47,766","4,98,11,912","22,22,579","4,12,000","98,655","1,20,000",433,3,33,41,176,25,0,178,0,0,"19,658",20,70,0,167,,0,0,0,5,1,3,140,0,"$                        							7,600,000,000","$                        							371,359,000,000","$                        							2,873,000,000,000","$                        							214,317,000,000","1,485","6,00,42,000",35,674,"23,389                        						
							km","704,884                        						
							km","2,101,000                        						
							bbl","1,737,000                        						
							bbl","5,786,000,000                        						
							bbl","31,422,000,000                        						
							Cu.M","90,566,000,000                        						
							Cu.M","180,322,000,000                        						
							Cu.M","7,453,000                        						
							Cu.M","18,423,000                        						
							mt","1,211,000,000                        						
							Cu.M","1,964,375                        						
							km","9,330                        						
							km","4,389                        						
							km","2,900                        						
							km"
Argentina,PwrIndx: 0.6013,"4,69,94,384","2,06,77,529","1,75,75,900","7,04,916","1,08,000",0,"20,000",239,23,11,52,71,13,2,94,0,342,"21,724",55,172,26,44,"1,22,128",0,0,2,3,0,6,13,0,"$                        							928,897,000","$                        							178,940,000,000","$                        							1,235,000,000,000","$                        							23,081,000,000",756,"2,19,06,000",37,201,"17,866                        						
							km","281,290                        						
							km","807,000                        						
							bbl","706,000                        						
							bbl","2,483,000,000                        						
							bbl","43,280,000,000                        						
							Cu.M","46,228,000,000                        						
							Cu.M","396,464,000,000                        						
							Cu.M","1,318,000                        						
							Cu.M","3,391,000                        						
							mt","799,999,000                        						
							Cu.M","2,780,400                        						
							km","4,989                        						
							km","11,968                        						
							km","11,000                        						
							km"
North Korea,PwrIndx: 0.6016,"2,62,98,666","94,67,520","53,12,331","4,20,779","13,20,000","5,60,000","1,00,000",861,368,114,1,173,0,0,205,20,"4,344","18,288","1,300",700,"1,500",207,"1,43,304",0,0,13,0,2,4,155,1,"$                        							4,736,000,000","$                        							5,500,000,000","$                        							72,000,000,000","$                        							5,500,000,000",83,"1,58,37,000",10,264,"7,435                        						
							km","25,554                        						
							km","0                        						
							bbl","17,000                        						
							bbl","0                        						
							bbl","0                        						
							Cu.M","0                        						
							Cu.M","0                        						
							Cu.M","21,747,000                        						
							Cu.M","21,747,000                        						
							mt","10,600,000,000                        						
							Cu.M","120,538                        						
							km","2,495                        						
							km","1,607                        						
							km","2,250                        						
							km"
Bangladesh,PwrIndx: 0.6062,"16,86,97,184","8,26,61,620","6,61,29,296","32,05,246","1,63,000",0,"68,00,000",214,42,0,17,86,4,0,65,0,320,"11,584",56,546,110,118,"75,280",0,0,2,0,7,6,61,5,"$                        							4,374,000,000","$                        							51,965,000,000","$                        							1,413,000,000,000","$                        							21,860,000,000",17,"7,49,14,000",2,558,"2,460                        						
							km","369,105                        						
							km","13,000                        						
							bbl","160,000                        						
							bbl","28,000,000                        						
							bbl","24,620,000,000                        						
							Cu.M","30,384,000,000                        						
							Cu.M","126,293,000,000                        						
							Cu.M","754,000                        						
							Cu.M","7,514,000                        						
							mt","3,260,000,000                        						
							Cu.M","148,460                        						
							km","580                        						
							km","4,413                        						
							km","8,370                        						
							km"
Netherlands,PwrIndx: 0.6412,"1,77,72,378","79,97,570","64,86,918","1,95,496","41,380","6,765","5,000",120,32,0,4,21,0,0,63,12,18,"2,755",46,0,2,64,"1,24,962",0,0,3,0,6,0,4,4,"$                        							27,000,000,000","$                        							4,779,954,300,000","$                        							1,240,000,000,000","$                        							69,830,000,000",45,"99,99,000",18,"1,187","3,055                        						
							km","139,124                        						
							km","70,000                        						
							bbl","872,000                        						
							bbl","137,747,000                        						
							bbl","17,774,000,000                        						
							Cu.M","33,243,000,000                        						
							Cu.M","132,608,000,000                        						
							Cu.M","1,825,000                        						
							Cu.M","10,610,000                        						
							mt","3,247,000,000                        						
							Cu.M","41,543                        						
							km","451                        						
							km","1,053                        						
							km","6,237                        						
							km"
Myanmar,PwrIndx: 0.6735,"5,75,27,139","3,04,89,384","2,19,75,367","10,35,489","1,50,000","20,000","55,000",317,58,26,30,119,5,0,83,9,445,"5,980",95,210,180,232,"89,240",0,0,3,0,6,3,146,2,"$                        							2,948,000,000","$                        							7,253,400,000","$                        							290,507,000,000","$                        							8,590,400,000",73,"2,28,84,000",7,101,"5,031                        						
							km","157,000                        						
							km","7,000                        						
							bbl","148,000                        						
							bbl","139,000,000                        						
							bbl","16,780,000,000                        						
							Cu.M","3,788,000,000                        						
							Cu.M","637,129,000,000                        						
							Cu.M","1,268,000                        						
							Cu.M","1,453,000                        						
							mt","252,000,000                        						
							Cu.M","676,578                        						
							km","1,930                        						
							km","6,522                        						
							km","12,800                        						
							km"
Norway,PwrIndx: 0.6811,"55,09,733","22,03,893","18,07,192","71,627","23,250",0,"40,000",97,0,32,4,23,5,0,33,0,44,"6,552",42,0,0,43,"65,692",0,0,6,0,4,6,18,5,"$                        							9,710,000,000","$                        							716,144,000,000","$                        							499,528,000,000","$                        							80,459,000,000",145,"30,09,000",141,"1,720","3,848                        						
							km","94,902                        						
							km","2,020,000                        						
							bbl","229,000                        						
							bbl","8,122,200,000                        						
							bbl","123,727,000,000                        						
							Cu.M","4,548,000,000                        						
							Cu.M","1,544,455,000,000                        						
							Cu.M","117,000                        						
							Cu.M","1,201,000                        						
							mt","2,000,000                        						
							Cu.M","323,802                        						
							km","25,148                        						
							km","2,566                        						
							km","1,577                        						
							km"
Portugal,PwrIndx: 0.6856,"1,06,39,726","53,19,863","40,96,295","1,27,677","24,000","2,11,700","24,700",115,28,0,19,23,14,3,31,0,34,"10,828",24,115,0,194,"38,657",0,0,2,0,5,2,20,0,"$                        							4,627,000,000","$                        							399,395,000,000","$                        							529,901,000,000","$                        							53,710,000,000",136,"51,40,900",18,996,"3,622                        						
							km","136,635                        						
							km","12,932                        						
							bbl","191,000                        						
							bbl","22,440,000                        						
							bbl","0                        						
							Cu.M","4,500,000,000                        						
							Cu.M","72,000,000,000                        						
							Cu.M","0                        						
							Cu.M","0                        						
							mt","40,000,000                        						
							Cu.M","92,090                        						
							km","1,793                        						
							km","1,224                        						
							km","764                        						
							km"
South Africa,PwrIndx: 0.6889,"6,04,42,647","2,78,03,618","1,49,89,776","10,27,525","71,235","29,350","50,000",182,2,0,12,81,0,0,87,10,252,"18,692",49,134,101,49,"40,186",0,0,3,0,4,0,33,2,"$                        							2,266,800,000","$                        							58,773,000,000","$                        							862,981,000,000","$                        							62,492,000,000",575,"2,51,58,000",8,110,"20,986                        						
							km","750,000                        						
							km","95,000                        						
							bbl","601,000                        						
							bbl","15,000,000                        						
							bbl","59,128,000                        						
							Cu.M","4,487,000,000                        						
							Cu.M","0                        						
							Cu.M","245,467,000                        						
							Cu.M","176,148,000                        						
							mt","9,893,000,000                        						
							Cu.M","1,219,090                        						
							km","2,798                        						
							km","5,244                        						
							km","0                        						
							km"
Philippines,PwrIndx: 0.6987,"11,82,77,063","5,08,59,137","4,17,51,803","21,28,987","1,50,000","12,00,000","35,000",202,0,25,26,23,8,0,122,2,10,"11,878",12,294,0,113,"76,313",0,0,0,0,2,1,58,0,"$                        							4,380,000,000","$                        							90,200,000,000","$                        							1,138,000,000,000","$                        							103,742,000,000",246,"4,94,77,000",70,"2,203","77                        						
							km","216,387                        						
							km","10,000                        						
							bbl","453,000                        						
							bbl","138,500,000                        						
							bbl","2,251,000,000                        						
							Cu.M","2,251,000,000                        						
							Cu.M","98,543,000,000                        						
							Cu.M","14,483,000                        						
							Cu.M","37,130,000                        						
							mt","361,000,000                        						
							Cu.M","300,000                        						
							km","36,289                        						
							km","0                        						
							km","3,219                        						
							km"
Malaysia,PwrIndx: 0.7429,"3,45,64,810","1,62,45,461","1,34,80,276","5,53,037","1,13,000","51,600","1,00,000",135,26,12,16,31,6,4,45,0,48,"13,506",0,196,36,100,"67,735",0,0,2,0,2,6,71,4,"$                        							4,800,000,000","$                        							247,500,000,000","$                        							1,152,000,000,000","$                        							113,438,000,000",102,"1,73,08,000",35,"1,750","1,851                        						
							km","144,403                        						
							km","582,000                        						
							bbl","717,000                        						
							bbl","3,600,000,000                        						
							bbl","75,456,000,000                        						
							Cu.M","42,499,000,000                        						
							Cu.M","1,189,000,000,000                        						
							Cu.M","3,731,000                        						
							Cu.M","35,050,000                        						
							mt","226,000,000                        						
							Cu.M","329,847                        						
							km","4,675                        						
							km","2,742                        						
							km","7,200                        						
							km"
Iraq,PwrIndx: 0.7738,"4,20,83,436","1,76,75,043","1,43,08,368","7,15,418","1,93,000",0,"1,00,000",391,26,36,15,139,17,0,197,39,"1,025","37,288",434,610,572,68,,0,0,0,0,0,2,26,0,"$                        							7,923,000,000","$                        							45,032,500,000","$                        							572,939,000,000","$                        							112,233,000,000",71,"1,18,12,000",6,74,"2,272                        						
							km","59,623                        						
							km","4,437,000                        						
							bbl","918,000                        						
							bbl","145,019,000,000                        						
							bbl","9,860,000,000                        						
							Cu.M","19,298,000,000                        						
							Cu.M","3,729,000,000,000                        						
							Cu.M","0                        						
							Cu.M","0                        						
							mt","0                        						
							Cu.M","438,317                        						
							km","58                        						
							km","3,809                        						
							km","5,279                        						
							km"
Switzerland,PwrIndx: 0.7869,"88,60,574","38,98,653","31,63,225","97,466","1,01,584","49,715","5,000",146,43,0,16,44,3,0,40,0,205,"6,996",133,0,0,0,,0,0,0,0,0,0,0,0,"$                        							25,039,000,000","$                        							2,200,000,000,000","$                        							733,779,000,000","$                        							863,892,000,000",62,"49,91,000",0,17,"5,296                        						
							km","71,557                        						
							km","300                        						
							bbl","193,000                        						
							bbl","0                        						
							bbl","0                        						
							Cu.M","3,138,000,000                        						
							Cu.M","0                        						
							Cu.M","0                        						
							Cu.M","161,000                        						
							mt","0                        						
							Cu.M","41,277                        						
							km","0                        						
							km","1,770                        						
							km","1,292                        						
							km"
Denmark,PwrIndx: 0.8109,"59,73,136","26,28,180","21,26,436","77,651","20,000","12,000","51,000",117,31,4,4,41,3,0,34,0,44,"3,856",19,0,8,50,"1,21,180",0,0,0,0,9,0,9,6,"$                        							7,225,466,250","$                        							555,500,000,000","$                        							428,385,000,000","$                        							109,371,000,000",99,"31,80,000",69,715,"2,682                        						
							km","74,558                        						
							km","63,000                        						
							bbl","152,000                        						
							bbl","441,000,000                        						
							bbl","1,879,000,000                        						
							Cu.M","2,208,000,000                        						
							Cu.M","29,534,000,000                        						
							Cu.M","0                        						
							Cu.M","1,788,000                        						
							mt","0                        						
							Cu.M","43,094                        						
							km","7,314                        						
							km","140                        						
							km","400                        						
							km"
Colombia,PwrIndx: 0.8353,"4,95,88,357","2,42,98,295","1,91,90,694","8,43,002","2,93,200","35,000","1,50,000",436,16,24,86,72,23,1,257,0,0,"3,460",6,110,0,233,"31,090",0,0,4,0,7,2,217,0,"$                        							10,541,500,000","$                        							116,779,500,000","$                        							978,024,000,000","$                        							59,041,000,000",662,"2,60,03,000",14,153,"2,141                        						
							km","205,379                        						
							km","800,000                        						
							bbl","320,000                        						
							bbl","2,036,000,000                        						
							bbl","11,290,000,000                        						
							Cu.M","11,451,000,000                        						
							Cu.M","87,782,000,000                        						
							Cu.M","58,747,000                        						
							Cu.M","7,880,000                        						
							mt","4,554,000,000                        						
							Cu.M","1,138,910                        						
							km","3,208                        						
							km","6,672                        						
							km","24,725                        						
							km"
Chile,PwrIndx: 0.8361,"1,86,64,652","89,59,033","75,21,855","2,98,634","80,000","40,000","50,000",277,45,0,32,92,21,5,87,0,386,"8,832",48,249,8,130,"1,76,065",0,0,4,0,8,0,40,0,"$                        							5,032,500,000","$                        							214,500,000,000","$                        							579,201,000,000","$                        							46,377,000,000",374,"98,48,000",39,249,"7,282                        						
							km","77,801                        						
							km","11,000                        						
							bbl","405,000                        						
							bbl","150,000,000                        						
							bbl","1,200,000,000                        						
							Cu.M","6,916,000,000                        						
							Cu.M","97,976,000,000                        						
							Cu.M","499,000                        						
							Cu.M","8,637,000                        						
							mt","1,181,000,000                        						
							Cu.M","756,102                        						
							km","6,435                        						
							km","7,801                        						
							km","12,290                        						
							km"
Finland,PwrIndx: 0.8437,"56,26,414","23,06,830","19,12,981","56,264","24,000","8,70,000","53,800",163,54,0,11,77,1,0,27,0,200,"11,704",107,667,76,264,"19,434",0,0,0,0,0,0,8,18,"$                        							6,779,661,000","$                        							660,000,000,000","$                        							321,126,000,000","$                        							16,929,000,000",98,"28,80,000",37,282,"5,918                        						
							km","454,000                        						
							km","8,000                        						
							bbl","175,000                        						
							bbl","0                        						
							bbl","0                        						
							Cu.M","1,157,000,000                        						
							Cu.M","0                        						
							Cu.M","808,000                        						
							Cu.M","4,141,000                        						
							mt","0                        						
							Cu.M","338,145                        						
							km","1,250                        						
							km","2,563                        						
							km","8,000                        						
							km"
Peru,PwrIndx: 0.8588,"3,26,00,249","1,56,48,120","1,26,81,497","6,19,405","1,20,000","3,85,000","60,000",256,15,22,38,72,12,0,111,16,240,"6,560",12,290,49,71,"1,70,344",0,0,4,0,7,8,13,0,"$                        							3,420,000,000","$                        							59,400,000,000","$                        							517,644,000,000","$                        							71,394,000,000",166,"1,85,29,000",20,111,"1,855                        						
							km","18,699                        						
							km","118,000                        						
							bbl","210,000                        						
							bbl","858,890,000                        						
							bbl","12,270,000,000                        						
							Cu.M","7,185,000,000                        						
							Cu.M","300,159,000,000                        						
							Cu.M","153,000                        						
							Cu.M","712,000                        						
							mt","1,567,000,000                        						
							Cu.M","1,285,216                        						
							km","2,414                        						
							km","7,062                        						
							km","8,808                        						
							km"
Venezuela,PwrIndx: 0.8882,"3,12,50,306","1,56,25,153","1,28,12,625","6,25,006","1,09,000","8,000","2,20,000",229,30,0,49,75,3,1,88,10,172,"8,802",48,100,36,34,,0,0,1,0,1,0,25,0,"$                        							4,093,120,000","$                        							110,330,000,000","$                        							295,974,800,000","$                        							10,095,500,000",502,"1,15,48,000",31,272,"447                        						
							km","96,189                        						
							km","761,000                        						
							bbl","367,000                        						
							bbl","303,806,000,000                        						
							bbl","17,696,000,000                        						
							Cu.M","17,696,000,000                        						
							Cu.M","5,674,000,000,000                        						
							Cu.M","197,000                        						
							Cu.M","82,000                        						
							mt","730,999,000                        						
							Cu.M","912,050                        						
							km","2,800                        						
							km","5,267                        						
							km","7,100                        						
							km"
Romania,PwrIndx: 0.8984,"1,81,48,155","94,37,041","77,31,114","1,99,630","81,300","55,000","15,000",140,21,0,14,44,2,0,65,0,328,"10,774",0,720,243,20,,0,0,0,0,3,7,3,5,"$                        							9,700,000,000","$                        							132,000,000,000","$                        							772,107,000,000","$                        							73,000,000,000",82,"82,82,000",11,127,"10,628                        						
							km","84,185                        						
							km","67,000                        						
							bbl","221,000                        						
							bbl","600,000,000                        						
							bbl","9,501,000,000                        						
							Cu.M","10,055,000,000                        						
							Cu.M","105,480,000,000                        						
							Cu.M","18,160,000                        						
							Cu.M","19,404,000                        						
							mt","291,000,000                        						
							Cu.M","238,391                        						
							km","225                        						
							km","2,844                        						
							km","1,731                        						
							km"
Ethiopia,PwrIndx: 0.9305,"11,85,50,298","5,69,04,143","3,53,27,989","27,26,657","1,62,000",0,0,103,25,0,8,34,0,0,33,7,338,"7,256",35,309,40,0,,0,0,0,0,0,0,0,0,"$                        							2,097,575,000","$                        							25,761,000,000","$                        							354,604,000,000","$                        							3,131,288,000",57,"6,16,64,000",0,12,"659                        						
							km","120,171                        						
							km","0                        						
							bbl","110,000                        						
							bbl","428,000                        						
							bbl","0                        						
							Cu.M","0                        						
							Cu.M","24,919,000,000                        						
							Cu.M","8,000                        						
							Cu.M","660,000                        						
							mt","0                        						
							Cu.M","1,104,300                        						
							km","0                        						
							km","5,925                        						
							km","0                        						
							km"
Czechia,PwrIndx: 0.9994,"1,08,37,890","50,93,808","41,29,236","97,541","28,000","4,200",0,99,12,16,10,17,2,0,42,4,43,"6,340",50,0,16,0,,0,0,0,0,0,0,0,0,"$                        							6,750,000,000","$                        							211,200,000,000","$                        							519,007,000,000","$                        							148,379,000,000",243,"55,02,000",0,0,"9,548                        						
							km","55,744                        						
							km","4,000                        						
							bbl","211,000                        						
							bbl","15,000,000                        						
							bbl","224,725,000                        						
							Cu.M","7,602,000,000                        						
							Cu.M","3,964,000,000                        						
							Cu.M","37,423,000                        						
							Cu.M","40,239,000                        						
							mt","3,595,000,000                        						
							Cu.M","78,867                        						
							km","0                        						
							km","2,046                        						
							km","664                        						
							km"
United Arab Emirates,PwrIndx: 1.0186,"1,00,32,213","58,18,684","49,45,881","80,258","65,000","1,30,000","12,000",551,99,16,37,147,27,4,247,30,354,"8,707",165,99,49,181,"44,188",0,0,0,0,0,11,34,2,"$                        							2,212,360,382","$                        							264,000,000,000","$                        							719,733,000,000","$                        							189,491,000,000",42,"66,68,000",20,655,"0                        						
							km","4,080                        						
							km","4,146,000                        						
							bbl","939,000                        						
							bbl","97,800,000,000                        						
							bbl","56,683,000,000                        						
							Cu.M","66,091,000,000                        						
							Cu.M","6,091,000,000                        						
							Cu.M","0                        						
							Cu.M","3,273,000                        						
							mt","0                        						
							Cu.M","83,600                        						
							km","1,318                        						
							km","1,066                        						
							km","0                        						
							km"
Hungary,PwrIndx: 1.0259,"98,55,745","46,32,200","37,94,462","1,18,269","41,600","20,000","15,000",69,12,0,3,12,0,0,44,8,209,"7,797",24,295,0,0,,0,0,0,0,0,0,0,0,"$                        							4,576,000,000","$                        							137,500,000,000","$                        							388,906,000,000","$                        							45,719,000,000",109,"50,06,000",0,1,"7,687                        						
							km","203,601                        						
							km","36,000                        						
							bbl","175,000                        						
							bbl","12,100,000                        						
							bbl","1,523,000,000                        						
							Cu.M","9,485,000,000                        						
							Cu.M","3,738,000,000                        						
							Cu.M","5,450,000                        						
							Cu.M","6,180,000                        						
							mt","2,909,000,000                        						
							Cu.M","103,000                        						
							km","0                        						
							km","2,106                        						
							km","1,622                        						
							km"
Angola,PwrIndx: 1.0961,"3,72,02,061","74,40,412","37,20,206","3,72,021","1,07,000",0,"10,000",298,71,12,31,66,2,0,116,15,309,"5,500",25,575,113,31,,0,0,0,0,0,0,29,0,"$                        							1,101,360,000","$                        							45,774,500,000","$                        							265,868,000,000","$                        							13,942,000,000",106,"1,52,23,000",21,64,"2,761                        						
							km","26,000                        						
							km","1,175,000                        						
							bbl","127,000                        						
							bbl","7,783,000,000                        						
							bbl","5,514,000,000                        						
							Cu.M","1,397,000,000                        						
							Cu.M","343,002,000,000                        						
							Cu.M","0                        						
							Cu.M","0                        						
							mt","0                        						
							Cu.M","1,246,700                        						
							km","1,600                        						
							km","5,369                        						
							km","1,300                        						
							km"
Kazakhstan,PwrIndx: 1.1016,"2,02,60,006","91,17,003","69,28,922","2,83,640","1,10,000","1,35,000","55,000",198,63,25,19,26,0,0,65,12,350,"7,736",126,194,287,26,,0,0,0,0,0,0,23,2,"$                        							2,048,700,000","$                        							91,321,500,000","$                        							705,520,000,000","$                        							35,965,000,000",132,"95,87,000",0,122,"16,636                        						
							km","96,167                        						
							km","1,955,000                        						
							bbl","288,000                        						
							bbl","30,000,000,000                        						
							bbl","27,011,000,000                        						
							Cu.M","22,623,000,000                        						
							Cu.M","2,407,000,000,000                        						
							Cu.M","118,195,000                        						
							Cu.M","84,852,000                        						
							mt","25,605,000,000                        						
							Cu.M","2,724,900                        						
							km","26                        						
							km","13,364                        						
							km","43,983                        						
							km"
Uzbekistan,PwrIndx: 1.1121,"3,65,20,593","1,89,90,708","1,59,59,499","7,30,412","48,000",0,"20,000",192,58,13,13,7,0,0,101,34,340,"2,970",147,236,108,0,,0,0,0,0,0,0,0,0,"$                        							2,803,500,000","$                        							19,652,500,000","$                        							319,174,000,000","$                        							34,558,000,000",74,"1,42,70,000",0,0,"4,642                        						
							km","86,496                        						
							km","64,000                        						
							bbl","91,000                        						
							bbl","594,000,000                        						
							bbl","47,500,000,000                        						
							Cu.M","43,227,000,000                        						
							Cu.M","1,841,000,000,000                        						
							Cu.M","5,356,000                        						
							Cu.M","7,396,000                        						
							mt","1,375,000,000                        						
							Cu.M","447,400                        						
							km","420                        						
							km","6,893                        						
							km","1,100                        						
							km"
Morocco,PwrIndx: 1.1273,"3,73,87,585","1,79,46,041","1,52,54,135","6,35,589","1,95,800","1,50,000","50,000",260,83,0,31,75,4,2,78,0,903,"7,877",396,153,129,111,,0,0,0,0,6,1,105,0,"$                        							13,400,000,000","$                        							45,645,000,000","$                        							337,480,000,000","$                        							36,328,000,000",49,"1,22,84,000",12,94,"2,067                        						
							km","57,300                        						
							km","25                        						
							bbl","318,000                        						
							bbl","684,000                        						
							bbl","82,595,000                        						
							Cu.M","243,201,000                        						
							Cu.M","1,444,000,000                        						
							Cu.M","0                        						
							Cu.M","11,940,000                        						
							mt","96,000,000                        						
							Cu.M","715,550                        						
							km","1,835                        						
							km","2,363                        						
							km","0                        						
							km"
Azerbaijan,PwrIndx: 1.2531,"1,06,50,239","52,18,617","39,08,638","1,59,754","1,26,400","3,00,000","15,000",154,12,18,3,35,0,0,86,16,497,"7,642",198,650,268,38,,0,0,4,0,0,0,17,4,"$                        							5,000,000,000","$                        							16,159,500,000","$                        							215,896,000,000","$                        							13,749,000,000",32,"54,73,000",0,312,"2,944                        						
							km","24,981                        						
							km","618,000                        						
							bbl","105,000                        						
							bbl","7,000,000,000                        						
							bbl","34,175,000,000                        						
							Cu.M","11,759,000,000                        						
							Cu.M","1,699,000,000,000                        						
							Cu.M","0                        						
							Cu.M","60,000                        						
							mt","0                        						
							Cu.M","86,600                        						
							km","713                        						
							km","2,468                        						
							km","0                        						
							km"
Belgium,PwrIndx: 1.2564,"1,19,77,634","49,10,830","38,80,753","1,19,776","25,000","6,400",0,108,43,0,7,38,0,0,20,0,0,"4,606",0,0,0,9,"10,190",0,0,0,0,2,0,2,5,"$                        							10,200,000,000","$                        							1,449,264,300,000","$                        							751,592,000,000","$                        							40,813,000,000",49,"54,32,000",7,198,"3,602                        						
							km","118,414                        						
							km","11,000                        						
							bbl","585,000                        						
							bbl","0                        						
							bbl","13,436,000                        						
							Cu.M","15,347,000,000                        						
							Cu.M","0                        						
							Cu.M","1,270,000                        						
							Cu.M","4,869,000                        						
							mt","4,100,000,000                        						
							Cu.M","30,528                        						
							km","67                        						
							km","1,297                        						
							km","2,043                        						
							km"
Bulgaria,PwrIndx: 1.2563,"67,82,659","31,87,850","26,11,324","61,044","37,000","3,000",0,65,10,5,6,21,0,0,27,4,90,"4,914",48,24,24,36,,0,0,0,0,4,3,0,10,"$                        							1,373,232,000","$                        							27,138,500,000","$                        							214,061,000,000","$                        							46,334,000,000",111,"31,03,000",2,78,"4,029                        						
							km","19,512                        						
							km","4,000                        						
							bbl","101,000                        						
							bbl","15,000,000                        						
							bbl","20,837,000                        						
							Cu.M","2,801,000,000                        						
							Cu.M","5,663,000,000                        						
							Cu.M","35,516,000                        						
							Cu.M","35,970,000                        						
							mt","2,366,000,000                        						
							Cu.M","110,880                        						
							km","354                        						
							km","1,806                        						
							km","470                        						
							km"
Serbia,PwrIndx: 1.2576,"66,52,212","32,59,584","25,74,406","79,827","25,000","2,000","6,00,000",110,11,17,3,33,0,0,46,4,262,"3,683",90,150,98,20,,0,0,0,0,0,0,7,5,"$                        							2,287,461,000","$                        							35,200,000,000","$                        							162,213,000,000","$                        							27,569,000,000",43,"33,33,000",0,0,"3,333                        						
							km","44,248                        						
							km","13,000                        						
							bbl","82,000                        						
							bbl","77,500,000                        						
							bbl","353,376,000                        						
							Cu.M","2,939,000,000                        						
							Cu.M","48,139,000,000                        						
							Cu.M","35,129,000                        						
							Cu.M","38,297,000                        						
							mt","7,514,000,000                        						
							Cu.M","77,474                        						
							km","0                        						
							km","2,322                        						
							km","587                        						
							km"
Syria,PwrIndx: 1.2771,"2,38,65,423","1,52,73,871","1,32,45,310","6,68,232","1,70,000","50,000","50,000",207,104,9,3,15,1,0,77,14,365,"11,148",90,641,204,27,,0,0,0,0,0,0,16,4,"$                        							291,850,000","$                        							4,309,500,000","$                        							55,935,900,000","$                        							341,962,500",39,"63,15,000",3,24,"2,052                        						
							km","69,873                        						
							km","75,000                        						
							bbl","138,000                        						
							bbl","2,500,000,000                        						
							bbl","3,085,000,000                        						
							Cu.M","3,084,000,000                        						
							Cu.M","240,693,000,000                        						
							Cu.M","0                        						
							Cu.M","47,000                        						
							mt","0                        						
							Cu.M","187,437                        						
							km","193                        						
							km","2,363                        						
							km","900                        						
							km"
Ecuador,PwrIndx: 1.3021,"1,83,09,984","84,22,593","67,38,074","3,29,580","41,250","1,18,000","1,500",102,0,0,20,34,8,0,46,0,54,"5,204",5,106,24,30,,0,0,2,0,2,6,5,0,"$                        							2,376,000,000","$                        							44,898,000,000","$                        							260,213,000,000","$                        							4,442,000,000",310,"88,93,000",6,154,"965                        						
							km","43,950                        						
							km","480,000                        						
							bbl","225,000                        						
							bbl","8,273,000,000                        						
							bbl","309,778,000                        						
							Cu.M","309,778,000                        						
							Cu.M","10,902,000,000                        						
							Cu.M","0                        						
							Cu.M","21,000                        						
							mt","24,000,000                        						
							Cu.M","283,560                        						
							km","2,237                        						
							km","2,237                        						
							km","1,500                        						
							km"
Democratic Republic of the Congo,PwrIndx: 1.3111,"11,54,03,027","3,92,37,029","3,13,89,623","25,38,867","1,66,580","31,000","10,000",46,1,6,6,1,0,0,32,8,105,916,8,60,25,16,,0,0,0,0,0,0,16,0,"$                        							796,560,000","$                        							4,994,000,000","$                        							154,012,000,000","$                        							3,898,125,000",272,"3,59,83,000",3,24,"4,007                        						
							km","152,373                        						
							km","19,000                        						
							bbl","26,000                        						
							bbl","180,000,000                        						
							bbl","380,000                        						
							Cu.M","380,000                        						
							Cu.M","991,090,000                        						
							Cu.M","0                        						
							Cu.M","23,000                        						
							mt","987,999,000                        						
							Cu.M","2,344,858                        						
							km","37                        						
							km","10,481                        						
							km","15,000                        						
							km"
Cuba,PwrIndx: 1.3286,"1,09,66,038","59,21,661","47,37,328","1,42,558","45,500","40,000","11,45,000",31,11,0,4,3,0,0,13,4,113,"6,864",60,130,15,19,,0,0,0,0,1,1,6,4,"$                        							4,508,784,000","$                        							33,066,000,000","$                        							141,400,000,000","$                        							10,442,000,000",123,"53,17,000",34,65,"8,367                        						
							km","60,000                        						
							km","34,000                        						
							bbl","165,000                        						
							bbl","124,000,000                        						
							bbl","659,434,000                        						
							Cu.M","659,434,000                        						
							Cu.M","70,792,000,000                        						
							Cu.M","0                        						
							Cu.M","2,000                        						
							mt","0                        						
							Cu.M","110,860                        						
							km","3,735                        						
							km","29                        						
							km","240                        						
							km"
Austria,PwrIndx: 1.3704,"89,67,982","40,35,592","36,32,033","98,648","16,000","1,25,600",0,85,15,0,11,18,0,0,41,0,56,"7,322",30,0,0,0,,0,0,0,0,0,0,0,0,"$                        							5,475,750,000","$                        							630,000,000,000","$                        							590,354,000,000","$                        							31,212,000,000",61,"48,25,000",0,1,"6,123                        						
							km","137,039                        						
							km","18,000                        						
							bbl","245,000                        						
							bbl","35,200,000                        						
							bbl","618,209,000                        						
							Cu.M","8,136,000,000                        						
							Cu.M","5,040,000,000                        						
							Cu.M","1,271,000                        						
							Cu.M","5,026,000                        						
							mt","0                        						
							Cu.M","83,871                        						
							km","0                        						
							km","2,524                        						
							km","358                        						
							km"
Sri Lanka,PwrIndx: 1.3941,"2,19,82,608","1,05,51,652","85,51,235","3,07,757","3,46,000","90,000",0,85,5,0,14,8,3,0,55,9,44,"3,190",0,96,28,270,"27,136",0,0,0,0,5,0,59,0,"$                        							1,265,400,000","$                        							46,409,500,000","$                        							287,132,000,000","$                        							3,450,700,000",18,"87,07,000",6,96,"1,562                        						
							km","114,093                        						
							km","0                        						
							bbl","121,000                        						
							bbl","0                        						
							bbl","0                        						
							Cu.M","0                        						
							Cu.M","0                        						
							Cu.M","0                        						
							Cu.M","2,084,000                        						
							mt","0                        						
							Cu.M","65,610                        						
							km","1,340                        						
							km","0                        						
							km","160                        						
							km"
Belarus,PwrIndx: 1.3954,"95,01,451","50,35,769","37,24,569","1,04,516","63,000","1,45,000","55,000",185,36,50,4,27,0,0,68,29,507,"6,916",357,215,206,0,,0,0,0,0,0,0,0,0,"$                        							1,077,900,000","$                        							44,000,000,000","$                        							254,407,000,000","$                        							8,118,000,000",46,"49,56,000",0,4,"5,528                        						
							km","86,600                        						
							km","30,000                        						
							bbl","131,000                        						
							bbl","198,000,000                        						
							bbl","73,929,000                        						
							Cu.M","16,683,000,000                        						
							Cu.M","2,832,000,000                        						
							Cu.M","0                        						
							Cu.M","778,000                        						
							mt","0                        						
							Cu.M","207,600                        						
							km","0                        						
							km","3,599                        						
							km","2,500                        						
							km"
Slovakia,PwrIndx: 1.3978,"55,63,649","28,37,461","23,53,424","61,200","19,500",0,0,41,2,0,7,9,1,0,22,0,45,"3,074",35,9,25,0,,0,0,0,0,0,0,0,0,"$                        							2,656,000,000","$                        							127,600,000,000","$                        							213,053,000,000","$                        							11,288,000,000",114,"28,23,000",0,0,"3,627                        						
							km","56,926                        						
							km","7,000                        						
							bbl","94,000                        						
							bbl","9,000,000                        						
							bbl","52,556,000                        						
							Cu.M","60,424,000                        						
							Cu.M","14,158,000,000                        						
							Cu.M","2,343,000                        						
							Cu.M","5,794,000                        						
							mt","19,000,000                        						
							Cu.M","49,035                        						
							km","0                        						
							km","1,587                        						
							km","172                        						
							km"
Qatar,PwrIndx: 1.4307,"25,52,088","6,38,022","4,90,001","12,760","66,550","15,000","5,500",251,102,6,12,51,0,0,80,24,99,"5,024",46,12,16,115,,0,0,0,0,0,4,105,0,"$                        							9,432,000,000","$                        							187,000,000,000","$                        							304,973,000,000","$                        							51,539,000,000",8,"20,35,000",6,123,"0                        						
							km","7,039                        						
							km","1,815,000                        						
							bbl","297,000                        						
							bbl","25,244,000                        						
							bbl","169,595,000,000                        						
							Cu.M","41,515,000,000                        						
							Cu.M","23,861,000,000,000                        						
							Cu.M","0                        						
							Cu.M","0                        						
							mt","0                        						
							Cu.M","11,586                        						
							km","563                        						
							km","87                        						
							km","0                        						
							km"
Sudan,PwrIndx: 1.4756,"5,04,67,278","2,67,47,657","1,71,08,407","13,12,149","92,000","85,000","17,500",165,37,27,13,15,0,0,64,35,224,"2,900",100,287,192,6,,0,0,0,0,0,0,6,0,"$                        							342,000,000","$                        							37,846,000,000","$                        							136,039,000,000","$                        							206,763,700",41,"1,35,90,000",4,14,"7,251                        						
							km","31,000                        						
							km","68,000                        						
							bbl","127,000                        						
							bbl","1,250,000,000                        						
							bbl","0                        						
							Cu.M","0                        						
							Cu.M","84,951,000,000                        						
							Cu.M","0                        						
							Cu.M","0                        						
							mt","0                        						
							Cu.M","1,861,484                        						
							km","853                        						
							km","6,819                        						
							km","4,068                        						
							km"
Croatia,PwrIndx: 1.5074,"41,50,116","20,33,557","15,64,594","53,952","14,325","20,100","2,000",67,10,0,0,28,0,0,37,0,45,"2,848",25,42,42,30,,0,0,0,0,0,0,10,1,"$                        							1,176,000,000","$                        							55,000,000,000","$                        							159,305,000,000","$                        							3,176,000,000",40,"17,44,000",16,384,"2,617                        						
							km","26,958                        						
							km","11,000                        						
							bbl","70,000                        						
							bbl","71,000,000                        						
							bbl","741,456,000                        						
							Cu.M","2,502,000,000                        						
							Cu.M","24,919,000,000                        						
							Cu.M","0                        						
							Cu.M","702,000                        						
							mt","0                        						
							Cu.M","56,594                        						
							km","5,835                        						
							km","2,237                        						
							km","4,714                        						
							km"
Jordan,PwrIndx: 1.6139,"1,11,74,024","34,63,947","29,83,464","1,45,262","1,00,500","65,000","35,000",274,44,6,13,66,13,0,155,44,"1,458","16,624",358,80,56,27,,0,0,0,0,0,0,27,0,"$                        							2,500,000,000","$                        							25,646,500,000","$                        							106,806,000,000","$                        							15,715,600,000",17,"30,63,000",1,34,"509                        						
							km","7,203                        						
							km","20                        						
							bbl","97,000                        						
							bbl","1,000,000                        						
							bbl","187,262,000                        						
							Cu.M","4,382,000,000                        						
							Cu.M","6,031,000,000                        						
							Cu.M","0                        						
							Cu.M","479,000                        						
							mt","0                        						
							Cu.M","89,342                        						
							km","26                        						
							km","1,744                        						
							km","0                        						
							km"
Libya,PwrIndx: 1.4449,"73,61,263","38,27,857","32,90,485","1,25,141","32,000",0,"1,00,000",143,10,1,6,38,0,0,16,4,43,"1,816",15,28,25,5,,0,0,0,0,0,1,1,1,"$                        							3,060,000,000","$                        							3,322,000,000","$                        							121,951,000,000","$                        							92,427,000,000",66,"23,98,000",14,96,"2,000                        						
							km","37,000                        						
							km","1,245,000                        						
							bbl","230,000                        						
							bbl","48,363,000,000                        						
							bbl","11,832,000,000                        						
							Cu.M","9,212,000,000                        						
							Cu.M","1,505,000,000,000                        						
							Cu.M","0                        						
							Cu.M","0                        						
							mt","0                        						
							Cu.M","1,759,540                        						
							km","1,770                        						
							km","4,339                        						
							km","0                        						
							km"
Turkmenistan,PwrIndx: 1.6512,"57,44,151","27,68,681","22,45,963","1,09,139","36,500",0,"3,500",91,24,27,5,9,0,0,26,10,654,"5,016",73,450,164,16,,0,0,0,0,0,0,16,0,"$                        							1,078,020,000","$                        							2,134,500,000","$                        							94,790,000,000","$                        							23,415,400,000",23,"21,63,000",0,73,"5,113                        						
							km","58,592                        						
							km","272,000                        						
							bbl","152,000                        						
							bbl","600,000,000                        						
							bbl","86,472,000,000                        						
							Cu.M","41,561,000,000                        						
							Cu.M","11,327,000,000,000                        						
							Cu.M","0                        						
							Cu.M","0                        						
							mt","800,000,000                        						
							Cu.M","488,100                        						
							km","1,768                        						
							km","4,158                        						
							km","1,300                        						
							km"
Albania,PwrIndx: 1.6815,"31,07,100","15,22,479","12,92,554","62,142","6,600","2,000",500,19,0,0,0,0,0,0,19,0,46,"1,796",0,50,135,19,,0,0,0,0,0,0,19,0,"$                        							558,862,420","$                        							7,312,000,000","$                        							49,592,000,000","$                        							6,455,000,000",3,"13,88,000",3,67,"424                        						
							km","3,945                        						
							km","1,400                        						
							bbl","2,600                        						
							bbl","150,000,000                        						
							bbl","50,623,000                        						
							Cu.M","50,623,000                        						
							Cu.M","5,692,000,000                        						
							Cu.M","379,000                        						
							Cu.M","389,000                        						
							mt","522,000,000                        						
							Cu.M","28,748                        						
							km","362                        						
							km","691                        						
							km","41                        						
							km"
Kuwait,PwrIndx: 1.6982,"31,38,355","17,26,095","14,49,920","37,660","72,000","24,000","7,500",128,43,0,2,13,0,3,67,16,367,"5,636",74,0,27,123,,0,0,0,0,0,0,106,0,"$                        							6,950,000,000","$                        							55,000,000,000","$                        							219,060,000,000","$                        							52,619,000,000",6,"24,63,000",6,176,"0                        						
							km","5,749                        						
							km","2,910,000                        						
							bbl","372,000                        						
							bbl","101,500,000,000                        						
							bbl","19,285,000,000                        						
							Cu.M","26,083,000,000                        						
							Cu.M","1,784,000,000,000                        						
							Cu.M","0                        						
							Cu.M","145,000                        						
							mt","0                        						
							Cu.M","17,818                        						
							km","499                        						
							km","475                        						
							km","0                        						
							km"
Bolivia,PwrIndx: 1.7221,"1,23,11,974","54,17,269","41,12,199","2,33,928","40,000","40,000",0,64,0,0,15,19,0,0,33,0,54,890,0,106,0,67,,0,0,0,0,0,0,50,0,"$                        							550,200,000","$                        							11,431,000,000","$                        							119,785,000,000","$                        							1,800,000,000",200,"61,14,000",0,50,"3,690                        						
							km","90,568                        						
							km","58,000                        						
							bbl","87,000                        						
							bbl","240,900,000                        						
							bbl","13,760,000,000                        						
							Cu.M","3,055,000,000                        						
							Cu.M","302,990,000,000                        						
							Cu.M","0                        						
							Cu.M","9,000                        						
							mt","1,000,000                        						
							Cu.M","1,098,581                        						
							km","0                        						
							km","7,252                        						
							km","10,000                        						
							km"
Bahrain,PwrIndx: 1.7448,"15,66,888","8,46,120","7,20,768","17,236","18,400","1,10,000","1,500",132,24,0,3,40,0,0,80,34,150,"2,764",38,26,17,64,,0,0,0,0,2,2,50,0,"$                        							1,597,200,000","$                        							49,500,000,000","$                        							85,491,000,000","$                        							5,118,000,000",3,"8,55,000",4,184,"0                        						
							km","4,122                        						
							km","189,000                        						
							bbl","72,000                        						
							bbl","186,500,000                        						
							bbl","18,005,000,000                        						
							Cu.M","17,924,000,000                        						
							Cu.M","81,382,000,000                        						
							Cu.M","0                        						
							Cu.M","0                        						
							mt","0                        						
							Cu.M","760                        						
							km","161                        						
							km","0                        						
							km","0                        						
							km"
Oman,PwrIndx: 1.8047,"39,01,992","14,82,757","12,91,559","50,726","42,600","1,00,000","10,000",128,29,10,9,45,4,0,31,0,150,"4,084",24,140,0,22,,0,0,0,0,0,5,12,0,"$                        							8,200,000,000","$                        							50,897,000,000","$                        							185,960,000,000","$                        							17,455,000,000",36,"23,16,000",7,57,"0                        						
							km","60,230                        						
							km","1,056,000                        						
							bbl","211,000                        						
							bbl","5,375,000,000                        						
							bbl","40,754,000,000                        						
							Cu.M","27,364,000,000                        						
							Cu.M","651,287,000,000                        						
							Cu.M","0                        						
							Cu.M","31,000                        						
							mt","0                        						
							Cu.M","309,500                        						
							km","2,092                        						
							km","1,561                        						
							km","0                        						
							km"
Kenya,PwrIndx: 1.8135,"5,82,46,378","2,15,51,160","1,40,37,377","9,31,942","50,000",0,"25,000",156,17,0,21,31,2,0,85,2,188,"4,128",18,53,0,23,,0,0,0,0,0,0,7,0,"$                        							1,307,383,850","$                        							30,514,500,000","$                        							314,063,000,000","$                        							7,342,000,000",370,"2,55,02,000",4,26,"3,819                        						
							km","161,452                        						
							km","0                        						
							bbl","119,000                        						
							bbl","0                        						
							bbl","0                        						
							Cu.M","0                        						
							Cu.M","0                        						
							Cu.M","0                        						
							Cu.M","1,168,000                        						
							mt","0                        						
							Cu.M","580,367                        						
							km","536                        						
							km","3,457                        						
							km","0                        						
							km"
Chad,PwrIndx: 1.8712,"1,90,93,595","68,73,694","38,56,906","3,81,872","33,250",0,"5,000",40,0,7,7,8,2,0,16,3,90,"3,316",10,10,20,0,,0,0,0,0,0,0,0,0,"$                        							381,350,000","$                        							2,038,000,000","$                        							32,446,000,000","$                        							211,591,000",42,"58,06,000",0,0,"0                        						
							km","40,000                        						
							km","124,000                        						
							bbl","15,000                        						
							bbl","1,500,000,000                        						
							bbl","0                        						
							Cu.M","0                        						
							Cu.M","0                        						
							Cu.M","0                        						
							Cu.M","0                        						
							mt","0                        						
							Cu.M","1,284,000                        						
							km","0                        						
							km","6,406                        						
							km","12,400                        						
							km"
Yemen,PwrIndx: 1.8901,"3,21,40,443","1,22,13,368","90,31,464","6,10,668","66,700",0,"20,000",84,27,12,2,15,0,0,30,7,0,550,0,15,10,33,,0,0,0,0,0,1,12,1,"$                        							810,375,000","$                        							6,343,500,000","$                        							67,003,300,000","$                        							923,361,750",36,"68,83,000",10,30,"0                        						
							km","71,300                        						
							km","15,000                        						
							bbl","60,000                        						
							bbl","3,000,000,000                        						
							bbl","189,432,000                        						
							Cu.M","189,432,000                        						
							Cu.M","478,555,000,000                        						
							Cu.M","0                        						
							Cu.M","165,000                        						
							mt","0                        						
							Cu.M","527,968                        						
							km","1,906                        						
							km","1,601                        						
							km","0                        						
							km"
New Zealand,PwrIndx: 1.9039,"51,61,211","22,19,321","17,75,457","61,935","8,670","3,250",300,48,0,0,8,13,6,0,21,0,0,"2,114",0,31,0,8,,0,0,0,0,2,0,4,0,"$                        							3,030,000,000","$                        							209,683,100,000","$                        							254,770,000,000","$                        							15,487,000,000",202,"30,68,000",22,117,"4,128                        						
							km","94,000                        						
							km","12,000                        						
							bbl","154,000                        						
							bbl","40,993,000                        						
							bbl","3,770,000,000                        						
							Cu.M","3,819,000,000                        						
							Cu.M","31,149,000,000                        						
							Cu.M","3,036,000                        						
							Cu.M","2,441,000                        						
							mt","7,575,000,000                        						
							Cu.M","268,838                        						
							km","15,134                        						
							km","0                        						
							km","0                        						
							km"
Paraguay,PwrIndx: 1.9044,"75,22,549","35,35,598","30,01,497","1,50,451","15,650","1,68,500","15,000",39,0,0,11,13,1,0,14,0,0,"1,108",0,25,0,72,,0,0,0,0,0,0,63,0,"$                        							17,595,000,000","$                        							14,370,000,000","$                        							108,022,000,000","$                        							9,886,000,000",83,"34,69,000",1,108,"30                        						
							km","78,811                        						
							km","2,000                        						
							bbl","57,000                        						
							bbl","0                        						
							bbl","0                        						
							Cu.M","0                        						
							Cu.M","0                        						
							Cu.M","0                        						
							Cu.M","1,000                        						
							mt","0                        						
							Cu.M","406,752                        						
							km","0                        						
							km","4,655                        						
							km","3,100                        						
							km"
Lithuania,PwrIndx: 1.9075,"26,28,186","17,08,321","13,32,490","36,795","23,000","1,04,000","14,150",9,0,0,5,0,0,0,4,0,0,"1,263",21,54,0,14,,0,0,0,0,0,0,7,4,"$                        							2,388,900,000","$                        							44,000,000,000","$                        							132,712,000,000","$                        							6,168,000,000",65,"15,10,000",2,59,"1,911                        						
							km","84,166                        						
							km","4,000                        						
							bbl","68,000                        						
							bbl","12,000,000                        						
							bbl","0                        						
							Cu.M","1,601,000,000                        						
							Cu.M","0                        						
							Cu.M","0                        						
							Cu.M","263,000                        						
							mt","0                        						
							Cu.M","65,300                        						
							km","90                        						
							km","1,545                        						
							km","441                        						
							km"
Mozambique,PwrIndx: 1.9265,"3,33,50,954","1,46,74,420","77,70,772","5,33,615","11,200",0,"3,000",22,8,0,4,1,1,0,8,2,30,872,0,52,6,33,,0,0,0,0,0,0,33,0,"$                        							412,400,000","$                        							12,100,000,000","$                        							50,631,000,000","$                        							3,515,000,000",92,"1,51,91,000",11,36,"4,787                        						
							km","31,083                        						
							km","0                        						
							bbl","40,000                        						
							bbl","0                        						
							bbl","5,388,000,000                        						
							Cu.M","1,347,000,000                        						
							Cu.M","2,832,000,000,000                        						
							Cu.M","9,015,000                        						
							Cu.M","11,000                        						
							mt","1,792,000,000                        						
							Cu.M","799,380                        						
							km","2,470                        						
							km","4,783                        						
							km","460                        						
							km"
Tunisia,PwrIndx: 1.9538,"1,20,48,847","60,24,424","51,81,004","2,04,830","89,800",0,"12,000",154,10,0,11,28,4,0,101,0,90,"7,913",0,85,0,58,,0,0,0,0,0,0,51,0,"$                        							1,400,000,000","$                        							27,084,500,000","$                        							153,637,000,000","$                        							9,240,000,000",14,"44,45,000",16,72,"2,173                        						
							km","20,000                        						
							km","35,000                        						
							bbl","108,000                        						
							bbl","425,000,000                        						
							bbl","1,323,000,000                        						
							Cu.M","5,153,000,000                        						
							Cu.M","65,129,000,000                        						
							Cu.M","0                        						
							Cu.M","2,000                        						
							mt","0                        						
							Cu.M","163,610                        						
							km","1,148                        						
							km","1,495                        						
							km","0                        						
							km"
Armenia,PwrIndx: 2.0373,"29,76,765","16,66,988","13,66,335","44,651","57,500","2,10,000","5,000",71,4,15,3,13,0,0,36,20,109,"1,306",145,148,100,0,,0,0,0,0,0,0,0,0,"$                        							1,700,000,000","$                        							9,014,000,000","$                        							57,728,000,000","$                        							3,607,000,000",11,"13,56,000",0,0,"686                        						
							km","7,700                        						
							km","0                        						
							bbl","14,000                        						
							bbl","0                        						
							bbl","0                        						
							Cu.M","2,861,000,000                        						
							Cu.M","0                        						
							Cu.M","60                        						
							Cu.M","23,000                        						
							mt","317,000,000                        						
							Cu.M","29,743                        						
							km","0                        						
							km","1,570                        						
							km","0                        						
							km"
Tanzania,PwrIndx: 2.0416,"6,74,62,121","1,21,43,182","66,78,750","6,07,159","27,000","80,000","6,500",39,14,0,6,7,0,0,12,0,62,"1,072",0,0,0,12,,0,0,0,0,0,0,10,0,"$                        							1,406,745,334","$                        							18,983,500,000","$                        							234,050,000,000","$                        							5,693,050,000",206,"3,12,19,000",8,381,"4,097                        						
							km","145,203                        						
							km","0                        						
							bbl","58,000                        						
							bbl","0                        						
							bbl","1,808,000,000                        						
							Cu.M","1,808,000,000                        						
							Cu.M","6,513,000,000                        						
							Cu.M","2,511,000                        						
							Cu.M","802,000                        						
							mt","1,410,000,000                        						
							Cu.M","947,300                        						
							km","1,424                        						
							km","4,161                        						
							km","0                        						
							km"
Cameroon,PwrIndx: 2.0501,"3,09,66,105","1,05,28,476","62,24,187","4,95,458","40,000",0,"12,500",35,0,0,6,6,2,0,21,0,0,430,18,52,20,51,,0,0,0,0,0,0,51,0,"$                        							554,952,283","$                        							9,506,000,000","$                        							138,925,000,000","$                        							5,754,093,000",37,"1,19,65,000",7,198,"987                        						
							km","77,589                        						
							km","54,000                        						
							bbl","40,000                        						
							bbl","200,000,000                        						
							bbl","2,595,000,000                        						
							Cu.M","877,058,000                        						
							Cu.M","135,071,000,000                        						
							Cu.M","0                        						
							Cu.M","0                        						
							mt","0                        						
							Cu.M","475,440                        						
							km","400                        						
							km","5,018                        						
							km","0                        						
							km"
Georgia,PwrIndx: 2.0695,"49,00,961","27,44,538","22,25,036","93,118","55,000","1,52,500",0,61,0,5,2,10,0,0,44,11,123,"3,392",67,121,42,19,,0,0,0,0,0,0,31,4,"$                        							495,629,055","$                        							13,488,000,000","$                        							83,656,000,000","$                        							5,002,000,000",19,"18,53,000",3,26,"1,363                        						
							km","20,295                        						
							km","300                        						
							bbl","32,000                        						
							bbl","35,000,000                        						
							bbl","8,760,000                        						
							Cu.M","2,796,000,000                        						
							Cu.M","8,495,000,000                        						
							Cu.M","256,000                        						
							Cu.M","516,000                        						
							mt","900,999,000                        						
							Cu.M","69,700                        						
							km","310                        						
							km","1,814                        						
							km","0                        						
							km"
Cambodia,PwrIndx: 2.0752,"1,70,63,669","81,90,561","57,33,393","3,07,146","2,21,000",0,"10,000",25,0,0,4,0,0,0,21,0,644,"3,627",30,430,463,20,,0,0,0,0,0,0,20,0,"$                        							860,000,000","$                        							13,200,000,000","$                        							85,900,000,000","$                        							17,801,000,000",13,"91,75,000",2,195,"642                        						
							km","47,263                        						
							km","0                        						
							bbl","73,000                        						
							bbl","0                        						
							bbl","0                        						
							Cu.M","0                        						
							Cu.M","0                        						
							Cu.M","113,000                        						
							Cu.M","2,215,000                        						
							mt","0                        						
							Cu.M","181,035                        						
							km","443                        						
							km","2,530                        						
							km","3,700                        						
							km"
Slovenia,PwrIndx: 2.1016,"20,97,893","10,06,989","8,26,570","22,867","7,300","26,000","5,000",39,0,0,4,23,0,0,16,0,54,"1,428",0,18,0,2,,0,0,0,0,0,0,2,0,"$                        							886,860,000","$                        							55,000,000,000","$                        							102,036,000,000","$                        							2,370,000,000",42,"10,55,000",2,8,"1,207                        						
							km","38,985                        						
							km","0                        						
							bbl","45,000                        						
							bbl","0                        						
							bbl","3,863,000                        						
							Cu.M","840,902,000                        						
							Cu.M","0                        						
							Cu.M","2,358,000                        						
							Cu.M","2,553,000                        						
							mt","95,000,000                        						
							Cu.M","20,273                        						
							km","47                        						
							km","1,211                        						
							km","710                        						
							km"
Ireland,PwrIndx: 2.1103,"52,33,461","24,07,392","19,99,182","57,568","7,765","1,700",0,22,0,0,4,8,2,0,8,0,0,"1,712",0,0,0,8,,0,0,0,0,0,0,8,0,"$                        							1,500,000,000","$                        							3,300,000,000,000","$                        							608,463,000,000","$                        							12,905,000,000",100,"27,66,000",21,94,"1,688                        						
							km","99,830                        						
							km","600                        						
							bbl","156,000                        						
							bbl","0                        						
							bbl","1,447,000,000                        						
							Cu.M","5,280,000,000                        						
							Cu.M","9,911,000,000                        						
							Cu.M","0                        						
							Cu.M","1,322,000                        						
							mt","40,000,000                        						
							Cu.M","70,273                        						
							km","1,448                        						
							km","443                        						
							km","956                        						
							km"
Mongolia,PwrIndx: 2.1135,"32,81,676","18,70,555","15,52,233","62,352","35,000","1,35,000","50,000",7,0,0,3,2,0,0,2,0,420,"2,560",0,500,130,0,,0,0,0,0,0,0,0,0,"$                        							165,110,000","$                        							19,542,500,000","$                        							56,264,000,000","$                        							4,782,000,000",35,"14,03,000",0,318,"1,815                        						
							km","113,200                        						
							km","15,000                        						
							bbl","36,000                        						
							bbl","0                        						
							bbl","0                        						
							Cu.M","0                        						
							Cu.M","0                        						
							Cu.M","28,276,000                        						
							Cu.M","6,393,000                        						
							mt","2,520,000,000                        						
							Cu.M","1,564,116                        						
							km","0                        						
							km","8,082                        						
							km","580                        						
							km"
Latvia,PwrIndx: 2.1246,"18,01,246","8,10,561","6,48,449","16,211","17,250","36,000","12,500",7,0,0,0,0,0,0,7,0,0,"1,848",47,0,0,18,,0,0,0,0,0,0,11,6,"$                        							1,138,000,000","$                        							44,180,400,000","$                        							71,154,000,000","$                        							4,957,000,000",56,"9,78,000",5,83,"2,216                        						
							km","70,244                        						
							km","2,000                        						
							bbl","35,000                        						
							bbl","0                        						
							bbl","0                        						
							Cu.M","828,214,000                        						
							Cu.M","0                        						
							Cu.M","0                        						
							Cu.M","20,000                        						
							mt","0                        						
							Cu.M","64,589                        						
							km","498                        						
							km","1,370                        						
							km","300                        						
							km"
Uruguay,PwrIndx: 2.1385,"34,25,330","15,75,652","13,22,177","54,805","25,000",0,"5,000",43,0,6,6,12,5,2,12,0,31,"3,042",6,70,4,14,,0,0,0,0,0,0,2,2,"$                        							772,400,000","$                        							49,500,000,000","$                        							105,096,000,000","$                        							16,257,000,000",64,"17,75,000",8,58,"1,673                        						
							km","77,732                        						
							km","400                        						
							bbl","52,000                        						
							bbl","0                        						
							bbl","0                        						
							Cu.M","86,037,000                        						
							Cu.M","0                        						
							Cu.M","0                        						
							Cu.M","18,000                        						
							mt","0                        						
							Cu.M","176,215                        						
							km","660                        						
							km","1,591                        						
							km","1,600                        						
							km"
Honduras,PwrIndx: 2.1679,"95,29,188","41,92,843","31,44,632","95,292","52,225","60,000","23,000",40,4,7,10,10,1,0,8,0,11,614,0,32,0,98,,0,0,0,0,0,0,93,0,"$                        							413,635,000","$                        							8,805,500,000","$                        							68,854,000,000","$                        							7,543,000,000",129,"46,76,000",8,489,"699                        						
							km","14,742                        						
							km","20                        						
							bbl","67,000                        						
							bbl","0                        						
							bbl","0                        						
							Cu.M","0                        						
							Cu.M","0                        						
							Cu.M","0                        						
							Cu.M","190,000                        						
							mt","0                        						
							Cu.M","112,090                        						
							km","832                        						
							km","1,575                        						
							km","465                        						
							km"
Ivory Coast,PwrIndx: 2.1796,"2,99,81,758","1,22,92,521","78,55,221","5,69,653","22,000",0,"5,500",19,0,0,4,2,3,0,10,3,5,656,0,2,3,3,,0,0,0,0,0,0,3,0,"$                        							669,600,935","$                        							19,311,500,000","$                        							202,758,000,000","$                        							7,583,484,000",29,"1,09,54,000",5,25,"660                        						
							km","81,996                        						
							km","29,000                        						
							bbl","60,000                        						
							bbl","100,000,000                        						
							bbl","2,635,000,000                        						
							Cu.M","2,635,000,000                        						
							Cu.M","28,317,000,000                        						
							Cu.M","0                        						
							Cu.M","0                        						
							mt","0                        						
							Cu.M","322,463                        						
							km","515                        						
							km","3,458                        						
							km","980                        						
							km"
Guatemala,PwrIndx: 2.1956,"1,82,55,216","74,84,639","62,79,794","1,82,552","1,06,114","90,000","35,000",36,0,4,10,0,0,0,21,0,5,688,0,50,0,25,,0,0,0,0,0,0,20,0,"$                        							408,635,000","$                        							27,500,000,000","$                        							223,183,000,000","$                        							21,311,000,000",58,"72,58,000",3,9,"800                        						
							km","17,440                        						
							km","6,000                        						
							bbl","115,000                        						
							bbl","86,110,000                        						
							bbl","3,276,000                        						
							Cu.M","2,986,000                        						
							Cu.M","0                        						
							Cu.M","0                        						
							Cu.M","1,296,000                        						
							mt","0                        						
							Cu.M","108,889                        						
							km","400                        						
							km","1,667                        						
							km","990                        						
							km"
Mali,PwrIndx: 2.2379,"2,19,90,607","68,17,088","42,88,168","3,51,850","40,000",0,"4,800",43,9,12,7,4,1,0,10,8,10,570,0,10,20,0,,0,0,0,0,0,0,0,0,"$                        							650,386,000","$                        							4,057,500,000","$                        							57,235,000,000","$                        							647,800,000",30,"82,77,000",0,0,"593                        						
							km","139,107                        						
							km","0                        						
							bbl","46,000                        						
							bbl","0                        						
							bbl","0                        						
							Cu.M","0                        						
							Cu.M","0                        						
							Cu.M","0                        						
							Cu.M","0                        						
							mt","0                        						
							Cu.M","1,240,192                        						
							km","0                        						
							km","7,908                        						
							km","1,800                        						
							km"
Kyrgyzstan,PwrIndx: 2.2543,"61,72,101","31,47,772","24,87,357","1,17,270","23,000","3,00,000","55,000",7,0,0,0,0,0,0,7,2,215,"2,686",30,169,21,0,,0,0,0,0,0,0,0,0,"$                        							221,800,000","$                        							6,728,500,000","$                        							45,461,000,000","$                        							3,237,000,000",28,"30,69,000",0,0,"424                        						
							km","34,000                        						
							km","6,000                        						
							bbl","31,000                        						
							bbl","40,000,000                        						
							bbl","31,026,000                        						
							Cu.M","438,000,000                        						
							Cu.M","5,663,000,000                        						
							Cu.M","3,637,000                        						
							Cu.M","3,352,000                        						
							mt","28,499,000,000                        						
							Cu.M","199,951                        						
							km","0                        						
							km","4,573                        						
							km","576                        						
							km"
Laos,PwrIndx: 2.2663,"79,53,556","34,99,565","25,21,277","1,59,071","1,00,000","30,000","1,20,000",33,0,0,2,8,0,0,23,0,160,"4,380",40,87,64,36,,0,0,0,0,0,0,36,0,"$                        							135,000,000","$                        							16,500,000,000","$                        							64,173,000,000","$                        							1,770,000,000",18,"31,74,000",0,1,"422                        						
							km","39,568                        						
							km","0                        						
							bbl","24,000                        						
							bbl","0                        						
							bbl","0                        						
							Cu.M","0                        						
							Cu.M","0                        						
							Cu.M","14,845,000                        						
							Cu.M","13,691,000                        						
							mt","62,000,000                        						
							Cu.M","236,800                        						
							km","0                        						
							km","5,274                        						
							km","4,600                        						
							km"
Estonia,PwrIndx: 2.2917,"11,93,791","5,84,958","4,56,028","13,132","7,700","78,800","10,000",5,0,0,2,3,0,0,3,0,0,"1,685",36,0,0,8,,0,0,0,0,0,0,4,4,"$                        							1,463,360,000","$                        							26,400,000,000","$                        							57,377,000,000","$                        							2,593,000,000",26,"7,52,000",20,72,"1,441                        						
							km","58,412                        						
							km","24,000                        						
							bbl","28,000                        						
							bbl","0                        						
							bbl","0                        						
							Cu.M","354,912,000                        						
							Cu.M","0                        						
							Cu.M","0                        						
							Cu.M","3,000                        						
							mt","0                        						
							Cu.M","45,228                        						
							km","3,794                        						
							km","657                        						
							km","335                        						
							km"
Tajikistan,PwrIndx: 2.3049,"1,03,94,063","47,81,269","37,73,045","1,76,699","9,500","6,00,000","20,000",25,0,0,1,4,0,0,20,6,38,"1,240",3,13,20,0,,0,0,0,0,0,0,0,0,"$                        							446,000,000","$                        							7,150,000,000","$                        							46,467,000,000","$                        							2,748,900,000",19,"26,77,000",0,0,"680                        						
							km","30,000                        						
							km","300                        						
							bbl","28,000                        						
							bbl","12,000,000                        						
							bbl","18,476,000                        						
							Cu.M","85,567,000                        						
							Cu.M","5,663,000,000                        						
							Cu.M","2,175,000                        						
							Cu.M","2,245,000                        						
							mt","4,075,000,000                        						
							Cu.M","144,100                        						
							km","0                        						
							km","4,130                        						
							km","200                        						
							km"
Zambia,PwrIndx: 2.3411,"2,07,99,116","72,79,691","41,39,024","3,74,384","15,150",0,"1,200",77,0,0,13,34,0,0,32,0,35,424,12,30,25,0,,0,0,0,0,0,0,0,0,"$                        							394,240,000","$                        							13,200,000,000","$                        							76,493,000,000","$                        							2,861,000,000",119,"70,51,000",0,2,"3,126                        						
							km","67,671                        						
							km","0                        						
							bbl","34,000                        						
							bbl","0                        						
							bbl","0                        						
							Cu.M","0                        						
							Cu.M","0                        						
							Cu.M","831,000                        						
							Cu.M","823,000                        						
							mt","944,999,000                        						
							Cu.M","752,618                        						
							km","0                        						
							km","6,043                        						
							km","0                        						
							km"
Ghana,PwrIndx: 2.3775,"3,45,89,092","1,48,73,310","99,61,658","6,22,604","15,500",0,0,19,0,0,2,5,2,0,10,0,0,"1,824",0,6,6,28,,0,0,0,0,0,0,27,0,"$                        							308,500,000","$                        							22,550,000,000","$                        							229,639,000,000","$                        							3,624,000,000",11,"1,48,87,000",4,52,"947                        						
							km","65,725                        						
							km","174,000                        						
							bbl","110,000                        						
							bbl","660,000,000                        						
							bbl","3,192,000,000                        						
							Cu.M","3,912,000,000                        						
							Cu.M","22,653,000,000                        						
							Cu.M","0                        						
							Cu.M","85,000                        						
							mt","0                        						
							Cu.M","238,533                        						
							km","539                        						
							km","2,420                        						
							km","1,293                        						
							km"
Zimbabwe,PwrIndx: 2.3863,"1,71,50,352","65,17,134","37,21,626","3,60,157","29,000",0,"21,800",95,13,0,14,40,0,0,28,6,15,828,0,0,0,0,,0,0,0,0,0,0,0,0,"$                        							530,800,000","$                        							11,000,000,000","$                        							58,583,000,000","$                        							115,530,000",144,"65,61,000",0,0,"3,427                        						
							km","97,267                        						
							km","800                        						
							bbl","29,000                        						
							bbl","0                        						
							bbl","0                        						
							Cu.M","0                        						
							Cu.M","0                        						
							Cu.M","3,877,000                        						
							Cu.M","4,479,000                        						
							mt","502,000,000                        						
							Cu.M","390,757                        						
							km","0                        						
							km","3,229                        						
							km","0                        						
							km"
North Macedonia,PwrIndx: 2.4042,"21,35,622","9,48,216","7,83,773","27,763","9,000","60,000","3,500",20,0,0,0,10,0,0,10,4,20,"1,108",0,150,17,0,,0,0,0,0,0,0,0,0,"$                        							388,421,700","$                        							11,000,000,000","$                        							42,444,000,000","$                        							5,015,000,000",13,"8,01,000",0,0,"699                        						
							km","14,182                        						
							km","0                        						
							bbl","22,000                        						
							bbl","0                        						
							bbl","0                        						
							Cu.M","274,928,000                        						
							Cu.M","0                        						
							Cu.M","5,075,000                        						
							Cu.M","5,776,000                        						
							mt","332,000,000                        						
							Cu.M","25,713                        						
							km","0                        						
							km","838                        						
							km","0                        						
							km"
South Sudan,PwrIndx: 2.4321,"1,27,03,714","63,51,857","40,65,188","3,30,297","1,85,000",0,0,20,0,0,5,0,0,0,15,6,30,"1,950",24,0,15,0,,0,0,0,0,0,0,0,0,"$                        							175,300,000","$                        							2,475,000,000","$                        							20,010,000,000","$                        							183,615,000",82,"44,71,000",0,0,"248                        						
							km","90,200                        						
							km","146,000                        						
							bbl","14,000                        						
							bbl","3,750,000,000                        						
							bbl","0                        						
							Cu.M","0                        						
							Cu.M","0                        						
							Cu.M","0                        						
							Cu.M","0                        						
							mt","0                        						
							Cu.M","644,329                        						
							km","0                        						
							km","6,018                        						
							km","0                        						
							km"
Uganda,PwrIndx: 2.4767,"4,92,83,041","1,67,56,234","99,05,891","9,85,661","45,000",0,"10,000",51,6,0,0,12,0,0,30,6,259,"3,862",6,26,12,0,,0,0,0,0,0,0,0,0,"$                        							985,400,000","$                        							11,818,000,000","$                        							135,668,000,000","$                        							3,506,500,000",39,"1,88,81,000",0,0,"1,244                        						
							km","20,544                        						
							km","0                        						
							bbl","43,000                        						
							bbl","2,500,000,000                        						
							bbl","0                        						
							Cu.M","0                        						
							Cu.M","14,158,000,000                        						
							Cu.M","0                        						
							Cu.M","0                        						
							mt","800,000,000                        						
							Cu.M","241,038                        						
							km","0                        						
							km","2,729                        						
							km","0                        						
							km"
Lebanon,PwrIndx: 2.5981,"53,64,482","20,92,148","17,75,644","69,738","60,000","35,000","65,000",80,0,9,0,9,0,0,68,0,116,"4,538",12,353,11,64,,0,0,0,0,0,0,61,0,"$                        							768,250,325","$                        							36,928,000,000","$                        							65,818,000,000","$                        							26,498,095,000",8,"17,71,000",5,51,"401                        						
							km","21,705                        						
							km","0                        						
							bbl","174,000                        						
							bbl","0                        						
							bbl","0                        						
							Cu.M","0                        						
							Cu.M","0                        						
							Cu.M","0                        						
							Cu.M","207,000                        						
							mt","0                        						
							Cu.M","10,400                        						
							km","225                        						
							km","484                        						
							km","0                        						
							km"
Namibia,PwrIndx: 2.6384,"28,03,660","6,16,805","4,00,923","30,840","13,000",0,"5,000",34,11,0,3,14,0,0,7,2,4,"2,094",0,25,25,15,,0,0,0,0,0,2,12,0,"$                        							370,500,000","$                        							8,800,000,000","$                        							29,944,000,000","$                        							2,956,000,000",255,"9,89,000",2,15,"2,628                        						
							km","48,875                        						
							km","0                        						
							bbl","25,000                        						
							bbl","0                        						
							bbl","0                        						
							Cu.M","0                        						
							Cu.M","62,297,000,000                        						
							Cu.M","0                        						
							Cu.M","32,000                        						
							mt","350,000,000                        						
							Cu.M","824,292                        						
							km","1,572                        						
							km","4,220                        						
							km","0                        						
							km"
Luxembourg,PwrIndx: 2.6415,"6,71,254","1,54,388","92,633","3,356","1,000",0,0,1,0,0,1,0,0,0,0,0,0,182,0,0,0,0,,0,0,0,0,0,0,0,0,"$                        							726,092,925","$                        							4,730,000,000,000","$                        							88,533,000,000","$                        							2,977,000,000",3,"3,52,000",0,147,"271                        						
							km","2,875                        						
							km","0                        						
							bbl","51,000                        						
							bbl","0                        						
							bbl","0                        						
							Cu.M","594,240,000                        						
							Cu.M","0                        						
							Cu.M","0                        						
							Cu.M","62,000                        						
							mt","0                        						
							Cu.M","2,586                        						
							km","0                        						
							km","327                        						
							km","37                        						
							km"
Afghanistan,PwrIndx: 2.6442,"4,01,21,552","1,56,47,405","88,26,741","8,42,553",0,0,"80,000",9,0,0,3,0,0,0,6,1,0,"5,202",0,0,0,0,,0,0,0,0,0,0,0,0,"$                        							290,000,000","$                        							1,142,500,000","$                        							54,772,700,000","$                        							8,852,092,000",67,"89,21,000",0,0,"0                        						
							km","34,903                        						
							km","0                        						
							bbl","2,700                        						
							bbl","0                        						
							bbl","80,200,000                        						
							Cu.M","80,200,000                        						
							Cu.M","49,554,000,000                        						
							Cu.M","4,885,000                        						
							Cu.M","1,545,000                        						
							mt","66,000,000                        						
							Cu.M","652,230                        						
							km","0                        						
							km","5,987                        						
							km","1,200                        						
							km"
Niger,PwrIndx: 2.6689,"2,63,42,784","79,02,835","52,94,900","4,47,827","25,000",0,"5,000",26,0,2,7,0,2,0,13,1,0,456,0,0,0,0,,0,0,0,0,0,0,0,0,"$                        							336,400,000","$                        							3,844,000,000","$                        							44,561,000,000","$                        							1,442,772,000",26,"1,02,37,000",0,0,"0                        						
							km","18,949                        						
							km","6,000                        						
							bbl","13,000                        						
							bbl","150,000,000                        						
							bbl","29,509,000                        						
							Cu.M","29,858,000                        						
							Cu.M","0                        						
							Cu.M","457,000                        						
							Cu.M","457,000                        						
							mt","90,000,000                        						
							Cu.M","1,267,000                        						
							km","0                        						
							km","5,834                        						
							km","300                        						
							km"
Eritrea,PwrIndx: 2.6985,"63,43,956","22,20,385","15,98,677","76,127","1,20,000","1,30,000",0,20,1,0,5,1,0,0,13,6,65,860,23,75,22,23,,0,0,0,0,0,0,18,0,"$                        							198,000,000","$                        							635,504,500","$                        							9,702,000,000","$                        							225,014,976",10,"18,00,000",2,9,"306                        						
							km","16,000                        						
							km","0                        						
							bbl","4,000                        						
							bbl","0                        						
							bbl","0                        						
							Cu.M","0                        						
							Cu.M","0                        						
							Cu.M","0                        						
							Cu.M","0                        						
							mt","0                        						
							Cu.M","117,600                        						
							km","2,234                        						
							km","1,840                        						
							km","0                        						
							km"
Republic of the Congo,PwrIndx: 2.7282,"60,97,665","22,56,136","13,53,682","1,15,856","8,500",0,"2,500",13,2,0,4,0,0,0,7,1,30,644,2,38,30,4,,0,0,0,0,0,0,0,0,"$                        							306,400,000","$                        							5,741,000,000","$                        							38,163,000,000","$                        							715,391,000",56,"24,61,000",5,11,"510                        						
							km","23,324                        						
							km","267,000                        						
							bbl","12,000                        						
							bbl","2,885,000,000                        						
							bbl","423,000,000                        						
							Cu.M","423,000,000                        						
							Cu.M","283,990,000,000                        						
							Cu.M","0                        						
							Cu.M","0                        						
							mt","0                        						
							Cu.M","342,000                        						
							km","169                        						
							km","5,008                        						
							km","1,120                        						
							km"
Botswana,PwrIndx: 2.7509,"24,50,668","10,29,281","6,17,568","24,507","21,000",0,0,45,11,0,9,9,0,0,16,0,45,"1,224",12,36,20,0,,0,0,0,0,0,0,0,0,"$                        							465,600,000","$                        							1,853,500,000","$                        							46,742,000,000","$                        							4,756,000,000",122,"11,70,000",0,0,"888                        						
							km","31,747                        						
							km","0                        						
							bbl","21,000                        						
							bbl","0                        						
							bbl","0                        						
							Cu.M","0                        						
							Cu.M","0                        						
							Cu.M","2,634,000                        						
							Cu.M","2,291,000                        						
							mt","1,660,000,000                        						
							Cu.M","581,730                        						
							km","0                        						
							km","4,347                        						
							km","0                        						
							km"
Mauritania,PwrIndx: 2.7977,"43,28,040","16,87,936","11,81,555","82,233","31,540","66,000","5,000",24,0,4,7,7,2,0,4,0,25,628,0,75,0,6,,0,0,0,0,0,0,6,0,"$                        							261,250,000","$                        							3,661,000,000","$                        							30,395,000,000","$                        							2,629,290,500",25,"11,79,000",2,11,"728                        						
							km","12,253                        						
							km","0                        						
							bbl","29,000                        						
							bbl","20,000,000                        						
							bbl","0                        						
							Cu.M","0                        						
							Cu.M","28,317,000,000                        						
							Cu.M","0                        						
							Cu.M","0                        						
							mt","0                        						
							Cu.M","1,030,700                        						
							km","754                        						
							km","5,002                        						
							km","1,086                        						
							km"
Dominican Republic,PwrIndx: 2.8023,"1,08,15,857","49,75,294","40,34,315","97,343","50,000",0,"30,000",79,0,8,11,17,1,0,50,0,5,540,0,11,0,34,,0,0,0,0,0,0,14,0,"$                        							810,800,000","$                        							27,500,000,000","$                        							261,616,000,000","$                        							15,547,000,000",32,"53,02,000",17,40,"496                        						
							km","19,705                        						
							km","0                        						
							bbl","134,000                        						
							bbl","0                        						
							bbl","0                        						
							Cu.M","2,440,000,000                        						
							Cu.M","0                        						
							Cu.M","0                        						
							Cu.M","2,188,000                        						
							mt","0                        						
							Cu.M","48,320                        						
							km","1,288                        						
							km","376                        						
							km","0                        						
							km"
Senegal,PwrIndx: 2.8116,"1,88,47,519","71,62,057","40,89,912","3,95,798","17,000",0,0,40,0,0,5,23,1,0,20,5,0,"1,740",0,20,6,4,,0,0,0,0,0,0,4,0,"$                        							465,150,000","$                        							11,326,000,000","$                        							77,382,000,000","$                        							889,295,000",19,"52,57,000",6,36,"906                        						
							km","16,665                        						
							km","9,000                        						
							bbl","55,000                        						
							bbl","0                        						
							bbl","54,646,000                        						
							Cu.M","54,498,000                        						
							Cu.M","0                        						
							Cu.M","0                        						
							Cu.M","502,000                        						
							mt","0                        						
							Cu.M","196,722                        						
							km","531                        						
							km","2,684                        						
							km","1,000                        						
							km"
Nepal,PwrIndx: 2.8915,"3,11,22,387","1,52,49,970","1,17,33,140","7,78,060","95,000",0,"15,000",15,0,0,5,0,0,0,10,0,0,"1,108",0,14,0,0,,0,0,0,0,0,0,0,0,"$                        							409,100,000","$                        							5,838,500,000","$                        							144,310,000,000","$                        							12,456,000,000",51,"89,37,000",0,0,"59                        						
							km","27,990                        						
							km","0                        						
							bbl","62,000                        						
							bbl","0                        						
							bbl","0                        						
							Cu.M","0                        						
							Cu.M","0                        						
							Cu.M","15,000                        						
							Cu.M","1,095,000                        						
							mt","8,000,000                        						
							Cu.M","147,181                        						
							km","0                        						
							km","3,159                        						
							km","0                        						
							km"
Montenegro,PwrIndx: 2.9216,"5,99,849","1,43,964","85,179","3,599","2,350",0,"5,500",11,0,0,0,0,0,0,11,0,0,471,0,12,12,14,,0,0,0,0,0,0,2,0,"$                        							148,100,000","$                        							2,958,500,000","$                        							17,115,000,000","$                        							1,574,000,000",5,"2,86,000",4,18,"250                        						
							km","7,762                        						
							km","0                        						
							bbl","8,000                        						
							bbl","0                        						
							bbl","0                        						
							Cu.M","0                        						
							Cu.M","0                        						
							Cu.M","1,734,000                        						
							Cu.M","1,517,000                        						
							mt","337,000,000                        						
							Cu.M","13,812                        						
							km","294                        						
							km","680                        						
							km","0                        						
							km"
El Salvador,PwrIndx: 2.9371,"66,28,702","31,81,777","25,12,278","1,45,831","25,000","10,000","15,000",52,0,15,4,10,0,0,30,0,0,"1,844",0,76,0,14,,0,0,0,0,0,0,10,0,"$                        							334,620,000","$                        							14,258,000,000","$                        							71,957,000,000","$                        							3,799,434,000",27,"28,70,000",3,5,"13                        						
							km","9,012                        						
							km","3                        						
							bbl","58,000                        						
							bbl","0                        						
							bbl","0                        						
							Cu.M","226,472                        						
							Cu.M","0                        						
							Cu.M","0                        						
							Cu.M","500                        						
							mt","0                        						
							Cu.M","21,041                        						
							km","307                        						
							km","590                        						
							km","422                        						
							km"
Burkina Faso,PwrIndx: 2.9734,"2,30,42,199","85,25,614","60,60,098","3,68,675","12,000",0,"4,500",25,0,3,2,0,2,0,18,5,0,491,0,8,9,0,,0,0,0,0,0,0,0,0,"$                        							81,280,000","$                        							3,145,000,000","$                        							57,152,000,000","$                        							47,138,000",49,"85,77,000",0,0,"622                        						
							km","15,304                        						
							km","0                        						
							bbl","36,000                        						
							bbl","0                        						
							bbl","0                        						
							Cu.M","0                        						
							Cu.M","0                        						
							Cu.M","0                        						
							Cu.M","0                        						
							mt","0                        						
							Cu.M","274,200                        						
							km","0                        						
							km","3,611                        						
							km","0                        						
							km"
Madagascar,PwrIndx: 3.0609,"2,94,52,714","1,11,92,031","79,52,233","5,59,602","13,500",0,"8,100",5,0,0,0,0,0,0,5,0,6,158,0,9,0,6,,0,0,0,0,0,0,4,0,"$                        							112,210,000","$                        							3,028,500,000","$                        							51,255,000,000","$                        							2,632,000,000",91,"1,58,30,000",13,29,"836                        						
							km","31,640                        						
							km","0                        						
							bbl","19,000                        						
							bbl","0                        						
							bbl","0                        						
							Cu.M","0                        						
							Cu.M","0                        						
							Cu.M","0                        						
							Cu.M","511,000                        						
							mt","150,000,000                        						
							Cu.M","587,040                        						
							km","4,828                        						
							km","0                        						
							km","600                        						
							km"
Nicaragua,PwrIndx: 3.0966,"66,76,948","32,71,705","27,77,610","1,46,893","45,000",0,"5,500",17,0,0,5,1,0,0,11,0,89,"1,869",0,0,0,23,,0,0,0,0,0,0,23,0,"$                        							92,000,000","$                        							9,053,000,000","$                        							51,088,000,000","$                        							5,447,000,000",39,"32,64,000",5,5,"0                        						
							km","23,897                        						
							km","200                        						
							bbl","36,000                        						
							bbl","0                        						
							bbl","0                        						
							Cu.M","0                        						
							Cu.M","0                        						
							Cu.M","0                        						
							Cu.M","0                        						
							mt","0                        						
							Cu.M","130,370                        						
							km","910                        						
							km","1,253                        						
							km","2,220                        						
							km"
Bosnia and Herzegovina,PwrIndx: 3.0799,"37,98,671","23,55,176","19,56,316","49,383","12,770","6,000",0,22,0,0,0,0,0,0,22,0,45,720,0,457,79,0,,0,0,0,0,0,0,0,0,"$                        							216,400,000","$                        							7,760,500,000","$                        							63,769,000,000","$                        							9,205,000,000",13,"13,69,000",1,0,"965                        						
							km","22,926                        						
							km","0                        						
							bbl","36,000                        						
							bbl","0                        						
							bbl","0                        						
							Cu.M","225,824,000                        						
							Cu.M","0                        						
							Cu.M","14,114,000                        						
							Cu.M","14,766,000                        						
							mt","2,264,000,000                        						
							Cu.M","51,197                        						
							km","20                        						
							km","1,543                        						
							km","990                        						
							km"
Gabon,PwrIndx: 3.1805,"24,55,105","9,32,940","5,32,758","46,647","4,800",0,"2,500",24,6,0,3,0,0,0,15,0,0,424,0,0,14,5,,0,0,0,0,0,0,4,0,"$                        							274,820,000","$                        							6,280,000,000","$                        							48,201,000,000","$                        							1,568,196,000",40,"7,63,000",9,87,"649                        						
							km","14,300                        						
							km","204,000                        						
							bbl","16,000                        						
							bbl","2,000,000,000                        						
							bbl","463,000,000                        						
							Cu.M","463,000,000                        						
							Cu.M","25,995,000,000                        						
							Cu.M","0                        						
							Cu.M","0                        						
							mt","0                        						
							Cu.M","267,667                        						
							km","885                        						
							km","3,261                        						
							km","1,600                        						
							km"
Moldova,PwrIndx: 3.2555,"35,99,528","21,59,717","17,92,565","71,991","8,500","67,000","2,000",3,0,0,1,0,0,0,2,0,0,500,9,67,11,0,,0,0,0,0,0,0,0,0,"$                        							1,710,000,000","$                        							4,565,500,000","$                        							38,969,000,000","$                        							5,453,000,000",11,"14,64,000",0,75,"1,171                        						
							km","9,352                        						
							km","0                        						
							bbl","22,000                        						
							bbl","0                        						
							bbl","10,000                        						
							Cu.M","2,344,000,000                        						
							Cu.M","0                        						
							Cu.M","0                        						
							Cu.M","120,000                        						
							mt","0                        						
							Cu.M","33,851                        						
							km","0                        						
							km","1,885                        						
							km","558                        						
							km"
Iceland,PwrIndx: 3.5181,"3,64,036","83,728","50,237","1,820",0,0,0,0,0,0,0,0,0,0,0,0,0,150,0,0,0,0,,0,0,0,0,0,0,0,0,"$                        							312,400,000","$                        							22,000,000,000","$                        							26,155,000,000","$                        							5,809,000,000",83,"2,39,000",43,39,"0                        						
							km","12,898                        						
							km","0                        						
							bbl","18,000                        						
							bbl","0                        						
							bbl","0                        						
							Cu.M","0                        						
							Cu.M","0                        						
							Cu.M","0                        						
							Cu.M","188,000                        						
							mt","0                        						
							Cu.M","100,250                        						
							km","4,970                        						
							km","0                        						
							km","0                        						
							km"
Panama,PwrIndx: 3.6575,"44,70,241","20,11,608","12,06,965","53,643",0,0,"80,000",38,0,0,13,0,2,0,23,0,0,262,0,0,0,30,,0,0,0,0,0,0,27,0,"$                        							917,202,000","$                        							1,115,532,300,000","$                        							159,867,000,000","$                        							6,757,000,000",76,"20,96,000",12,"8,174","77                        						
							km","11,978                        						
							km","0                        						
							bbl","146,000                        						
							bbl","0                        						
							bbl","0                        						
							Cu.M","389,611,000                        						
							Cu.M","0                        						
							Cu.M","0                        						
							Cu.M","837,000                        						
							mt","0                        						
							Cu.M","75,420                        						
							km","2,490                        						
							km","687                        						
							km","800                        						
							km"
Beliz,PwrIndx: 3.7191,"4,15,789","1,58,000","90,226","8,732","1,650",850,0,3,0,0,1,0,1,0,1,0,0,130,0,0,0,8,,0,0,0,0,0,0,8,0,"$                        							29,538,000","$                        							1,248,000,000","$                        							5,257,000,000","$                        							473,729,000",27,"1,90,000",2,774,"0                        						
							km","3,281                        						
							km","800                        						
							bbl","5,000                        						
							bbl","6,700,000                        						
							bbl","0                        						
							Cu.M","0                        						
							Cu.M","0                        						
							Cu.M","0                        						
							Cu.M","0                        						
							mt","0                        						
							Cu.M","22,966                        						
							km","386                        						
							km","542                        						
							km","825                        						
							km"
Liberia,PwrIndx: 3.7781,"54,37,249","23,92,390","19,13,912","65,247","1,500",0,"5,500",0,0,0,0,0,0,0,0,0,0,300,0,0,0,4,,0,0,0,0,0,0,4,0,"$                        							364,800,000","$                        							830,923,000","$                        							8,884,000,000","$                        							599,660,000",99,"24,99,000",4,"4,821","429                        						
							km","10,600                        						
							km","0                        						
							bbl","4,000                        						
							bbl","0                        						
							bbl","0                        						
							Cu.M","0                        						
							Cu.M","0                        						
							Cu.M","0                        						
							Cu.M","0                        						
							mt","0                        						
							Cu.M","111,369                        						
							km","579                        						
							km","1,667                        						
							km","0                        						
							km"
Suriname,PwrIndx: 3.9127,"6,46,758","1,42,287","84,079","3,234","2,000",0,200,3,0,0,0,0,0,0,3,0,0,650,0,0,0,17,,0,0,0,0,0,0,17,0,"$                        							144,000,000","$                        							2,200,000,000","$                        							11,824,000,000","$                        							1,346,000,000",55,"2,50,000",4,13,"0                        						
							km","4,304                        						
							km","14,000                        						
							bbl","15,000                        						
							bbl","89,000,000                        						
							bbl","7,109,000                        						
							Cu.M","6,967,000                        						
							Cu.M","0                        						
							Cu.M","0                        						
							Cu.M","0                        						
							mt","0                        						
							Cu.M","163,820                        						
							km","386                        						
							km","1,907                        						
							km","1,200                        						
							km"
Sierra Leone,PwrIndx: 3.9701,"91,21,049","20,06,631","12,03,978","45,605","13,000",0,0,1,0,0,0,0,0,0,1,0,0,150,0,0,0,7,,0,0,0,0,0,0,7,0,"$                        							228,600,000","$                        							2,687,000,000","$                        							14,633,000,000","$                        							495,699,000",8,"29,13,000",3,584,"0                        						
							km","11,701                        						
							km","0                        						
							bbl","9,000                        						
							bbl","0                        						
							bbl","0                        						
							Cu.M","0                        						
							Cu.M","0                        						
							Cu.M","0                        						
							Cu.M","0                        						
							mt","0                        						
							Cu.M","71,740                        						
							km","402                        						
							km","1,093                        						
							km","800                        						
							km"
Kosovo,PwrIndx: 4.9141,"19,77,093","9,17,371","7,43,387","17,794","10,000","5,000",500,0,0,0,0,0,0,0,0,0,0,737,0,0,0,0,,0,0,0,0,0,0,0,0,"$                        							260,715,150","$                        							2,750,000,000","$                        							23,794,000,000","$                        							1,245,000,000",4,"5,00,300",0,0,"437                        						
							km","2,012                        						
							km","0                        						
							bbl","15,000                        						
							bbl","0                        						
							bbl","0                        						
							Cu.M","0                        						
							Cu.M","0                        						
							Cu.M","9,074,000                        						
							Cu.M","8,927,000                        						
							mt","1,564,000,000                        						
							Cu.M","10,887                        						
							km","0                        						
							km","714                        						
							km","0                        						
							km"
Somalia,PwrIndx: 4.2037,"1,30,17,273","29,93,973","17,96,384","1,30,173","15,000",0,"2,000",0,0,0,0,0,0,0,0,0,0,682,0,0,0,10,,0,0,0,0,0,0,10,0,"$                        							171,002,350","$                        							5,830,000,000","$                        							26,351,000,000","$                        							16,747,500",38,"32,77,000",6,4,"0                        						
							km","15,000                        						
							km","0                        						
							bbl","6,000                        						
							bbl","0                        						
							bbl","0                        						
							Cu.M","0                        						
							Cu.M","5,663,000,000                        						
							Cu.M","0                        						
							Cu.M","0                        						
							mt","0                        						
							Cu.M","637,657                        						
							km","3,025                        						
							km","2,385                        						
							km","0                        						
							km"
Central African Republic,PwrIndx: 4.2347,"56,50,957","22,03,873","12,54,512","1,01,717","10,000",0,"1,000",6,0,6,0,0,0,0,0,0,0,228,0,0,0,0,,0,0,0,0,0,0,0,0,"$                        							45,990,000","$                        							666,293,000","$                        							5,849,000,000","$                        							374,405,000",43,"21,14,000",0,0,"0                        						
							km","24,000                        						
							km","0                        						
							bbl","2,000                        						
							bbl","0                        						
							bbl","0                        						
							Cu.M","0                        						
							Cu.M","0                        						
							Cu.M","0                        						
							Cu.M","0                        						
							mt","3,000,000                        						
							Cu.M","622,984                        						
							km","0                        						
							km","5,920                        						
							km","2,800                        						
							km"
Benin,PwrIndx: 4.3156,"1,46,97,052","55,84,880","31,89,260","3,08,638","4,750",0,0,5,0,0,0,0,0,0,5,0,0,92,0,16,0,2,,0,0,0,0,0,0,2,0,"$                        							98,350,000","$                        							4,066,500,000","$                        							52,510,000,000","$                        							698,900,000",10,"49,64,000",1,6,"438                        						
							km","16,000                        						
							km","0                        						
							bbl","46,000                        						
							bbl","8,000,000                        						
							bbl","0                        						
							Cu.M","182,131,000                        						
							Cu.M","1,133,000,000                        						
							Cu.M","0                        						
							Cu.M","45,000                        						
							mt","0                        						
							Cu.M","112,622                        						
							km","121                        						
							km","2,123                        						
							km","150                        						
							km"
Bhutan,PwrIndx: 6.3934,"8,84,546","2,03,446","1,22,067","4,423","7,500",0,0,2,0,0,0,0,0,0,2,0,0,84,0,0,0,0,,0,0,0,0,0,0,0,0,"$                        							14,000,000","$                        							2,757,000,000","$                        							10,981,000,000","$                        							976,260,000",4,"4,30,000",0,0,"0                        						
							km","12,205                        						
							km","0                        						
							bbl","3,000                        						
							bbl","0                        						
							bbl","0                        						
							Cu.M","0                        						
							Cu.M","0                        						
							Cu.M","177,000                        						
							Cu.M","325,000                        						
							mt","0                        						
							Cu.M","38,394                        						
							km","0                        						
							km","1,136                        						
							km","0                        						
							km"
