global_rank,country_name,active-reserve-military-manpower,aircraft-helicopters-attack,aircraft-helicopters-total,aircraft-total,aircraft-total-fighters,aircraft-total-transports,armor-apc-total,armor-tanks-total,border-coverage,coal-consumption-by-country,coal-production-by-country,coastline-coverage,external-debt-by-country,labor-force-by-country,major-serviceable-airports-by-country,manpower-fit-for-military-service,manpower-paramilitary,manpower-reaching-military-age-annually,natural-gas-production-by-country,navy-aircraft-carriers,navy-force-by-tonnage,navy-frigates,navy-helo-carriers,navy-mine-warfare-craft,navy-ships,navy-submarines,oil-consumption-by-country,oil-production-by-country,proven-coal-reserves-by-country,proven-natural-gas-reserves-by-country,proven-oil-reserves-by-country,purchasing-power-parity,railway-coverage,reserves-of-foreign-exchange-and-gold,roadway-coverage,total-population-by-country,waterway-coverage
1,United States,"799,500","1,002","5,843","13,043","1,790",918,"391,963","4,640","12,002                        						
							km","476,044,000                        						
							mt","548,849,000                        						
							Cu.M","19,924                        						
							km","$                        							22,303,546,100,000","170,549,000","15,873","124,816,644",0,"4,445,524","1,029,000,000,000                        						
							Cu.M",11,"4,168,037",0,9,8,440,70,"20,245,000                        						
							bbl","20,879,000                        						
							bbl","248,941,000,000                        						
							Cu.M","13,402,000,000,000                        						
							Cu.M","38,212,000,000                        						
							bbl","$                        							24,662,000,000,000","293,564                        						
							km","$                        							773,426,000,000","6,586,610                        						
							km","341,963,408","41,009                        						
							km"
2,China,"510,000",281,913,"3,309","1,212",289,"144,017","6,800","22,457                        						
							km","5,313,000,000                        						
							mt","4,827,000,000                        						
							Cu.M","14,500                        						
							km","$                        							1,218,458,500,000","779,246,000",531,"626,864,169","625,000","19,810,606","225,341,000,000                        						
							Cu.M",3,"2,857,143",47,4,36,754,61,"15,148,000                        						
							bbl","4,984,000                        						
							bbl","143,197,000,000                        						
							Cu.M","6,654,000,000,000                        						
							Cu.M","26,023,000,000                        						
							bbl","$                        							31,227,000,000,000","150,000                        						
							km","$                        							3,450,000,000,000","5,200,000                        						
							km","1,415,043,270","27,700                        						
							km"
3,Russia,"2,000,000",557,"1,651","4,292",833,456,"131,527","5,750","22,407                        						
							km","310,958,000                        						
							mt","508,190,000                        						
							Cu.M","37,653                        						
							km","$                        							317,650,500,000","72,408,000",904,"46,189,226","250,000","1,267,387","617,830,000,000                        						
							Cu.M",1,"1,260,447",12,0,47,419,63,"3,684,000                        						
							bbl","10,727,000                        						
							bbl","162,166,000,000                        						
							Cu.M","47,805,000,000,000                        						
							Cu.M","80,000,000,000                        						
							bbl","$                        							5,816,000,000,000","85,494                        						
							km","$                        							597,217,000,000","1,283,387                        						
							km","140,820,810","102,000                        						
							km"
4,India,"1,155,000",80,899,"2,229",513,270,"148,594","4,201","13,888                        						
							km","1,200,000,000                        						
							mt","985,671,000                        						
							Cu.M","7,000                        						
							km","$                        							371,020,500,000","593,729,000",311,"522,786,598","2,527,000","23,955,181","33,170,000,000                        						
							Cu.M",2,"593,603",14,0,0,293,18,"5,049,000                        						
							bbl","795,000                        						
							bbl","111,052,000,000                        						
							Cu.M","1,381,000,000,000                        						
							Cu.M","4,605,000,000                        						
							bbl","$                        							13,104,000,000,000","65,554                        						
							km","$                        							627,793,000,000","6,371,847                        						
							km","1,409,128,296","14,500                        						
							km"
5,Japan,"56,000",119,596,"1,443",217,55,"31,964",521,"0                        						
							km","216,332,000                        						
							mt","29,141,000                        						
							Cu.M","29,751                        						
							km","$                        							4,679,698,100,000","69,349,000",279,"42,874,277","25,000","1,108,818","2,220,000,000                        						
							Cu.M",0,"769,882",6,4,22,159,24,"3,289,000                        						
							bbl","8,000                        						
							bbl","350,000,000                        						
							Cu.M","20,898,000,000                        						
							Cu.M","44,115,000                        						
							bbl","$                        							5,761,000,000,000","27,311                        						
							km","$                        							1,295,000,000,000","1,218,772                        						
							km","123,201,945","1,770                        						
							km"
6,Brazil,"340,000",0,191,513,43,109,"22,464",294,"16,145                        						
							km","32,787,000                        						
							mt","15,644,000                        						
							Cu.M","7,491                        						
							km","$                        							432,224,000,000","108,695,000","4,919","88,680,759","200,000","3,520,824","22,670,000,000                        						
							Cu.M",0,"135,737",6,1,3,64,4,"3,027,000                        						
							bbl","4,221,000                        						
							bbl","6,596,000,000                        						
							Cu.M","363,985,000,000                        						
							Cu.M","12,715,000,000                        						
							bbl","$                        							4,016,000,000,000","29,850                        						
							km","$                        							355,021,000,000","2,000,000                        						
							km","220,051,512","50,000                        						
							km"
7,Iran,"350,000",13,128,551,188,87,"65,825","1,713","5,894                        						
							km","3,531,000                        						
							mt","2,791,000                        						
							Cu.M","2,440                        						
							km","$                        							4,134,926,000","29,159,000",173,"41,541,860","220,000","1,414,191","263,280,000,000                        						
							Cu.M",0,"223,395",7,0,1,107,25,"2,136,000                        						
							bbl","3,985,000                        						
							bbl","1,203,000,000                        						
							Cu.M","33,987,000,000,000                        						
							Cu.M","208,600,000,000                        						
							bbl","$                        							1,440,000,000,000","8,484                        						
							km","$                        							120,600,000,000","223,485                        						
							km","88,386,937","850                        						
							km"
8,South Korea,"3,100,000",111,807,"1,592",315,41,"58,880","2,236","237                        						
							km","136,413,000                        						
							mt","15,595,000                        						
							Cu.M","2,413                        						
							km","$                        							503,519,500,000","29,611,000",89,"21,353,538","120,000","416,654","55,127,000                        						
							Cu.M",0,"344,786",17,2,14,227,22,"2,452,000                        						
							bbl","38,000                        						
							bbl","326,000,000                        						
							Cu.M","7,079,000,000                        						
							Cu.M","0                        						
							bbl","$                        							2,615,000,000,000","3,979                        						
							km","$                        							420,930,000,000","100,428                        						
							km","52,081,799","1,600                        						
							km"
9,Canada,"27,000",0,145,351,66,28,"21,704",74,"8,893                        						
							km","17,138,000                        						
							mt","43,024,000                        						
							Cu.M","202,080                        						
							km","$                        							2,337,375,700,000","22,110,000","1,425","13,500,595","5,500","426,743","187,686,000,000                        						
							Cu.M",0,"119,637",12,0,0,73,4,"2,454,000                        						
							bbl","5,692,000                        						
							bbl","6,582,000,000                        						
							Cu.M","2,067,126,000,000                        						
							Cu.M","170,300,000,000                        						
							bbl","$                        							2,238,000,000,000","4,942                        						
							km","$                        							117,551,000,000","1,042,300                        						
							km","38,794,813","636                        						
							km"
10,Indonesia,"400,000",15,214,459,41,70,"20,440",331,"2,958                        						
							km","202,283,000                        						
							mt","659,357,000                        						
							Cu.M","54,716                        						
							km","$                        							440,000,000,000","140,931,000",513,"114,595,923","250,000","4,786,562","57,410,000,000                        						
							Cu.M",0,"304,168",7,0,12,331,4,"1,728,000                        						
							bbl","865,000                        						
							bbl","34,869,000,000                        						
							Cu.M","1,408,000,000,000                        						
							Cu.M","2,480,000,000                        						
							bbl","$                        							3,906,000,000,000","8,159                        						
							km","$                        							146,359,000,000","496,607                        						
							km","281,562,465","21,579                        						
							km"
11,France,"26,000",68,448,976,226,119,"110,932",215,"4,072                        						
							km","12,985,000                        						
							mt","2,419,000                        						
							Cu.M","4,853                        						
							km","$                        							6,992,104,900,000","31,825,000",689,"23,794,358","150,000","752,121","20,132,000                        						
							Cu.M",1,"428,765",11,3,17,129,9,"1,554,000                        						
							bbl","80,000                        						
							bbl","160,000,000                        						
							Cu.M","7,787,000,000                        						
							Cu.M","61,719,000                        						
							bbl","$                        							3,764,000,000,000","27,860                        						
							km","$                        							240,792,000,000","1,053,215                        						
							km","68,374,591","8,501                        						
							km"
12,Saudi Arabia,0,34,264,917,283,49,"19,040",840,"4,272                        						
							km","164,000                        						
							mt","0                        						
							Cu.M","2,640                        						
							km","$                        							225,610,000,000","16,934,000",86,"17,468,238","150,000","621,255","121,870,000,000                        						
							Cu.M",0,"49,727",7,0,3,32,0,"3,649,000                        						
							bbl","11,113,000                        						
							bbl","0                        						
							Cu.M","9,423,000,000,000                        						
							Cu.M","258,600,000,000                        						
							bbl","$                        							1,831,000,000,000","5,410                        						
							km","$                        							457,949,000,000","221,372                        						
							km","36,544,431","0                        						
							km"
13,Vietnam,"5,000,000",0,101,246,41,9,"11,912","1,374","4,616                        						
							km","83,116,000                        						
							mt","43,614,000                        						
							Cu.M","3,444                        						
							km","$                        							110,000,000,000","56,149,000",42,"45,053,323","250,000","1,797,903","7,676,000,000                        						
							Cu.M",0,"107,813",9,0,8,110,9,"494,000                        						
							bbl","187,000                        						
							bbl","3,360,000,000                        						
							Cu.M","699,426,000,000                        						
							Cu.M","4,400,000,000                        						
							bbl","$                        							1,354,000,000,000","2,600                        						
							km","$                        							97,955,500,000","195,468                        						
							km","105,758,975","47,130                        						
							km"
14,Egypt,"480,000",100,348,"1,093",238,61,"41,012","3,620","2,612                        						
							km","3,083,000                        						
							mt","289,000                        						
							Cu.M","2,450                        						
							km","$                        							103,750,000,000","33,431,000",73,"38,269,053","300,000","1,668,709","64,817,000,000                        						
							Cu.M",0,"235,989",13,2,17,150,8,"851,000                        						
							bbl","667,000                        						
							bbl","182,000,000                        						
							Cu.M","1,784,000,000,000                        						
							Cu.M","3,300,000,000                        						
							bbl","$                        							1,912,000,000,000","5,085                        						
							km","$                        							33,070,000,000","65,050                        						
							km","111,247,248","3,500                        						
							km"
15,Turkiye,"378,700",111,508,"1,083",201,84,"61,173","2,238","2,816                        						
							km","123,976,000                        						
							mt","88,746,000                        						
							Cu.M","7,200                        						
							km","$                        							294,441,000,000","35,071,000",115,"36,087,279","150,000","1,430,032","379,701,000                        						
							Cu.M",0,"325,729",17,1,11,182,13,"1,077,000                        						
							bbl","83,000                        						
							bbl","11,525,000,000                        						
							Cu.M","3,794,000,000                        						
							Cu.M","366,000,000                        						
							bbl","$                        							2,936,000,000,000","11,497                        						
							km","$                        							140,858,000,000","67,333                        						
							km","84,119,531","1,200                        						
							km"
16,Germany,"34,000",54,309,584,129,50,"83,260",296,"3,694                        						
							km","186,725,000                        						
							mt","138,981,000                        						
							Cu.M","2,389                        						
							km","$                        							6,238,609,300,000","44,784,000",838,"30,955,829",0,"841,191","4,824,000,000                        						
							Cu.M",0,"228,552",11,0,12,61,6,"2,052,000                        						
							bbl","131,000                        						
							bbl","35,900,000,000                        						
							Cu.M","23,390,000,000                        						
							Cu.M","115,200,000                        						
							bbl","$                        							5,230,000,000,000","39,379                        						
							km","$                        							322,700,000,000","830,000                        						
							km","84,119,100","7,300                        						
							km"
17,Pakistan,"550,000",57,373,"1,399",328,64,"17,516","2,627","7,257                        						
							km","34,027,000                        						
							mt","12,712,000                        						
							Cu.M","1,046                        						
							km","$                        							92,426,000,000","80,990,000",116,"85,803,614","500,000","4,794,908","36,937,000,000                        						
							Cu.M",0,"111,715",9,0,3,121,8,"473,000                        						
							bbl","101,000                        						
							bbl","3,064,000,000                        						
							Cu.M","592,219,000,000                        						
							Cu.M","540,000,000                        						
							bbl","$                        							1,347,000,000,000","11,881                        						
							km","$                        							13,730,000,000","264,175                        						
							km","252,363,571","0                        						
							km"
18,Australia,"32,050",22,69,327,24,38,"15,648",59,"0                        						
							km","107,624,000                        						
							mt","465,865,000                        						
							Cu.M","25,760                        						
							km","$                        							3,427,504,300,000","14,501,000","2,180","9,208,398",0,"294,455","153,783,000,000                        						
							Cu.M",0,"185,648",7,2,3,44,6,"1,123,000                        						
							bbl","386,000                        						
							bbl","150,227,000,000                        						
							Cu.M","3,228,000,000,000                        						
							Cu.M","2,446,000,000                        						
							bbl","$                        							1,584,000,000,000","36,064                        						
							km","$                        							61,703,000,000","873,573                        						
							km","26,768,598","2,000                        						
							km"
19,United Kingdom,"924,000",37,266,631,113,29,"38,200",227,"443                        						
							km","8,568,000                        						
							mt","1,891,000                        						
							Cu.M","12,429                        						
							km","$                        							9,593,749,000,000","35,275,000","1,043","25,192,932",0,"753,050","37,758,000,000                        						
							Cu.M",2,"394,043",8,0,7,109,9,"1,397,000                        						
							bbl","753,000                        						
							bbl","26,000,000                        						
							Cu.M","180,661,000,000                        						
							Cu.M","2,500,000,000                        						
							bbl","$                        							3,700,000,000,000","16,390                        						
							km","$                        							177,915,000,000","394,428                        						
							km","68,459,055","3,200                        						
							km"
20,Bangladesh,0,0,65,214,42,17,"11,584",320,"4,413                        						
							km","7,514,000                        						
							mt","754,000                        						
							Cu.M","580                        						
							km","$                        							51,965,000,000","74,914,000",17,"66,129,296","6,800,000","3,205,246","24,620,000,000                        						
							Cu.M",0,"75,280",7,0,5,118,2,"160,000                        						
							bbl","13,000                        						
							bbl","3,260,000,000                        						
							Cu.M","126,293,000,000                        						
							Cu.M","28,000,000                        						
							bbl","$                        							1,413,000,000,000","2,460                        						
							km","$                        							21,860,000,000","369,105                        						
							km","168,697,184","8,370                        						
							km"
21,Italy,"18,500",37,392,729,89,30,"73,480",200,"1,836                        						
							km","13,127,000                        						
							mt","1,618,000                        						
							Cu.M","7,600                        						
							km","$                        							2,750,000,000,000","25,669,000",636,"22,191,235","105,000","548,684","3,117,000,000                        						
							Cu.M",2,"359,417",10,0,10,196,8,"1,246,000                        						
							bbl","116,000                        						
							bbl","609,999,000                        						
							Cu.M","45,750,000,000                        						
							Cu.M","497,934,000                        						
							bbl","$                        							3,097,000,000,000","18,475                        						
							km","$                        							247,396,000,000","487,700                        						
							km","60,964,931","2,400                        						
							km"
22,Taiwan,"2,310,000",91,236,761,285,19,"19,921",888,"0                        						
							km","66,855,000                        						
							mt","5,608,000                        						
							Cu.M","1,566                        						
							km","$                        							209,000,000,000","11,498,000",53,"1,061,787","55,000","306,739","63,747,000                        						
							Cu.M",0,"250,414",22,0,14,97,4,"1,022,000                        						
							bbl","800                        						
							bbl","1,000,000                        						
							Cu.M","6,230,000,000                        						
							Cu.M","2,380,000                        						
							bbl","$                        							1,257,300,000,000","1,613                        						
							km","$                        							492,635,000,000","43,206                        						
							km","23,595,274","0                        						
							km"
23,North Korea,"560,000",20,205,861,368,1,"18,288","4,344","1,607                        						
							km","21,747,000                        						
							mt","21,747,000                        						
							Cu.M","2,495                        						
							km","$                        							5,500,000,000","15,837,000",83,"5,312,331","100,000","420,779","0                        						
							Cu.M",0,"143,304",2,0,1,207,13,"17,000                        						
							bbl","0                        						
							bbl","10,600,000,000                        						
							Cu.M","0                        						
							Cu.M","0                        						
							bbl","$                        							72,000,000,000","7,435                        						
							km","$                        							5,500,000,000","25,554                        						
							km","26,298,666","2,250                        						
							km"
24,Thailand,"200,000",7,258,493,72,54,"16,935",635,"5,673                        						
							km","36,030,000                        						
							mt","13,642,000                        						
							Cu.M","3,219                        						
							km","$                        							102,694,000,000","40,814,000",108,"27,968,399","25,000","1,118,736","30,797,000,000                        						
							Cu.M",0,"130,988",7,1,5,293,0,"1,248,000                        						
							bbl","386,000                        						
							bbl","1,063,000,000                        						
							Cu.M","138,243,000,000                        						
							Cu.M","252,750,000                        						
							bbl","$                        							1,516,000,000,000","4,127                        						
							km","$                        							224,470,000,000","180,053                        						
							km","69,920,998","4,000                        						
							km"
25,Venezuela,"8,000",10,88,229,30,49,"8,802",172,"5,267                        						
							km","82,000                        						
							mt","197,000                        						
							Cu.M","2,800                        						
							km","$                        							110,330,000,000","11,548,000",502,"12,812,625","220,000","625,006","17,696,000,000                        						
							Cu.M",0,,1,0,0,34,1,"367,000                        						
							bbl","761,000                        						
							bbl","730,999,000                        						
							Cu.M","5,674,000,000,000                        						
							Cu.M","303,806,000,000                        						
							bbl","$                        							295,974,800,000","447                        						
							km","$                        							10,095,500,000","96,189                        						
							km","31,250,306","7,100                        						
							km"
26,Algeria,"135,000",74,299,608,102,63,"26,000","1,485","6,734                        						
							km","167,000                        						
							mt","0                        						
							Cu.M","998                        						
							km","$                        							3,335,624,000","13,425,000",85,"19,185,169","150,000","752,360","100,726,000,000                        						
							Cu.M",0,"82,880",8,0,2,110,6,"428,000                        						
							bbl","1,443,000                        						
							bbl","233,000,000                        						
							Cu.M","4,504,000,000,000                        						
							Cu.M","12,200,000,000                        						
							bbl","$                        							699,947,000,000","4,020                        						
							km","$                        							81,217,000,000","104,000                        						
							km","47,022,473","0                        						
							km"
27,Kazakhstan,"135,000",12,65,198,63,19,"7,736",350,"13,364                        						
							km","84,852,000                        						
							mt","118,195,000                        						
							Cu.M","26                        						
							km","$                        							91,321,500,000","9,587,000",132,"6,928,922","55,000","283,640","27,011,000,000                        						
							Cu.M",0,,0,0,2,26,0,"288,000                        						
							bbl","1,955,000                        						
							bbl","25,605,000,000                        						
							Cu.M","2,407,000,000,000                        						
							Cu.M","30,000,000,000                        						
							bbl","$                        							705,520,000,000","16,636                        						
							km","$                        							35,965,000,000","96,167                        						
							km","20,260,006","43,983                        						
							km"
28,Poland,"350,000",29,216,479,59,49,"23,138",614,"2,845                        						
							km","123,782,000                        						
							mt","116,682,000                        						
							Cu.M","440                        						
							km","$                        							386,947,000,000","18,387,000",288,"15,576,017","50,000","464,956","5,551,000,000                        						
							Cu.M",0,,2,0,26,62,1,"722,000                        						
							bbl","24,000                        						
							bbl","28,531,000,000                        						
							Cu.M","91,492,000,000                        						
							Cu.M","113,000,000                        						
							bbl","$                        							1,616,000,000,000","19,461                        						
							km","$                        							193,783,000,000","420,000                        						
							km","38,746,310","3,997                        						
							km"
29,Greece,"221,350",29,293,558,178,15,"61,888","1,344","1,110                        						
							km","13,988,000                        						
							mt","13,703,000                        						
							Cu.M","13,676                        						
							km","$                        							550,000,000,000","4,645,000",81,"3,985,676","55,000","104,611","3,284,000                        						
							Cu.M",0,"216,348",13,0,7,192,10,"303,000                        						
							bbl","5,000                        						
							bbl","2,876,000,000                        						
							Cu.M","991,090,000                        						
							Cu.M","10,000,000                        						
							bbl","$                        							375,780,000,000","2,345                        						
							km","$                        							13,608,000,000","117,000                        						
							km","10,461,091","6                        						
							km"
30,Nigeria,0,15,66,163,14,23,"8,962",330,"4,477                        						
							km","3,044,000                        						
							mt","3,043,000                        						
							Cu.M","853                        						
							km","$                        							32,455,500,000","75,721,000",47,"90,437,404","50,000","4,261,448","39,951,000,000                        						
							Cu.M",0,,1,0,2,133,0,"515,000                        						
							bbl","1,541,000                        						
							bbl","2,144,000,000                        						
							Cu.M","5,761,000,000,000                        						
							Cu.M","36,890,000,000                        						
							bbl","$                        							1,275,000,000,000","3,798                        						
							km","$                        							41,349,000,000","195,000                        						
							km","236,747,130","8,600                        						
							km"
31,Mexico,"98,655",0,178,433,3,41,"19,658",0,"4,389                        						
							km","18,423,000                        						
							mt","7,453,000                        						
							Cu.M","9,330                        						
							km","$                        							371,359,000,000","60,042,000","1,485","49,811,912","120,000","2,222,579","31,422,000,000                        						
							Cu.M",0,,1,0,0,167,0,"1,737,000                        						
							bbl","2,101,000                        						
							bbl","1,211,000,000                        						
							Cu.M","180,322,000,000                        						
							Cu.M","5,786,000,000                        						
							bbl","$                        							2,873,000,000,000","23,389                        						
							km","$                        							214,317,000,000","704,884                        						
							km","130,739,927","2,900                        						
							km"
32,Spain,"15,150",17,153,461,137,51,"17,626",317,"1,953                        						
							km","8,255,000                        						
							mt","1,293,000                        						
							Cu.M","4,964                        						
							km","$                        							2,572,738,300,000","24,108,000",363,"17,635,602","78,470","330,963","41,009,000                        						
							Cu.M",1,"215,346",11,0,6,152,2,"1,269,000                        						
							bbl","47,000                        						
							bbl","1,187,000,000                        						
							Cu.M","2,549,000,000                        						
							Cu.M","150,000,000                        						
							bbl","$                        							2,242,000,000,000","15,489                        						
							km","$                        							103,089,000,000","683,175                        						
							km","47,280,433","1,000                        						
							km"
33,Iraq,0,39,197,391,26,15,"37,288","1,025","3,809                        						
							km","0                        						
							mt","0                        						
							Cu.M","58                        						
							km","$                        							45,032,500,000","11,812,000",71,"14,308,368","100,000","715,418","9,860,000,000                        						
							Cu.M",0,,0,0,0,68,0,"918,000                        						
							bbl","4,437,000                        						
							bbl","0                        						
							Cu.M","3,729,000,000,000                        						
							Cu.M","145,019,000,000                        						
							bbl","$                        							572,939,000,000","2,272                        						
							km","$                        							112,233,000,000","59,623                        						
							km","42,083,436","5,279                        						
							km"
34,Colombia,"35,000",0,257,436,16,86,"3,460",0,"6,672                        						
							km","7,880,000                        						
							mt","58,747,000                        						
							Cu.M","3,208                        						
							km","$                        							116,779,500,000","26,003,000",662,"19,190,694","150,000","843,002","11,290,000,000                        						
							Cu.M",0,"31,090",7,0,0,233,4,"320,000                        						
							bbl","800,000                        						
							bbl","4,554,000,000                        						
							Cu.M","87,782,000,000                        						
							Cu.M","2,036,000,000                        						
							bbl","$                        							978,024,000,000","2,141                        						
							km","$                        							59,041,000,000","205,379                        						
							km","49,588,357","24,725                        						
							km"
35,Ukraine,"1,200,000",39,136,324,70,24,"18,920","1,114","5,581                        						
							km","10,953,000                        						
							mt","4,248,000                        						
							Cu.M","2,782                        						
							km","$                        							132,000,000,000","20,312,000",148,"12,731,272","100,000","392,280","18,725,000,000                        						
							Cu.M",0,"28,138",0,0,3,89,0,"248,000                        						
							bbl","3,000                        						
							bbl","34,375,000,000                        						
							Cu.M","1,104,000,000,000                        						
							Cu.M","395,000,000                        						
							bbl","$                        							559,981,000,000","21,733                        						
							km","$                        							40,510,000,000","169,694                        						
							km","35,661,826","1,672                        						
							km"
36,Argentina,0,0,94,239,23,52,"21,724",342,"11,968                        						
							km","3,391,000                        						
							mt","1,318,000                        						
							Cu.M","4,989                        						
							km","$                        							178,940,000,000","21,906,000",756,"17,575,900","20,000","704,916","43,280,000,000                        						
							Cu.M",0,"122,128",0,0,0,44,2,"706,000                        						
							bbl","807,000                        						
							bbl","799,999,000                        						
							Cu.M","396,464,000,000                        						
							Cu.M","2,483,000,000                        						
							bbl","$                        							1,235,000,000,000","17,866                        						
							km","$                        							23,081,000,000","281,290                        						
							km","46,994,384","11,000                        						
							km"
37,Myanmar,"20,000",9,83,317,58,30,"5,980",445,"6,522                        						
							km","1,453,000                        						
							mt","1,268,000                        						
							Cu.M","1,930                        						
							km","$                        							7,253,400,000","22,884,000",73,"21,975,367","55,000","1,035,489","16,780,000,000                        						
							Cu.M",0,"89,240",6,0,2,232,3,"148,000                        						
							bbl","7,000                        						
							bbl","252,000,000                        						
							Cu.M","637,129,000,000                        						
							Cu.M","139,000,000                        						
							bbl","$                        							290,507,000,000","5,031                        						
							km","$                        							8,590,400,000","157,000                        						
							km","57,527,139","12,800                        						
							km"
38,United Arab Emirates,"130,000",30,247,551,99,37,"8,707",354,"1,066                        						
							km","3,273,000                        						
							mt","0                        						
							Cu.M","1,318                        						
							km","$                        							264,000,000,000","6,668,000",42,"4,945,881","12,000","80,258","56,683,000,000                        						
							Cu.M",0,"44,188",0,0,2,181,0,"939,000                        						
							bbl","4,146,000                        						
							bbl","0                        						
							Cu.M","6,091,000,000                        						
							Cu.M","97,800,000,000                        						
							bbl","$                        							719,733,000,000","0                        						
							km","$                        							189,491,000,000","4,080                        						
							km","10,032,213","0                        						
							km"
39,Finland,"870,000",0,27,163,54,11,"11,704",200,"2,563                        						
							km","4,141,000                        						
							mt","808,000                        						
							Cu.M","1,250                        						
							km","$                        							660,000,000,000","2,880,000",98,"1,912,981","53,800","56,264","0                        						
							Cu.M",0,"19,434",0,0,18,264,0,"175,000                        						
							bbl","8,000                        						
							bbl","0                        						
							Cu.M","0                        						
							Cu.M","0                        						
							bbl","$                        							321,126,000,000","5,918                        						
							km","$                        							16,929,000,000","454,000                        						
							km","5,626,414","8,000                        						
							km"
40,Chile,"40,000",0,87,277,45,32,"8,832",386,"7,801                        						
							km","8,637,000                        						
							mt","499,000                        						
							Cu.M","6,435                        						
							km","$                        							214,500,000,000","9,848,000",374,"7,521,855","50,000","298,634","1,200,000,000                        						
							Cu.M",0,"176,065",8,0,0,130,4,"405,000                        						
							bbl","11,000                        						
							bbl","1,181,000,000                        						
							Cu.M","97,976,000,000                        						
							Cu.M","150,000,000                        						
							bbl","$                        							579,201,000,000","7,282                        						
							km","$                        							46,377,000,000","77,801                        						
							km","18,664,652","12,290                        						
							km"
41,Philippines,"1,200,000",2,122,202,0,26,"11,878",10,"0                        						
							km","37,130,000                        						
							mt","14,483,000                        						
							Cu.M","36,289                        						
							km","$                        							90,200,000,000","49,477,000",246,"41,751,803","35,000","2,128,987","2,251,000,000                        						
							Cu.M",0,"76,313",2,0,0,113,0,"453,000                        						
							bbl","10,000                        						
							bbl","361,000,000                        						
							Cu.M","98,543,000,000                        						
							Cu.M","138,500,000                        						
							bbl","$                        							1,138,000,000,000","77                        						
							km","$                        							103,742,000,000","216,387                        						
							km","118,277,063","3,219                        						
							km"
42,South Africa,"29,350",10,87,182,2,12,"18,692",252,"5,244                        						
							km","176,148,000                        						
							mt","245,467,000                        						
							Cu.M","2,798                        						
							km","$                        							58,773,000,000","25,158,000",575,"14,989,776","50,000","1,027,525","59,128,000                        						
							Cu.M",0,"40,186",4,0,2,49,3,"601,000                        						
							bbl","95,000                        						
							bbl","9,893,000,000                        						
							Cu.M","0                        						
							Cu.M","15,000,000                        						
							bbl","$                        							862,981,000,000","20,986                        						
							km","$                        							62,492,000,000","750,000                        						
							km","60,442,647","0                        						
							km"
43,Peru,"385,000",16,111,256,15,38,"6,560",240,"7,062                        						
							km","712,000                        						
							mt","153,000                        						
							Cu.M","2,414                        						
							km","$                        							59,400,000,000","18,529,000",166,"12,681,497","60,000","619,405","12,270,000,000                        						
							Cu.M",0,"170,344",7,0,0,71,4,"210,000                        						
							bbl","118,000                        						
							bbl","1,567,000,000                        						
							Cu.M","300,159,000,000                        						
							Cu.M","858,890,000                        						
							bbl","$                        							517,644,000,000","1,855                        						
							km","$                        							71,394,000,000","18,699                        						
							km","32,600,249","8,808                        						
							km"
44,Sweden,"32,900",0,53,169,71,6,"6,795",110,"2,211                        						
							km","3,396,000                        						
							mt","1,115,000                        						
							Cu.M","3,218                        						
							km","$                        							1,002,448,700,000","5,825,000",203,"3,558,185","25,000","105,898","0                        						
							Cu.M",0,"31,673",0,0,8,308,4,"283,000                        						
							bbl","11,000                        						
							bbl","5,000,000                        						
							Cu.M","0                        						
							Cu.M","0                        						
							bbl","$                        							676,353,000,000","10,910                        						
							km","$                        							60,863,000,000","573,134                        						
							km","10,589,835","2,052                        						
							km"
45,Qatar,"15,000",24,80,251,102,12,"5,024",99,"87                        						
							km","0                        						
							mt","0                        						
							Cu.M","563                        						
							km","$                        							187,000,000,000","2,035,000",8,"490,001","5,500","12,760","169,595,000,000                        						
							Cu.M",0,,0,0,0,115,0,"297,000                        						
							bbl","1,815,000                        						
							bbl","0                        						
							Cu.M","23,861,000,000,000                        						
							Cu.M","25,244,000                        						
							bbl","$                        							304,973,000,000","0                        						
							km","$                        							51,539,000,000","7,039                        						
							km","2,552,088","0                        						
							km"
46,Norway,0,0,33,97,0,4,"6,552",44,"2,566                        						
							km","1,201,000                        						
							mt","117,000                        						
							Cu.M","25,148                        						
							km","$                        							716,144,000,000","3,009,000",145,"1,807,192","40,000","71,627","123,727,000,000                        						
							Cu.M",0,"65,692",4,0,5,43,6,"229,000                        						
							bbl","2,020,000                        						
							bbl","2,000,000                        						
							Cu.M","1,544,455,000,000                        						
							Cu.M","8,122,200,000                        						
							bbl","$                        							499,528,000,000","3,848                        						
							km","$                        							80,459,000,000","94,902                        						
							km","5,509,733","1,577                        						
							km"
47,Democratic Republic of the Congo,"31,000",8,32,46,1,6,916,105,"10,481                        						
							km","23,000                        						
							mt","0                        						
							Cu.M","37                        						
							km","$                        							4,994,000,000","35,983,000",272,"31,389,623","10,000","2,538,867","380,000                        						
							Cu.M",0,,0,0,0,16,0,"26,000                        						
							bbl","19,000                        						
							bbl","987,999,000                        						
							Cu.M","991,090,000                        						
							Cu.M","180,000,000                        						
							bbl","$                        							154,012,000,000","4,007                        						
							km","$                        							3,898,125,000","152,373                        						
							km","115,403,027","15,000                        						
							km"
48,Malaysia,"51,600",0,45,135,26,16,"13,506",48,"2,742                        						
							km","35,050,000                        						
							mt","3,731,000                        						
							Cu.M","4,675                        						
							km","$                        							247,500,000,000","17,308,000",102,"13,480,276","100,000","553,037","75,456,000,000                        						
							Cu.M",0,"67,735",2,0,4,100,2,"717,000                        						
							bbl","582,000                        						
							bbl","226,000,000                        						
							Cu.M","1,189,000,000,000                        						
							Cu.M","3,600,000,000                        						
							bbl","$                        							1,152,000,000,000","1,851                        						
							km","$                        							113,438,000,000","144,403                        						
							km","34,564,810","7,200                        						
							km"
49,Israel,"465,000",48,147,611,240,13,"35,985","1,300","1,068                        						
							km","6,476,000                        						
							mt","0                        						
							Cu.M","273                        						
							km","$                        							148,500,000,000","4,554,000",37,"3,281,513","35,000","131,637","22,886,000,000                        						
							Cu.M",0,"38,238",0,0,0,62,5,"230,000                        						
							bbl","15,000                        						
							bbl","0                        						
							Cu.M","176,018,000,000                        						
							Cu.M","12,730,000                        						
							bbl","$                        							471,030,000,000","1,497                        						
							km","$                        							204,661,000,000","20,391                        						
							km","9,402,617","0                        						
							km"
50,Netherlands,"6,765",12,63,120,32,4,"2,755",18,"1,053                        						
							km","10,610,000                        						
							mt","1,825,000                        						
							Cu.M","451                        						
							km","$                        							4,779,954,300,000","9,999,000",45,"6,486,918","5,000","195,496","17,774,000,000                        						
							Cu.M",0,"124,962",6,0,4,64,3,"872,000                        						
							bbl","70,000                        						
							bbl","3,247,000,000                        						
							Cu.M","132,608,000,000                        						
							Cu.M","137,747,000                        						
							bbl","$                        							1,240,000,000,000","3,055                        						
							km","$                        							69,830,000,000","139,124                        						
							km","17,772,378","6,237                        						
							km"
51,Kuwait,"24,000",16,67,128,43,2,"5,636",367,"475                        						
							km","145,000                        						
							mt","0                        						
							Cu.M","499                        						
							km","$                        							55,000,000,000","2,463,000",6,"1,449,920","7,500","37,660","19,285,000,000                        						
							Cu.M",0,,0,0,0,123,0,"372,000                        						
							bbl","2,910,000                        						
							bbl","0                        						
							Cu.M","1,784,000,000,000                        						
							Cu.M","101,500,000,000                        						
							bbl","$                        							219,060,000,000","0                        						
							km","$                        							52,619,000,000","5,749                        						
							km","3,138,355","0                        						
							km"
52,Singapore,"252,500",18,70,230,100,9,"8,998",170,"0                        						
							km","784,000                        						
							mt","0                        						
							Cu.M","193                        						
							km","$                        							1,713,410,600,000","3,619,000",9,"2,628,408","12,000","66,313","0                        						
							Cu.M",0,"81,340",6,0,4,50,6,"1,470,000                        						
							bbl","0                        						
							bbl","0                        						
							Cu.M","0                        						
							Cu.M","0                        						
							bbl","$                        							754,758,000,000","0                        						
							km","$                        							359,835,000,000","3,500                        						
							km","6,028,459","0                        						
							km"
53,Morocco,"150,000",0,78,260,83,31,"7,877",903,"2,363                        						
							km","11,940,000                        						
							mt","0                        						
							Cu.M","1,835                        						
							km","$                        							45,645,000,000","12,284,000",49,"15,254,135","50,000","635,589","82,595,000                        						
							Cu.M",0,,6,0,0,111,0,"318,000                        						
							bbl","25                        						
							bbl","96,000,000                        						
							Cu.M","1,444,000,000                        						
							Cu.M","684,000                        						
							bbl","$                        							337,480,000,000","2,067                        						
							km","$                        							36,328,000,000","57,300                        						
							km","37,387,585","0                        						
							km"
54,Turkmenistan,0,10,26,91,24,5,"5,016",654,"4,158                        						
							km","0                        						
							mt","0                        						
							Cu.M","1,768                        						
							km","$                        							2,134,500,000","2,163,000",23,"2,245,963","3,500","109,139","86,472,000,000                        						
							Cu.M",0,,0,0,0,16,0,"152,000                        						
							bbl","272,000                        						
							bbl","800,000,000                        						
							Cu.M","11,327,000,000,000                        						
							Cu.M","600,000,000                        						
							bbl","$                        							94,790,000,000","5,113                        						
							km","$                        							23,415,400,000","58,592                        						
							km","5,744,151","1,300                        						
							km"
55,Ethiopia,0,7,33,103,25,8,"7,256",338,"5,925                        						
							km","660,000                        						
							mt","8,000                        						
							Cu.M","0                        						
							km","$                        							25,761,000,000","61,664,000",57,"35,327,989",0,"2,726,657","0                        						
							Cu.M",0,,0,0,0,0,0,"110,000                        						
							bbl","0                        						
							bbl","0                        						
							Cu.M","24,919,000,000                        						
							Cu.M","428,000                        						
							bbl","$                        							354,604,000,000","659                        						
							km","$                        							3,131,288,000","120,171                        						
							km","118,550,298","0                        						
							km"
56,Uzbekistan,0,34,101,192,58,13,"2,970",340,"6,893                        						
							km","7,396,000                        						
							mt","5,356,000                        						
							Cu.M","420                        						
							km","$                        							19,652,500,000","14,270,000",74,"15,959,499","20,000","730,412","47,500,000,000                        						
							Cu.M",0,,0,0,0,0,0,"91,000                        						
							bbl","64,000                        						
							bbl","1,375,000,000                        						
							Cu.M","1,841,000,000,000                        						
							Cu.M","594,000,000                        						
							bbl","$                        							319,174,000,000","4,642                        						
							km","$                        							34,558,000,000","86,496                        						
							km","36,520,593","1,100                        						
							km"
57,Portugal,"211,700",0,31,115,28,19,"10,828",34,"1,224                        						
							km","0                        						
							mt","0                        						
							Cu.M","1,793                        						
							km","$                        							399,395,000,000","5,140,900",136,"4,096,295","24,700","127,677","0                        						
							Cu.M",0,"38,657",5,0,0,194,2,"191,000                        						
							bbl","12,932                        						
							bbl","40,000,000                        						
							Cu.M","72,000,000,000                        						
							Cu.M","22,440,000                        						
							bbl","$                        							529,901,000,000","3,622                        						
							km","$                        							53,710,000,000","136,635                        						
							km","10,639,726","764                        						
							km"
58,Sudan,"85,000",35,64,165,37,13,"2,900",224,"6,819                        						
							km","0                        						
							mt","0                        						
							Cu.M","853                        						
							km","$                        							37,846,000,000","13,590,000",41,"17,108,407","17,500","1,312,149","0                        						
							Cu.M",0,,0,0,0,6,0,"127,000                        						
							bbl","68,000                        						
							bbl","0                        						
							Cu.M","84,951,000,000                        						
							Cu.M","1,250,000,000                        						
							bbl","$                        							136,039,000,000","7,251                        						
							km","$                        							206,763,700","31,000                        						
							km","50,467,278","4,068                        						
							km"
59,Angola,0,15,116,298,71,31,"5,500",309,"5,369                        						
							km","0                        						
							mt","0                        						
							Cu.M","1,600                        						
							km","$                        							45,774,500,000","15,223,000",106,"3,720,206","10,000","372,021","5,514,000,000                        						
							Cu.M",0,,0,0,0,31,0,"127,000                        						
							bbl","1,175,000                        						
							bbl","0                        						
							Cu.M","343,002,000,000                        						
							Cu.M","7,783,000,000                        						
							bbl","$                        							265,868,000,000","2,761                        						
							km","$                        							13,942,000,000","26,000                        						
							km","37,202,061","1,300                        						
							km"
60,Azerbaijan,"300,000",16,86,154,12,3,"7,642",497,"2,468                        						
							km","60,000                        						
							mt","0                        						
							Cu.M","713                        						
							km","$                        							16,159,500,000","5,473,000",32,"3,908,638","15,000","159,754","34,175,000,000                        						
							Cu.M",0,,0,0,4,38,4,"105,000                        						
							bbl","618,000                        						
							bbl","0                        						
							Cu.M","1,699,000,000,000                        						
							Cu.M","7,000,000,000                        						
							bbl","$                        							215,896,000,000","2,944                        						
							km","$                        							13,749,000,000","24,981                        						
							km","10,650,239","0                        						
							km"
61,Romania,"55,000",0,65,140,21,14,"10,774",328,"2,844                        						
							km","19,404,000                        						
							mt","18,160,000                        						
							Cu.M","225                        						
							km","$                        							132,000,000,000","8,282,000",82,"7,731,114","15,000","199,630","9,501,000,000                        						
							Cu.M",0,,3,0,5,20,0,"221,000                        						
							bbl","67,000                        						
							bbl","291,000,000                        						
							Cu.M","105,480,000,000                        						
							Cu.M","600,000,000                        						
							bbl","$                        							772,107,000,000","10,628                        						
							km","$                        							73,000,000,000","84,185                        						
							km","18,148,155","1,731                        						
							km"
62,Bolivia,"40,000",0,33,64,0,15,890,54,"7,252                        						
							km","9,000                        						
							mt","0                        						
							Cu.M","0                        						
							km","$                        							11,431,000,000","6,114,000",200,"4,112,199",0,"233,928","13,760,000,000                        						
							Cu.M",0,,0,0,0,67,0,"87,000                        						
							bbl","58,000                        						
							bbl","1,000,000                        						
							Cu.M","302,990,000,000                        						
							Cu.M","240,900,000                        						
							bbl","$                        							119,785,000,000","3,690                        						
							km","$                        							1,800,000,000","90,568                        						
							km","12,311,974","10,000                        						
							km"
63,Sri Lanka,"90,000",9,55,85,5,14,"3,190",44,"0                        						
							km","2,084,000                        						
							mt","0                        						
							Cu.M","1,340                        						
							km","$                        							46,409,500,000","8,707,000",18,"8,551,235",0,"307,757","0                        						
							Cu.M",0,"27,136",5,0,0,270,0,"121,000                        						
							bbl","0                        						
							bbl","0                        						
							Cu.M","0                        						
							Cu.M","0                        						
							bbl","$                        							287,132,000,000","1,562                        						
							km","$                        							3,450,700,000","114,093                        						
							km","21,982,608","160                        						
							km"
64,Denmark,"12,000",0,34,117,31,4,"3,856",44,"140                        						
							km","1,788,000                        						
							mt","0                        						
							Cu.M","7,314                        						
							km","$                        							555,500,000,000","3,180,000",99,"2,126,436","51,000","77,651","1,879,000,000                        						
							Cu.M",0,"121,180",9,0,6,50,0,"152,000                        						
							bbl","63,000                        						
							bbl","0                        						
							Cu.M","29,534,000,000                        						
							Cu.M","441,000,000                        						
							bbl","$                        							428,385,000,000","2,682                        						
							km","$                        							109,371,000,000","74,558                        						
							km","5,973,136","400                        						
							km"
65,Switzerland,"49,715",0,40,146,43,16,"6,996",205,"1,770                        						
							km","161,000                        						
							mt","0                        						
							Cu.M","0                        						
							km","$                        							2,200,000,000,000","4,991,000",62,"3,163,225","5,000","97,466","0                        						
							Cu.M",0,,0,0,0,0,0,"193,000                        						
							bbl","300                        						
							bbl","0                        						
							Cu.M","0                        						
							Cu.M","0                        						
							bbl","$                        							733,779,000,000","5,296                        						
							km","$                        							863,892,000,000","71,557                        						
							km","8,860,574","1,292                        						
							km"
66,Libya,0,4,16,143,10,6,"1,816",43,"4,339                        						
							km","0                        						
							mt","0                        						
							Cu.M","1,770                        						
							km","$                        							3,322,000,000","2,398,000",66,"3,290,485","100,000","125,141","11,832,000,000                        						
							Cu.M",0,,0,0,1,5,0,"230,000                        						
							bbl","1,245,000                        						
							bbl","0                        						
							Cu.M","1,505,000,000,000                        						
							Cu.M","48,363,000,000                        						
							bbl","$                        							121,951,000,000","2,000                        						
							km","$                        							92,427,000,000","37,000                        						
							km","7,361,263","0                        						
							km"
67,Bulgaria,"3,000",4,27,65,10,6,"4,914",90,"1,806                        						
							km","35,970,000                        						
							mt","35,516,000                        						
							Cu.M","354                        						
							km","$                        							27,138,500,000","3,103,000",111,"2,611,324",0,"61,044","20,837,000                        						
							Cu.M",0,,4,0,10,36,0,"101,000                        						
							bbl","4,000                        						
							bbl","2,366,000,000                        						
							Cu.M","5,663,000,000                        						
							Cu.M","15,000,000                        						
							bbl","$                        							214,061,000,000","4,029                        						
							km","$                        							46,334,000,000","19,512                        						
							km","6,782,659","470                        						
							km"
68,Syria,"50,000",14,77,207,104,3,"11,148",365,"2,363                        						
							km","47,000                        						
							mt","0                        						
							Cu.M","193                        						
							km","$                        							4,309,500,000","6,315,000",39,"13,245,310","50,000","668,232","3,085,000,000                        						
							Cu.M",0,,0,0,4,27,0,"138,000                        						
							bbl","75,000                        						
							bbl","0                        						
							Cu.M","240,693,000,000                        						
							Cu.M","2,500,000,000                        						
							bbl","$                        							55,935,900,000","2,052                        						
							km","$                        							341,962,500","69,873                        						
							km","23,865,423","900                        						
							km"
69,Jordan,"65,000",44,155,274,44,13,"16,624","1,458","1,744                        						
							km","479,000                        						
							mt","0                        						
							Cu.M","26                        						
							km","$                        							25,646,500,000","3,063,000",17,"2,983,464","35,000","145,262","187,262,000                        						
							Cu.M",0,,0,0,0,27,0,"97,000                        						
							bbl","20                        						
							bbl","0                        						
							Cu.M","6,031,000,000                        						
							Cu.M","1,000,000                        						
							bbl","$                        							106,806,000,000","509                        						
							km","$                        							15,715,600,000","7,203                        						
							km","11,174,024","0                        						
							km"
70,Mongolia,"135,000",0,2,7,0,3,"2,560",420,"8,082                        						
							km","6,393,000                        						
							mt","28,276,000                        						
							Cu.M","0                        						
							km","$                        							19,542,500,000","1,403,000",35,"1,552,233","50,000","62,352","0                        						
							Cu.M",0,,0,0,0,0,0,"36,000                        						
							bbl","15,000                        						
							bbl","2,520,000,000                        						
							Cu.M","0                        						
							Cu.M","0                        						
							bbl","$                        							56,264,000,000","1,815                        						
							km","$                        							4,782,000,000","113,200                        						
							km","3,281,676","580                        						
							km"
71,Serbia,"2,000",4,46,110,11,3,"3,683",262,"2,322                        						
							km","38,297,000                        						
							mt","35,129,000                        						
							Cu.M","0                        						
							km","$                        							35,200,000,000","3,333,000",43,"2,574,406","600,000","79,827","353,376,000                        						
							Cu.M",0,,0,0,5,20,0,"82,000                        						
							bbl","13,000                        						
							bbl","7,514,000,000                        						
							Cu.M","48,139,000,000                        						
							Cu.M","77,500,000                        						
							bbl","$                        							162,213,000,000","3,333                        						
							km","$                        							27,569,000,000","44,248                        						
							km","6,652,212","587                        						
							km"
72,Chad,0,3,16,40,0,7,"3,316",90,"6,406                        						
							km","0                        						
							mt","0                        						
							Cu.M","0                        						
							km","$                        							2,038,000,000","5,806,000",42,"3,856,906","5,000","381,872","0                        						
							Cu.M",0,,0,0,0,0,0,"15,000                        						
							bbl","124,000                        						
							bbl","0                        						
							Cu.M","0                        						
							Cu.M","1,500,000,000                        						
							bbl","$                        							32,446,000,000","0                        						
							km","$                        							211,591,000","40,000                        						
							km","19,093,595","12,400                        						
							km"
73,Belgium,"6,400",0,20,108,43,7,"4,606",0,"1,297                        						
							km","4,869,000                        						
							mt","1,270,000                        						
							Cu.M","67                        						
							km","$                        							1,449,264,300,000","5,432,000",49,"3,880,753",0,"119,776","13,436,000                        						
							Cu.M",0,"10,190",2,0,5,9,0,"585,000                        						
							bbl","11,000                        						
							bbl","4,100,000,000                        						
							Cu.M","0                        						
							Cu.M","0                        						
							bbl","$                        							751,592,000,000","3,602                        						
							km","$                        							40,813,000,000","118,414                        						
							km","11,977,634","2,043                        						
							km"
74,Kenya,0,2,85,156,17,21,"4,128",188,"3,457                        						
							km","1,168,000                        						
							mt","0                        						
							Cu.M","536                        						
							km","$                        							30,514,500,000","25,502,000",370,"14,037,377","25,000","931,942","0                        						
							Cu.M",0,,0,0,0,23,0,"119,000                        						
							bbl","0                        						
							bbl","0                        						
							Cu.M","0                        						
							Cu.M","0                        						
							bbl","$                        							314,063,000,000","3,819                        						
							km","$                        							7,342,000,000","161,452                        						
							km","58,246,378","0                        						
							km"
75,Cuba,"40,000",4,13,31,11,4,"6,864",113,"29                        						
							km","2,000                        						
							mt","0                        						
							Cu.M","3,735                        						
							km","$                        							33,066,000,000","5,317,000",123,"4,737,328","1,145,000","142,558","659,434,000                        						
							Cu.M",0,,1,0,4,19,0,"165,000                        						
							bbl","34,000                        						
							bbl","0                        						
							Cu.M","70,792,000,000                        						
							Cu.M","124,000,000                        						
							bbl","$                        							141,400,000,000","8,367                        						
							km","$                        							10,442,000,000","60,000                        						
							km","10,966,038","240                        						
							km"
76,Mozambique,0,2,8,22,8,4,872,30,"4,783                        						
							km","11,000                        						
							mt","9,015,000                        						
							Cu.M","2,470                        						
							km","$                        							12,100,000,000","15,191,000",92,"7,770,772","3,000","533,615","5,388,000,000                        						
							Cu.M",0,,0,0,0,33,0,"40,000                        						
							bbl","0                        						
							bbl","1,792,000,000                        						
							Cu.M","2,832,000,000,000                        						
							Cu.M","0                        						
							bbl","$                        							50,631,000,000","4,787                        						
							km","$                        							3,515,000,000","31,083                        						
							km","33,350,954","460                        						
							km"
77,Mali,0,8,10,43,9,7,570,10,"7,908                        						
							km","0                        						
							mt","0                        						
							Cu.M","0                        						
							km","$                        							4,057,500,000","8,277,000",30,"4,288,168","4,800","351,850","0                        						
							Cu.M",0,,0,0,0,0,0,"46,000                        						
							bbl","0                        						
							bbl","0                        						
							Cu.M","0                        						
							Cu.M","0                        						
							bbl","$                        							57,235,000,000","593                        						
							km","$                        							647,800,000","139,107                        						
							km","21,990,607","1,800                        						
							km"
78,Belarus,"145,000",29,68,185,36,4,"6,916",507,"3,599                        						
							km","778,000                        						
							mt","0                        						
							Cu.M","0                        						
							km","$                        							44,000,000,000","4,956,000",46,"3,724,569","55,000","104,516","73,929,000                        						
							Cu.M",0,,0,0,0,0,0,"131,000                        						
							bbl","30,000                        						
							bbl","0                        						
							Cu.M","2,832,000,000                        						
							Cu.M","198,000,000                        						
							bbl","$                        							254,407,000,000","5,528                        						
							km","$                        							8,118,000,000","86,600                        						
							km","9,501,451","2,500                        						
							km"
79,Ecuador,"118,000",0,46,102,0,20,"5,204",54,"2,237                        						
							km","21,000                        						
							mt","0                        						
							Cu.M","2,237                        						
							km","$                        							44,898,000,000","8,893,000",310,"6,738,074","1,500","329,580","309,778,000                        						
							Cu.M",0,,2,0,0,30,2,"225,000                        						
							bbl","480,000                        						
							bbl","24,000,000                        						
							Cu.M","10,902,000,000                        						
							Cu.M","8,273,000,000                        						
							bbl","$                        							260,213,000,000","965                        						
							km","$                        							4,442,000,000","43,950                        						
							km","18,309,984","1,500                        						
							km"
80,Kyrgyzstan,"300,000",2,7,7,0,0,"2,686",215,"4,573                        						
							km","3,352,000                        						
							mt","3,637,000                        						
							Cu.M","0                        						
							km","$                        							6,728,500,000","3,069,000",28,"2,487,357","55,000","117,270","31,026,000                        						
							Cu.M",0,,0,0,0,0,0,"31,000                        						
							bbl","6,000                        						
							bbl","28,499,000,000                        						
							Cu.M","5,663,000,000                        						
							Cu.M","40,000,000                        						
							bbl","$                        							45,461,000,000","424                        						
							km","$                        							3,237,000,000","34,000                        						
							km","6,172,101","576                        						
							km"
81,Tanzania,"80,000",0,12,39,14,6,"1,072",62,"4,161                        						
							km","802,000                        						
							mt","2,511,000                        						
							Cu.M","1,424                        						
							km","$                        							18,983,500,000","31,219,000",206,"6,678,750","6,500","607,159","1,808,000,000                        						
							Cu.M",0,,0,0,0,12,0,"58,000                        						
							bbl","0                        						
							bbl","1,410,000,000                        						
							Cu.M","6,513,000,000                        						
							Cu.M","0                        						
							bbl","$                        							234,050,000,000","4,097                        						
							km","$                        							5,693,050,000","145,203                        						
							km","67,462,121","0                        						
							km"
82,Paraguay,"168,500",0,14,39,0,11,"1,108",0,"4,655                        						
							km","1,000                        						
							mt","0                        						
							Cu.M","0                        						
							km","$                        							14,370,000,000","3,469,000",83,"3,001,497","15,000","150,451","0                        						
							Cu.M",0,,0,0,0,72,0,"57,000                        						
							bbl","2,000                        						
							bbl","0                        						
							Cu.M","0                        						
							Cu.M","0                        						
							bbl","$                        							108,022,000,000","30                        						
							km","$                        							9,886,000,000","78,811                        						
							km","7,522,549","3,100                        						
							km"
83,Laos,"30,000",0,23,33,0,2,"4,380",160,"5,274                        						
							km","13,691,000                        						
							mt","14,845,000                        						
							Cu.M","0                        						
							km","$                        							16,500,000,000","3,174,000",18,"2,521,277","120,000","159,071","0                        						
							Cu.M",0,,0,0,0,36,0,"24,000                        						
							bbl","0                        						
							bbl","62,000,000                        						
							Cu.M","0                        						
							Cu.M","0                        						
							bbl","$                        							64,173,000,000","422                        						
							km","$                        							1,770,000,000","39,568                        						
							km","7,953,556","4,600                        						
							km"
84,Afghanistan,0,1,6,9,0,3,"5,202",0,"5,987                        						
							km","1,545,000                        						
							mt","4,885,000                        						
							Cu.M","0                        						
							km","$                        							1,142,500,000","8,921,000",67,"8,826,741","80,000","842,553","80,200,000                        						
							Cu.M",0,,0,0,0,0,0,"2,700                        						
							bbl","0                        						
							bbl","66,000,000                        						
							Cu.M","49,554,000,000                        						
							Cu.M","0                        						
							bbl","$                        							54,772,700,000","0                        						
							km","$                        							8,852,092,000","34,903                        						
							km","40,121,552","1,200                        						
							km"
85,Cameroon,0,0,21,35,0,6,430,0,"5,018                        						
							km","0                        						
							mt","0                        						
							Cu.M","400                        						
							km","$                        							9,506,000,000","11,965,000",37,"6,224,187","12,500","495,458","2,595,000,000                        						
							Cu.M",0,,0,0,0,51,0,"40,000                        						
							bbl","54,000                        						
							bbl","0                        						
							Cu.M","135,071,000,000                        						
							Cu.M","200,000,000                        						
							bbl","$                        							138,925,000,000","987                        						
							km","$                        							5,754,093,000","77,589                        						
							km","30,966,105","0                        						
							km"
86,Zambia,0,0,32,77,0,13,424,35,"6,043                        						
							km","823,000                        						
							mt","831,000                        						
							Cu.M","0                        						
							km","$                        							13,200,000,000","7,051,000",119,"4,139,024","1,200","374,384","0                        						
							Cu.M",0,,0,0,0,0,0,"34,000                        						
							bbl","0                        						
							bbl","944,999,000                        						
							Cu.M","0                        						
							Cu.M","0                        						
							bbl","$                        							76,493,000,000","3,126                        						
							km","$                        							2,861,000,000","67,671                        						
							km","20,799,116","0                        						
							km"
87,Tajikistan,"600,000",6,20,25,0,1,"1,240",38,"4,130                        						
							km","2,245,000                        						
							mt","2,175,000                        						
							Cu.M","0                        						
							km","$                        							7,150,000,000","2,677,000",19,"3,773,045","20,000","176,699","18,476,000                        						
							Cu.M",0,,0,0,0,0,0,"28,000                        						
							bbl","300                        						
							bbl","4,075,000,000                        						
							Cu.M","5,663,000,000                        						
							Cu.M","12,000,000                        						
							bbl","$                        							46,467,000,000","680                        						
							km","$                        							2,748,900,000","30,000                        						
							km","10,394,063","200                        						
							km"
88,Oman,"100,000",0,31,128,29,9,"4,084",150,"1,561                        						
							km","31,000                        						
							mt","0                        						
							Cu.M","2,092                        						
							km","$                        							50,897,000,000","2,316,000",36,"1,291,559","10,000","50,726","40,754,000,000                        						
							Cu.M",0,,0,0,0,22,0,"211,000                        						
							bbl","1,056,000                        						
							bbl","0                        						
							Cu.M","651,287,000,000                        						
							Cu.M","5,375,000,000                        						
							bbl","$                        							185,960,000,000","0                        						
							km","$                        							17,455,000,000","60,230                        						
							km","3,901,992","0                        						
							km"
89,South Sudan,0,6,15,20,0,5,"1,950",30,"6,018                        						
							km","0                        						
							mt","0                        						
							Cu.M","0                        						
							km","$                        							2,475,000,000","4,471,000",82,"4,065,188",0,"330,297","0                        						
							Cu.M",0,,0,0,0,0,0,"14,000                        						
							bbl","146,000                        						
							bbl","0                        						
							Cu.M","0                        						
							Cu.M","3,750,000,000                        						
							bbl","$                        							20,010,000,000","248                        						
							km","$                        							183,615,000","90,200                        						
							km","12,703,714","0                        						
							km"
90,Cambodia,0,0,21,25,0,4,"3,627",644,"2,530                        						
							km","2,215,000                        						
							mt","113,000                        						
							Cu.M","443                        						
							km","$                        							13,200,000,000","9,175,000",13,"5,733,393","10,000","307,146","0                        						
							Cu.M",0,,0,0,0,20,0,"73,000                        						
							bbl","0                        						
							bbl","0                        						
							Cu.M","0                        						
							Cu.M","0                        						
							bbl","$                        							85,900,000,000","642                        						
							km","$                        							17,801,000,000","47,263                        						
							km","17,063,669","3,700                        						
							km"
91,Czechia,"4,200",4,42,99,12,10,"6,340",43,"2,046                        						
							km","40,239,000                        						
							mt","37,423,000                        						
							Cu.M","0                        						
							km","$                        							211,200,000,000","5,502,000",243,"4,129,236",0,"97,541","224,725,000                        						
							Cu.M",0,,0,0,0,0,0,"211,000                        						
							bbl","4,000                        						
							bbl","3,595,000,000                        						
							Cu.M","3,964,000,000                        						
							Cu.M","15,000,000                        						
							bbl","$                        							519,007,000,000","9,548                        						
							km","$                        							148,379,000,000","55,744                        						
							km","10,837,890","664                        						
							km"
92,Niger,0,1,13,26,0,7,456,0,"5,834                        						
							km","457,000                        						
							mt","457,000                        						
							Cu.M","0                        						
							km","$                        							3,844,000,000","10,237,000",26,"5,294,900","5,000","447,827","29,509,000                        						
							Cu.M",0,,0,0,0,0,0,"13,000                        						
							bbl","6,000                        						
							bbl","90,000,000                        						
							Cu.M","0                        						
							Cu.M","150,000,000                        						
							bbl","$                        							44,561,000,000","0                        						
							km","$                        							1,442,772,000","18,949                        						
							km","26,342,784","300                        						
							km"
93,Hungary,"20,000",8,44,69,12,3,"7,797",209,"2,106                        						
							km","6,180,000                        						
							mt","5,450,000                        						
							Cu.M","0                        						
							km","$                        							137,500,000,000","5,006,000",109,"3,794,462","15,000","118,269","1,523,000,000                        						
							Cu.M",0,,0,0,0,0,0,"175,000                        						
							bbl","36,000                        						
							bbl","2,909,000,000                        						
							Cu.M","3,738,000,000                        						
							Cu.M","12,100,000                        						
							bbl","$                        							388,906,000,000","7,687                        						
							km","$                        							45,719,000,000","203,601                        						
							km","9,855,745","1,622                        						
							km"
94,Austria,"125,600",0,41,85,15,11,"7,322",56,"2,524                        						
							km","5,026,000                        						
							mt","1,271,000                        						
							Cu.M","0                        						
							km","$                        							630,000,000,000","4,825,000",61,"3,632,033",0,"98,648","618,209,000                        						
							Cu.M",0,,0,0,0,0,0,"245,000                        						
							bbl","18,000                        						
							bbl","0                        						
							Cu.M","5,040,000,000                        						
							Cu.M","35,200,000                        						
							bbl","$                        							590,354,000,000","6,123                        						
							km","$                        							31,212,000,000","137,039                        						
							km","8,967,982","358                        						
							km"
95,Uganda,0,6,30,51,6,0,"3,862",259,"2,729                        						
							km","0                        						
							mt","0                        						
							Cu.M","0                        						
							km","$                        							11,818,000,000","18,881,000",39,"9,905,891","10,000","985,661","0                        						
							Cu.M",0,,0,0,0,0,0,"43,000                        						
							bbl","0                        						
							bbl","800,000,000                        						
							Cu.M","14,158,000,000                        						
							Cu.M","2,500,000,000                        						
							bbl","$                        							135,668,000,000","1,244                        						
							km","$                        							3,506,500,000","20,544                        						
							km","49,283,041","0                        						
							km"
96,Central African Republic,0,0,0,6,0,0,228,0,"5,920                        						
							km","0                        						
							mt","0                        						
							Cu.M","0                        						
							km","$                        							666,293,000","2,114,000",43,"1,254,512","1,000","101,717","0                        						
							Cu.M",0,,0,0,0,0,0,"2,000                        						
							bbl","0                        						
							bbl","3,000,000                        						
							Cu.M","0                        						
							Cu.M","0                        						
							bbl","$                        							5,849,000,000","0                        						
							km","$                        							374,405,000","24,000                        						
							km","5,650,957","2,800                        						
							km"
97,Croatia,"20,100",0,37,67,10,0,"2,848",45,"2,237                        						
							km","702,000                        						
							mt","0                        						
							Cu.M","5,835                        						
							km","$                        							55,000,000,000","1,744,000",40,"1,564,594","2,000","53,952","741,456,000                        						
							Cu.M",0,,0,0,1,30,0,"70,000                        						
							bbl","11,000                        						
							bbl","0                        						
							Cu.M","24,919,000,000                        						
							Cu.M","71,000,000                        						
							bbl","$                        							159,305,000,000","2,617                        						
							km","$                        							3,176,000,000","26,958                        						
							km","4,150,116","4,714                        						
							km"
98,Republic of the Congo,0,1,7,13,2,4,644,30,"5,008                        						
							km","0                        						
							mt","0                        						
							Cu.M","169                        						
							km","$                        							5,741,000,000","2,461,000",56,"1,353,682","2,500","115,856","423,000,000                        						
							Cu.M",0,,0,0,0,4,0,"12,000                        						
							bbl","267,000                        						
							bbl","0                        						
							Cu.M","283,990,000,000                        						
							Cu.M","2,885,000,000                        						
							bbl","$                        							38,163,000,000","510                        						
							km","$                        							715,391,000","23,324                        						
							km","6,097,665","1,120                        						
							km"
99,Georgia,"152,500",11,44,61,0,2,"3,392",123,"1,814                        						
							km","516,000                        						
							mt","256,000                        						
							Cu.M","310                        						
							km","$                        							13,488,000,000","1,853,000",19,"2,225,036",0,"93,118","8,760,000                        						
							Cu.M",0,,0,0,4,19,0,"32,000                        						
							bbl","300                        						
							bbl","900,999,000                        						
							Cu.M","8,495,000,000                        						
							Cu.M","35,000,000                        						
							bbl","$                        							83,656,000,000","1,363                        						
							km","$                        							5,002,000,000","20,295                        						
							km","4,900,961","0                        						
							km"
100,Ghana,0,0,10,19,0,2,"1,824",0,"2,420                        						
							km","85,000                        						
							mt","0                        						
							Cu.M","539                        						
							km","$                        							22,550,000,000","14,887,000",11,"9,961,658",0,"622,604","3,192,000,000                        						
							Cu.M",0,,0,0,0,28,0,"110,000                        						
							bbl","174,000                        						
							bbl","0                        						
							Cu.M","22,653,000,000                        						
							Cu.M","660,000,000                        						
							bbl","$                        							229,639,000,000","947                        						
							km","$                        							3,624,000,000","65,725                        						
							km","34,589,092","1,293                        						
							km"
101,Bahrain,"110,000",34,80,132,24,3,"2,764",150,"0                        						
							km","0                        						
							mt","0                        						
							Cu.M","161                        						
							km","$                        							49,500,000,000","855,000",3,"720,768","1,500","17,236","18,005,000,000                        						
							Cu.M",0,,2,0,0,64,0,"72,000                        						
							bbl","189,000                        						
							bbl","0                        						
							Cu.M","81,382,000,000                        						
							Cu.M","186,500,000                        						
							bbl","$                        							85,491,000,000","0                        						
							km","$                        							5,118,000,000","4,122                        						
							km","1,566,888","0                        						
							km"
102,Yemen,0,7,30,84,27,2,550,0,"1,601                        						
							km","165,000                        						
							mt","0                        						
							Cu.M","1,906                        						
							km","$                        							6,343,500,000","6,883,000",36,"9,031,464","20,000","610,668","189,432,000                        						
							Cu.M",0,,0,0,1,33,0,"60,000                        						
							bbl","15,000                        						
							bbl","0                        						
							Cu.M","478,555,000,000                        						
							Cu.M","3,000,000,000                        						
							bbl","$                        							67,003,300,000","0                        						
							km","$                        							923,361,750","71,300                        						
							km","32,140,443","0                        						
							km"
103,Mauritania,"66,000",0,4,24,0,7,628,25,"5,002                        						
							km","0                        						
							mt","0                        						
							Cu.M","754                        						
							km","$                        							3,661,000,000","1,179,000",25,"1,181,555","5,000","82,233","0                        						
							Cu.M",0,,0,0,0,6,0,"29,000                        						
							bbl","0                        						
							bbl","0                        						
							Cu.M","28,317,000,000                        						
							Cu.M","20,000,000                        						
							bbl","$                        							30,395,000,000","728                        						
							km","$                        							2,629,290,500","12,253                        						
							km","4,328,040","1,086                        						
							km"
104,Tunisia,0,0,101,154,10,11,"7,913",90,"1,495                        						
							km","2,000                        						
							mt","0                        						
							Cu.M","1,148                        						
							km","$                        							27,084,500,000","4,445,000",14,"5,181,004","12,000","204,830","1,323,000,000                        						
							Cu.M",0,,0,0,0,58,0,"108,000                        						
							bbl","35,000                        						
							bbl","0                        						
							Cu.M","65,129,000,000                        						
							Cu.M","425,000,000                        						
							bbl","$                        							153,637,000,000","2,173                        						
							km","$                        							9,240,000,000","20,000                        						
							km","12,048,847","0                        						
							km"
105,Ivory Coast,0,3,10,19,0,4,656,5,"3,458                        						
							km","0                        						
							mt","0                        						
							Cu.M","515                        						
							km","$                        							19,311,500,000","10,954,000",29,"7,855,221","5,500","569,653","2,635,000,000                        						
							Cu.M",0,,0,0,0,3,0,"60,000                        						
							bbl","29,000                        						
							bbl","0                        						
							Cu.M","28,317,000,000                        						
							Cu.M","100,000,000                        						
							bbl","$                        							202,758,000,000","660                        						
							km","$                        							7,583,484,000","81,996                        						
							km","29,981,758","980                        						
							km"
106,Honduras,"60,000",0,8,40,4,10,614,11,"1,575                        						
							km","190,000                        						
							mt","0                        						
							Cu.M","832                        						
							km","$                        							8,805,500,000","4,676,000",129,"3,144,632","23,000","95,292","0                        						
							Cu.M",0,,0,0,0,98,0,"67,000                        						
							bbl","20                        						
							bbl","0                        						
							Cu.M","0                        						
							Cu.M","0                        						
							bbl","$                        							68,854,000,000","699                        						
							km","$                        							7,543,000,000","14,742                        						
							km","9,529,188","465                        						
							km"
107,Namibia,0,2,7,34,11,3,"2,094",4,"4,220                        						
							km","32,000                        						
							mt","0                        						
							Cu.M","1,572                        						
							km","$                        							8,800,000,000","989,000",255,"400,923","5,000","30,840","0                        						
							Cu.M",0,,0,0,0,15,0,"25,000                        						
							bbl","0                        						
							bbl","350,000,000                        						
							Cu.M","62,297,000,000                        						
							Cu.M","0                        						
							bbl","$                        							29,944,000,000","2,628                        						
							km","$                        							2,956,000,000","48,875                        						
							km","2,803,660","0                        						
							km"
108,Ireland,"1,700",0,8,22,0,4,"1,712",0,"443                        						
							km","1,322,000                        						
							mt","0                        						
							Cu.M","1,448                        						
							km","$                        							3,300,000,000,000","2,766,000",100,"1,999,182",0,"57,568","1,447,000,000                        						
							Cu.M",0,,0,0,0,8,0,"156,000                        						
							bbl","600                        						
							bbl","40,000,000                        						
							Cu.M","9,911,000,000                        						
							Cu.M","0                        						
							bbl","$                        							608,463,000,000","1,688                        						
							km","$                        							12,905,000,000","99,830                        						
							km","5,233,461","956                        						
							km"
109,Zimbabwe,0,6,28,95,13,14,828,15,"3,229                        						
							km","4,479,000                        						
							mt","3,877,000                        						
							Cu.M","0                        						
							km","$                        							11,000,000,000","6,561,000",144,"3,721,626","21,800","360,157","0                        						
							Cu.M",0,,0,0,0,0,0,"29,000                        						
							bbl","800                        						
							bbl","502,000,000                        						
							Cu.M","0                        						
							Cu.M","0                        						
							bbl","$                        							58,583,000,000","3,427                        						
							km","$                        							115,530,000","97,267                        						
							km","17,150,352","0                        						
							km"
110,New Zealand,"3,250",0,21,48,0,8,"2,114",0,"0                        						
							km","2,441,000                        						
							mt","3,036,000                        						
							Cu.M","15,134                        						
							km","$                        							209,683,100,000","3,068,000",202,"1,775,457",300,"61,935","3,770,000,000                        						
							Cu.M",0,,2,0,0,8,0,"154,000                        						
							bbl","12,000                        						
							bbl","7,575,000,000                        						
							Cu.M","31,149,000,000                        						
							Cu.M","40,993,000                        						
							bbl","$                        							254,770,000,000","4,128                        						
							km","$                        							15,487,000,000","94,000                        						
							km","5,161,211","0                        						
							km"
111,Latvia,"36,000",0,7,7,0,0,"1,848",0,"1,370                        						
							km","20,000                        						
							mt","0                        						
							Cu.M","498                        						
							km","$                        							44,180,400,000","978,000",56,"648,449","12,500","16,211","0                        						
							Cu.M",0,,0,0,6,18,0,"35,000                        						
							bbl","2,000                        						
							bbl","0                        						
							Cu.M","0                        						
							Cu.M","0                        						
							bbl","$                        							71,154,000,000","2,216                        						
							km","$                        							4,957,000,000","70,244                        						
							km","1,801,246","300                        						
							km"
112,Nepal,0,0,10,15,0,5,"1,108",0,"3,159                        						
							km","1,095,000                        						
							mt","15,000                        						
							Cu.M","0                        						
							km","$                        							5,838,500,000","8,937,000",51,"11,733,140","15,000","778,060","0                        						
							Cu.M",0,,0,0,0,0,0,"62,000                        						
							bbl","0                        						
							bbl","8,000,000                        						
							Cu.M","0                        						
							Cu.M","0                        						
							bbl","$                        							144,310,000,000","59                        						
							km","$                        							12,456,000,000","27,990                        						
							km","31,122,387","0                        						
							km"
113,Botswana,0,0,16,45,11,9,"1,224",45,"4,347                        						
							km","2,291,000                        						
							mt","2,634,000                        						
							Cu.M","0                        						
							km","$                        							1,853,500,000","1,170,000",122,"617,568",0,"24,507","0                        						
							Cu.M",0,,0,0,0,0,0,"21,000                        						
							bbl","0                        						
							bbl","1,660,000,000                        						
							Cu.M","0                        						
							Cu.M","0                        						
							bbl","$                        							46,742,000,000","888                        						
							km","$                        							4,756,000,000","31,747                        						
							km","2,450,668","0                        						
							km"
114,Lithuania,"104,000",0,4,9,0,5,"1,263",0,"1,545                        						
							km","263,000                        						
							mt","0                        						
							Cu.M","90                        						
							km","$                        							44,000,000,000","1,510,000",65,"1,332,490","14,150","36,795","0                        						
							Cu.M",0,,0,0,4,14,0,"68,000                        						
							bbl","4,000                        						
							bbl","0                        						
							Cu.M","0                        						
							Cu.M","12,000,000                        						
							bbl","$                        							132,712,000,000","1,911                        						
							km","$                        							6,168,000,000","84,166                        						
							km","2,628,186","441                        						
							km"
115,Burkina Faso,0,5,18,25,0,2,491,0,"3,611                        						
							km","0                        						
							mt","0                        						
							Cu.M","0                        						
							km","$                        							3,145,000,000","8,577,000",49,"6,060,098","4,500","368,675","0                        						
							Cu.M",0,,0,0,0,0,0,"36,000                        						
							bbl","0                        						
							bbl","0                        						
							Cu.M","0                        						
							Cu.M","0                        						
							bbl","$                        							57,152,000,000","622                        						
							km","$                        							47,138,000","15,304                        						
							km","23,042,199","0                        						
							km"
116,Luxembourg,0,0,0,1,0,1,182,0,"327                        						
							km","62,000                        						
							mt","0                        						
							Cu.M","0                        						
							km","$                        							4,730,000,000,000","352,000",3,"92,633",0,"3,356","0                        						
							Cu.M",0,,0,0,0,0,0,"51,000                        						
							bbl","0                        						
							bbl","0                        						
							Cu.M","0                        						
							Cu.M","0                        						
							bbl","$                        							88,533,000,000","271                        						
							km","$                        							2,977,000,000","2,875                        						
							km","671,254","37                        						
							km"
117,Guatemala,"90,000",0,21,36,0,10,688,5,"1,667                        						
							km","1,296,000                        						
							mt","0                        						
							Cu.M","400                        						
							km","$                        							27,500,000,000","7,258,000",58,"6,279,794","35,000","182,552","3,276,000                        						
							Cu.M",0,,0,0,0,25,0,"115,000                        						
							bbl","6,000                        						
							bbl","0                        						
							Cu.M","0                        						
							Cu.M","86,110,000                        						
							bbl","$                        							223,183,000,000","800                        						
							km","$                        							21,311,000,000","17,440                        						
							km","18,255,216","990                        						
							km"
118,Uruguay,0,0,12,43,0,6,"3,042",31,"1,591                        						
							km","18,000                        						
							mt","0                        						
							Cu.M","660                        						
							km","$                        							49,500,000,000","1,775,000",64,"1,322,177","5,000","54,805","0                        						
							Cu.M",0,,0,0,2,14,0,"52,000                        						
							bbl","400                        						
							bbl","0                        						
							Cu.M","0                        						
							Cu.M","0                        						
							bbl","$                        							105,096,000,000","1,673                        						
							km","$                        							16,257,000,000","77,732                        						
							km","3,425,330","1,600                        						
							km"
119,Gabon,0,0,15,24,6,3,424,0,"3,261                        						
							km","0                        						
							mt","0                        						
							Cu.M","885                        						
							km","$                        							6,280,000,000","763,000",40,"532,758","2,500","46,647","463,000,000                        						
							Cu.M",0,,0,0,0,5,0,"16,000                        						
							bbl","204,000                        						
							bbl","0                        						
							Cu.M","25,995,000,000                        						
							Cu.M","2,000,000,000                        						
							bbl","$                        							48,201,000,000","649                        						
							km","$                        							1,568,196,000","14,300                        						
							km","2,455,105","1,600                        						
							km"
120,Senegal,0,5,20,40,0,5,"1,740",0,"2,684                        						
							km","502,000                        						
							mt","0                        						
							Cu.M","531                        						
							km","$                        							11,326,000,000","5,257,000",19,"4,089,912",0,"395,798","54,646,000                        						
							Cu.M",0,,0,0,0,4,0,"55,000                        						
							bbl","9,000                        						
							bbl","0                        						
							Cu.M","0                        						
							Cu.M","0                        						
							bbl","$                        							77,382,000,000","906                        						
							km","$                        							889,295,000","16,665                        						
							km","18,847,519","1,000                        						
							km"
121,Lebanon,"35,000",0,68,80,0,0,"4,538",116,"484                        						
							km","207,000                        						
							mt","0                        						
							Cu.M","225                        						
							km","$                        							36,928,000,000","1,771,000",8,"1,775,644","65,000","69,738","0                        						
							Cu.M",0,,0,0,0,64,0,"174,000                        						
							bbl","0                        						
							bbl","0                        						
							Cu.M","0                        						
							Cu.M","0                        						
							bbl","$                        							65,818,000,000","401                        						
							km","$                        							26,498,095,000","21,705                        						
							km","5,364,482","0                        						
							km"
122,Panama,0,0,23,38,0,13,262,0,"687                        						
							km","837,000                        						
							mt","0                        						
							Cu.M","2,490                        						
							km","$                        							1,115,532,300,000","2,096,000",76,"1,206,965","80,000","53,643","0                        						
							Cu.M",0,,0,0,0,30,0,"146,000                        						
							bbl","0                        						
							bbl","0                        						
							Cu.M","0                        						
							Cu.M","0                        						
							bbl","$                        							159,867,000,000","77                        						
							km","$                        							6,757,000,000","11,978                        						
							km","4,470,241","800                        						
							km"
123,Estonia,"78,800",0,3,5,0,2,"1,685",0,"657                        						
							km","3,000                        						
							mt","0                        						
							Cu.M","3,794                        						
							km","$                        							26,400,000,000","752,000",26,"456,028","10,000","13,132","0                        						
							Cu.M",0,,0,0,4,8,0,"28,000                        						
							bbl","24,000                        						
							bbl","0                        						
							Cu.M","0                        						
							Cu.M","0                        						
							bbl","$                        							57,377,000,000","1,441                        						
							km","$                        							2,593,000,000","58,412                        						
							km","1,193,791","335                        						
							km"
124,Eritrea,"130,000",6,13,20,1,5,860,65,"1,840                        						
							km","0                        						
							mt","0                        						
							Cu.M","2,234                        						
							km","$                        							635,504,500","1,800,000",10,"1,598,677",0,"76,127","0                        						
							Cu.M",0,,0,0,0,23,0,"4,000                        						
							bbl","0                        						
							bbl","0                        						
							Cu.M","0                        						
							Cu.M","0                        						
							bbl","$                        							9,702,000,000","306                        						
							km","$                        							225,014,976","16,000                        						
							km","6,343,956","0                        						
							km"
125,Armenia,"210,000",20,36,71,4,3,"1,306",109,"1,570                        						
							km","23,000                        						
							mt","60                        						
							Cu.M","0                        						
							km","$                        							9,014,000,000","1,356,000",11,"1,366,335","5,000","44,651","0                        						
							Cu.M",0,,0,0,0,0,0,"14,000                        						
							bbl","0                        						
							bbl","317,000,000                        						
							Cu.M","0                        						
							Cu.M","0                        						
							bbl","$                        							57,728,000,000","686                        						
							km","$                        							3,607,000,000","7,700                        						
							km","2,976,765","0                        						
							km"
126,Nicaragua,0,0,11,17,0,5,"1,869",89,"1,253                        						
							km","0                        						
							mt","0                        						
							Cu.M","910                        						
							km","$                        							9,053,000,000","3,264,000",39,"2,777,610","5,500","146,893","0                        						
							Cu.M",0,,0,0,0,23,0,"36,000                        						
							bbl","200                        						
							bbl","0                        						
							Cu.M","0                        						
							Cu.M","0                        						
							bbl","$                        							51,088,000,000","0                        						
							km","$                        							5,447,000,000","23,897                        						
							km","6,676,948","2,220                        						
							km"
127,Slovakia,0,0,22,41,2,7,"3,074",45,"1,587                        						
							km","5,794,000                        						
							mt","2,343,000                        						
							Cu.M","0                        						
							km","$                        							127,600,000,000","2,823,000",114,"2,353,424",0,"61,200","52,556,000                        						
							Cu.M",0,,0,0,0,0,0,"94,000                        						
							bbl","7,000                        						
							bbl","19,000,000                        						
							Cu.M","14,158,000,000                        						
							Cu.M","9,000,000                        						
							bbl","$                        							213,053,000,000","3,627                        						
							km","$                        							11,288,000,000","56,926                        						
							km","5,563,649","172                        						
							km"
128,Somalia,0,0,0,0,0,0,682,0,"2,385                        						
							km","0                        						
							mt","0                        						
							Cu.M","3,025                        						
							km","$                        							5,830,000,000","3,277,000",38,"1,796,384","2,000","130,173","0                        						
							Cu.M",0,,0,0,0,10,0,"6,000                        						
							bbl","0                        						
							bbl","0                        						
							Cu.M","5,663,000,000                        						
							Cu.M","0                        						
							bbl","$                        							26,351,000,000","0                        						
							km","$                        							16,747,500","15,000                        						
							km","13,017,273","0                        						
							km"
129,Dominican Republic,0,0,50,79,0,11,540,5,"376                        						
							km","2,188,000                        						
							mt","0                        						
							Cu.M","1,288                        						
							km","$                        							27,500,000,000","5,302,000",32,"4,034,315","30,000","97,343","0                        						
							Cu.M",0,,0,0,0,34,0,"134,000                        						
							bbl","0                        						
							bbl","0                        						
							Cu.M","0                        						
							Cu.M","0                        						
							bbl","$                        							261,616,000,000","496                        						
							km","$                        							15,547,000,000","19,705                        						
							km","10,815,857","0                        						
							km"
130,Benin,0,0,5,5,0,0,92,0,"2,123                        						
							km","45,000                        						
							mt","0                        						
							Cu.M","121                        						
							km","$                        							4,066,500,000","4,964,000",10,"3,189,260",0,"308,638","0                        						
							Cu.M",0,,0,0,0,2,0,"46,000                        						
							bbl","0                        						
							bbl","0                        						
							Cu.M","1,133,000,000                        						
							Cu.M","8,000,000                        						
							bbl","$                        							52,510,000,000","438                        						
							km","$                        							698,900,000","16,000                        						
							km","14,697,052","150                        						
							km"
131,Madagascar,0,0,5,5,0,0,158,6,"0                        						
							km","511,000                        						
							mt","0                        						
							Cu.M","4,828                        						
							km","$                        							3,028,500,000","15,830,000",91,"7,952,233","8,100","559,602","0                        						
							Cu.M",0,,0,0,0,6,0,"19,000                        						
							bbl","0                        						
							bbl","150,000,000                        						
							Cu.M","0                        						
							Cu.M","0                        						
							bbl","$                        							51,255,000,000","836                        						
							km","$                        							2,632,000,000","31,640                        						
							km","29,452,714","600                        						
							km"
132,Bosnia and Herzegovina,"6,000",0,22,22,0,0,720,45,"1,543                        						
							km","14,766,000                        						
							mt","14,114,000                        						
							Cu.M","20                        						
							km","$                        							7,760,500,000","1,369,000",13,"1,956,316",0,"49,383","0                        						
							Cu.M",0,,0,0,0,0,0,"36,000                        						
							bbl","0                        						
							bbl","2,264,000,000                        						
							Cu.M","0                        						
							Cu.M","0                        						
							bbl","$                        							63,769,000,000","965                        						
							km","$                        							9,205,000,000","22,926                        						
							km","3,798,671","990                        						
							km"
133,Suriname,0,0,3,3,0,0,650,0,"1,907                        						
							km","0                        						
							mt","0                        						
							Cu.M","386                        						
							km","$                        							2,200,000,000","250,000",55,"84,079",200,"3,234","7,109,000                        						
							Cu.M",0,,0,0,0,17,0,"15,000                        						
							bbl","14,000                        						
							bbl","0                        						
							Cu.M","0                        						
							Cu.M","89,000,000                        						
							bbl","$                        							11,824,000,000","0                        						
							km","$                        							1,346,000,000","4,304                        						
							km","646,758","1,200                        						
							km"
134,Moldova,"67,000",0,2,3,0,1,500,0,"1,885                        						
							km","120,000                        						
							mt","0                        						
							Cu.M","0                        						
							km","$                        							4,565,500,000","1,464,000",11,"1,792,565","2,000","71,991","10,000                        						
							Cu.M",0,,0,0,0,0,0,"22,000                        						
							bbl","0                        						
							bbl","0                        						
							Cu.M","0                        						
							Cu.M","0                        						
							bbl","$                        							38,969,000,000","1,171                        						
							km","$                        							5,453,000,000","9,352                        						
							km","3,599,528","558                        						
							km"
135,Slovenia,"26,000",0,16,39,0,4,"1,428",54,"1,211                        						
							km","2,553,000                        						
							mt","2,358,000                        						
							Cu.M","47                        						
							km","$                        							55,000,000,000","1,055,000",42,"826,570","5,000","22,867","3,863,000                        						
							Cu.M",0,,0,0,0,2,0,"45,000                        						
							bbl","0                        						
							bbl","95,000,000                        						
							Cu.M","0                        						
							Cu.M","0                        						
							bbl","$                        							102,036,000,000","1,207                        						
							km","$                        							2,370,000,000","38,985                        						
							km","2,097,893","710                        						
							km"
136,Liberia,0,0,0,0,0,0,300,0,"1,667                        						
							km","0                        						
							mt","0                        						
							Cu.M","579                        						
							km","$                        							830,923,000","2,499,000",99,"1,913,912","5,500","65,247","0                        						
							Cu.M",0,,0,0,0,4,0,"4,000                        						
							bbl","0                        						
							bbl","0                        						
							Cu.M","0                        						
							Cu.M","0                        						
							bbl","$                        							8,884,000,000","429                        						
							km","$                        							599,660,000","10,600                        						
							km","5,437,249","0                        						
							km"
137,El Salvador,"10,000",0,30,52,0,4,"1,844",0,"590                        						
							km","500                        						
							mt","0                        						
							Cu.M","307                        						
							km","$                        							14,258,000,000","2,870,000",27,"2,512,278","15,000","145,831","0                        						
							Cu.M",0,,0,0,0,14,0,"58,000                        						
							bbl","3                        						
							bbl","0                        						
							Cu.M","0                        						
							Cu.M","0                        						
							bbl","$                        							71,957,000,000","13                        						
							km","$                        							3,799,434,000","9,012                        						
							km","6,628,702","422                        						
							km"
138,Albania,"2,000",0,19,19,0,0,"1,796",46,"691                        						
							km","389,000                        						
							mt","379,000                        						
							Cu.M","362                        						
							km","$                        							7,312,000,000","1,388,000",3,"1,292,554",500,"62,142","50,623,000                        						
							Cu.M",0,,0,0,0,19,0,"2,600                        						
							bbl","1,400                        						
							bbl","522,000,000                        						
							Cu.M","5,692,000,000                        						
							Cu.M","150,000,000                        						
							bbl","$                        							49,592,000,000","424                        						
							km","$                        							6,455,000,000","3,945                        						
							km","3,107,100","41                        						
							km"
139,Sierra Leone,0,0,1,1,0,0,150,0,"1,093                        						
							km","0                        						
							mt","0                        						
							Cu.M","402                        						
							km","$                        							2,687,000,000","2,913,000",8,"1,203,978",0,"45,605","0                        						
							Cu.M",0,,0,0,0,7,0,"9,000                        						
							bbl","0                        						
							bbl","0                        						
							Cu.M","0                        						
							Cu.M","0                        						
							bbl","$                        							14,633,000,000","0                        						
							km","$                        							495,699,000","11,701                        						
							km","9,121,049","800                        						
							km"
140,North Macedonia,"60,000",4,10,20,0,0,"1,108",20,"838                        						
							km","5,776,000                        						
							mt","5,075,000                        						
							Cu.M","0                        						
							km","$                        							11,000,000,000","801,000",13,"783,773","3,500","27,763","0                        						
							Cu.M",0,,0,0,0,0,0,"22,000                        						
							bbl","0                        						
							bbl","332,000,000                        						
							Cu.M","0                        						
							Cu.M","0                        						
							bbl","$                        							42,444,000,000","699                        						
							km","$                        							5,015,000,000","14,182                        						
							km","2,135,622","0                        						
							km"
141,Montenegro,0,0,11,11,0,0,471,0,"680                        						
							km","1,517,000                        						
							mt","1,734,000                        						
							Cu.M","294                        						
							km","$                        							2,958,500,000","286,000",5,"85,179","5,500","3,599","0                        						
							Cu.M",0,,0,0,0,14,0,"8,000                        						
							bbl","0                        						
							bbl","337,000,000                        						
							Cu.M","0                        						
							Cu.M","0                        						
							bbl","$                        							17,115,000,000","250                        						
							km","$                        							1,574,000,000","7,762                        						
							km","599,849","0                        						
							km"
142,Bhutan,0,0,2,2,0,0,84,0,"1,136                        						
							km","325,000                        						
							mt","177,000                        						
							Cu.M","0                        						
							km","$                        							2,757,000,000","430,000",4,"122,067",0,"4,423","0                        						
							Cu.M",0,,0,0,0,0,0,"3,000                        						
							bbl","0                        						
							bbl","0                        						
							Cu.M","0                        						
							Cu.M","0                        						
							bbl","$                        							10,981,000,000","0                        						
							km","$                        							976,260,000","12,205                        						
							km","884,546","0                        						
							km"
143,Kosovo,"5,000",0,0,0,0,0,737,0,"714                        						
							km","8,927,000                        						
							mt","9,074,000                        						
							Cu.M","0                        						
							km","$                        							2,750,000,000","500,300",4,"743,387",500,"17,794","0                        						
							Cu.M",0,,0,0,0,0,0,"15,000                        						
							bbl","0                        						
							bbl","1,564,000,000                        						
							Cu.M","0                        						
							Cu.M","0                        						
							bbl","$                        							23,794,000,000","437                        						
							km","$                        							1,245,000,000","2,012                        						
							km","1,977,093","0                        						
							km"
144,Beliz,850,0,1,3,0,1,130,0,"542                        						
							km","0                        						
							mt","0                        						
							Cu.M","386                        						
							km","$                        							1,248,000,000","190,000",27,"90,226",0,"8,732","0                        						
							Cu.M",0,,0,0,0,8,0,"5,000                        						
							bbl","800                        						
							bbl","0                        						
							Cu.M","0                        						
							Cu.M","6,700,000                        						
							bbl","$                        							5,257,000,000","0                        						
							km","$                        							473,729,000","3,281                        						
							km","415,789","825                        						
							km"
145,Iceland,0,0,0,0,0,0,150,0,"0                        						
							km","188,000                        						
							mt","0                        						
							Cu.M","4,970                        						
							km","$                        							22,000,000,000","239,000",83,"50,237",0,"1,820","0                        						
							Cu.M",0,,0,0,0,0,0,"18,000                        						
							bbl","0                        						
							bbl","0                        						
							Cu.M","0                        						
							Cu.M","0                        						
							bbl","$                        							26,155,000,000","0                        						
							km","$                        							5,809,000,000","12,898                        						
							km","364,036","0                        						
							km"
