country_name,metric,value
China,total-population-by-country,"1,415,043,270"
India,total-population-by-country,"1,409,128,296"
United States,total-population-by-country,"341,963,408"
Indonesia,total-population-by-country,"281,562,465"
Pakistan,total-population-by-country,"252,363,571"
Nigeria,total-population-by-country,"236,747,130"
Brazil,total-population-by-country,"220,051,512"
Bangladesh,total-population-by-country,"168,697,184"
Russia,total-population-by-country,"140,820,810"
Mexico,total-population-by-country,"130,739,927"
Japan,total-population-by-country,"123,201,945"
Ethiopia,total-population-by-country,"118,550,298"
Philippines,total-population-by-country,"118,277,063"
Democratic Republic of the Congo,total-population-by-country,"115,403,027"
Egypt,total-population-by-country,"111,247,248"
Vietnam,total-population-by-country,"105,758,975"
Iran,total-population-by-country,"88,386,937"
Turkiye,total-population-by-country,"84,119,531"
Germany,total-population-by-country,"84,119,100"
Thailand,total-population-by-country,"69,920,998"
United Kingdom,total-population-by-country,"68,459,055"
France,total-population-by-country,"68,374,591"
Tanzania,total-population-by-country,"67,462,121"
Italy,total-population-by-country,"60,964,931"
South Africa,total-population-by-country,"60,442,647"
Kenya,total-population-by-country,"58,246,378"
Myanmar,total-population-by-country,"57,527,139"
South Korea,total-population-by-country,"52,081,799"
Sudan,total-population-by-country,"50,467,278"
Colombia,total-population-by-country,"49,588,357"
Uganda,total-population-by-country,"49,283,041"
Spain,total-population-by-country,"47,280,433"
Algeria,total-population-by-country,"47,022,473"
Argentina,total-population-by-country,"46,994,384"
Iraq,total-population-by-country,"42,083,436"
Afghanistan,total-population-by-country,"40,121,552"
Canada,total-population-by-country,"38,794,813"
Poland,total-population-by-country,"38,746,310"
Morocco,total-population-by-country,"37,387,585"
Angola,total-population-by-country,"37,202,061"
Saudi Arabia,total-population-by-country,"36,544,431"
Uzbekistan,total-population-by-country,"36,520,593"
Ukraine,total-population-by-country,"35,661,826"
Ghana,total-population-by-country,"34,589,092"
Malaysia,total-population-by-country,"34,564,810"
Mozambique,total-population-by-country,"33,350,954"
Peru,total-population-by-country,"32,600,249"
Yemen,total-population-by-country,"32,140,443"
Venezuela,total-population-by-country,"31,250,306"
Nepal,total-population-by-country,"31,122,387"
Cameroon,total-population-by-country,"30,966,105"
Ivory Coast,total-population-by-country,"29,981,758"
Madagascar,total-population-by-country,"29,452,714"
Australia,total-population-by-country,"26,768,598"
Niger,total-population-by-country,"26,342,784"
North Korea,total-population-by-country,"26,298,666"
Syria,total-population-by-country,"23,865,423"
Taiwan,total-population-by-country,"23,595,274"
Burkina Faso,total-population-by-country,"23,042,199"
Mali,total-population-by-country,"21,990,607"
Sri Lanka,total-population-by-country,"21,982,608"
Zambia,total-population-by-country,"20,799,116"
Kazakhstan,total-population-by-country,"20,260,006"
Chad,total-population-by-country,"19,093,595"
Senegal,total-population-by-country,"18,847,519"
Chile,total-population-by-country,"18,664,652"
Ecuador,total-population-by-country,"18,309,984"
Guatemala,total-population-by-country,"18,255,216"
Romania,total-population-by-country,"18,148,155"
Netherlands,total-population-by-country,"17,772,378"
Zimbabwe,total-population-by-country,"17,150,352"
Cambodia,total-population-by-country,"17,063,669"
Benin,total-population-by-country,"14,697,052"
Somalia,total-population-by-country,"13,017,273"
South Sudan,total-population-by-country,"12,703,714"
Bolivia,total-population-by-country,"12,311,974"
Tunisia,total-population-by-country,"12,048,847"
Belgium,total-population-by-country,"11,977,634"
Jordan,total-population-by-country,"11,174,024"
Cuba,total-population-by-country,"10,966,038"
Czechia,total-population-by-country,"10,837,890"
Dominican Republic,total-population-by-country,"10,815,857"
Azerbaijan,total-population-by-country,"10,650,239"
Portugal,total-population-by-country,"10,639,726"
Sweden,total-population-by-country,"10,589,835"
Greece,total-population-by-country,"10,461,091"
Tajikistan,total-population-by-country,"10,394,063"
United Arab Emirates,total-population-by-country,"10,032,213"
Hungary,total-population-by-country,"9,855,745"
Honduras,total-population-by-country,"9,529,188"
Belarus,total-population-by-country,"9,501,451"
Israel,total-population-by-country,"9,402,617"
Sierra Leone,total-population-by-country,"9,121,049"
Austria,total-population-by-country,"8,967,982"
Switzerland,total-population-by-country,"8,860,574"
Laos,total-population-by-country,"7,953,556"
Paraguay,total-population-by-country,"7,522,549"
Libya,total-population-by-country,"7,361,263"
Bulgaria,total-population-by-country,"6,782,659"
Nicaragua,total-population-by-country,"6,676,948"
Serbia,total-population-by-country,"6,652,212"
El Salvador,total-population-by-country,"6,628,702"
Eritrea,total-population-by-country,"6,343,956"
Kyrgyzstan,total-population-by-country,"6,172,101"
Republic of the Congo,total-population-by-country,"6,097,665"
Singapore,total-population-by-country,"6,028,459"
Denmark,total-population-by-country,"5,973,136"
Turkmenistan,total-population-by-country,"5,744,151"
Central African Republic,total-population-by-country,"5,650,957"
Finland,total-population-by-country,"5,626,414"
Slovakia,total-population-by-country,"5,563,649"
Norway,total-population-by-country,"5,509,733"
Liberia,total-population-by-country,"5,437,249"
Lebanon,total-population-by-country,"5,364,482"
Ireland,total-population-by-country,"5,233,461"
New Zealand,total-population-by-country,"5,161,211"
Georgia,total-population-by-country,"4,900,961"
Panama,total-population-by-country,"4,470,241"
Mauritania,total-population-by-country,"4,328,040"
Croatia,total-population-by-country,"4,150,116"
Oman,total-population-by-country,"3,901,992"
Bosnia and Herzegovina,total-population-by-country,"3,798,671"
Moldova,total-population-by-country,"3,599,528"
Uruguay,total-population-by-country,"3,425,330"
Mongolia,total-population-by-country,"3,281,676"
Kuwait,total-population-by-country,"3,138,355"
Albania,total-population-by-country,"3,107,100"
Armenia,total-population-by-country,"2,976,765"
Namibia,total-population-by-country,"2,803,660"
Lithuania,total-population-by-country,"2,628,186"
Qatar,total-population-by-country,"2,552,088"
Gabon,total-population-by-country,"2,455,105"
Botswana,total-population-by-country,"2,450,668"
North Macedonia,total-population-by-country,"2,135,622"
Slovenia,total-population-by-country,"2,097,893"
Kosovo,total-population-by-country,"1,977,093"
Latvia,total-population-by-country,"1,801,246"
Bahrain,total-population-by-country,"1,566,888"
Estonia,total-population-by-country,"1,193,791"
Bhutan,total-population-by-country,"884,546"
Luxembourg,total-population-by-country,"671,254"
Suriname,total-population-by-country,"646,758"
Montenegro,total-population-by-country,"599,849"
Beliz,total-population-by-country,"415,789"
Iceland,total-population-by-country,"364,036"
China,manpower-fit-for-military-service,"626,864,169"
India,manpower-fit-for-military-service,"522,786,598"
United States,manpower-fit-for-military-service,"124,816,644"
Indonesia,manpower-fit-for-military-service,"114,595,923"
Nigeria,manpower-fit-for-military-service,"90,437,404"
Brazil,manpower-fit-for-military-service,"88,680,759"
Pakistan,manpower-fit-for-military-service,"85,803,614"
Bangladesh,manpower-fit-for-military-service,"66,129,296"
Mexico,manpower-fit-for-military-service,"49,811,912"
Russia,manpower-fit-for-military-service,"46,189,226"
Vietnam,manpower-fit-for-military-service,"45,053,323"
Japan,manpower-fit-for-military-service,"42,874,277"
Philippines,manpower-fit-for-military-service,"41,751,803"
Iran,manpower-fit-for-military-service,"41,541,860"
Egypt,manpower-fit-for-military-service,"38,269,053"
Turkiye,manpower-fit-for-military-service,"36,087,279"
Ethiopia,manpower-fit-for-military-service,"35,327,989"
Democratic Republic of the Congo,manpower-fit-for-military-service,"31,389,623"
Germany,manpower-fit-for-military-service,"30,955,829"
Thailand,manpower-fit-for-military-service,"27,968,399"
United Kingdom,manpower-fit-for-military-service,"25,192,932"
France,manpower-fit-for-military-service,"23,794,358"
Italy,manpower-fit-for-military-service,"22,191,235"
Myanmar,manpower-fit-for-military-service,"21,975,367"
South Korea,manpower-fit-for-military-service,"21,353,538"
Colombia,manpower-fit-for-military-service,"19,190,694"
Algeria,manpower-fit-for-military-service,"19,185,169"
Spain,manpower-fit-for-military-service,"17,635,602"
Argentina,manpower-fit-for-military-service,"17,575,900"
Saudi Arabia,manpower-fit-for-military-service,"17,468,238"
Sudan,manpower-fit-for-military-service,"17,108,407"
Uzbekistan,manpower-fit-for-military-service,"15,959,499"
Poland,manpower-fit-for-military-service,"15,576,017"
Morocco,manpower-fit-for-military-service,"15,254,135"
South Africa,manpower-fit-for-military-service,"14,989,776"
Iraq,manpower-fit-for-military-service,"14,308,368"
Kenya,manpower-fit-for-military-service,"14,037,377"
Canada,manpower-fit-for-military-service,"13,500,595"
Malaysia,manpower-fit-for-military-service,"13,480,276"
Syria,manpower-fit-for-military-service,"13,245,310"
Venezuela,manpower-fit-for-military-service,"12,812,625"
Ukraine,manpower-fit-for-military-service,"12,731,272"
Peru,manpower-fit-for-military-service,"12,681,497"
Nepal,manpower-fit-for-military-service,"11,733,140"
Ghana,manpower-fit-for-military-service,"9,961,658"
Uganda,manpower-fit-for-military-service,"9,905,891"
Australia,manpower-fit-for-military-service,"9,208,398"
Yemen,manpower-fit-for-military-service,"9,031,464"
Afghanistan,manpower-fit-for-military-service,"8,826,741"
Sri Lanka,manpower-fit-for-military-service,"8,551,235"
Madagascar,manpower-fit-for-military-service,"7,952,233"
Ivory Coast,manpower-fit-for-military-service,"7,855,221"
Mozambique,manpower-fit-for-military-service,"7,770,772"
Romania,manpower-fit-for-military-service,"7,731,114"
Chile,manpower-fit-for-military-service,"7,521,855"
Kazakhstan,manpower-fit-for-military-service,"6,928,922"
Ecuador,manpower-fit-for-military-service,"6,738,074"
Tanzania,manpower-fit-for-military-service,"6,678,750"
Netherlands,manpower-fit-for-military-service,"6,486,918"
Guatemala,manpower-fit-for-military-service,"6,279,794"
Cameroon,manpower-fit-for-military-service,"6,224,187"
Burkina Faso,manpower-fit-for-military-service,"6,060,098"
Cambodia,manpower-fit-for-military-service,"5,733,393"
North Korea,manpower-fit-for-military-service,"5,312,331"
Niger,manpower-fit-for-military-service,"5,294,900"
Tunisia,manpower-fit-for-military-service,"5,181,004"
United Arab Emirates,manpower-fit-for-military-service,"4,945,881"
Cuba,manpower-fit-for-military-service,"4,737,328"
Mali,manpower-fit-for-military-service,"4,288,168"
Zambia,manpower-fit-for-military-service,"4,139,024"
Czechia,manpower-fit-for-military-service,"4,129,236"
Bolivia,manpower-fit-for-military-service,"4,112,199"
Portugal,manpower-fit-for-military-service,"4,096,295"
Senegal,manpower-fit-for-military-service,"4,089,912"
South Sudan,manpower-fit-for-military-service,"4,065,188"
Dominican Republic,manpower-fit-for-military-service,"4,034,315"
Greece,manpower-fit-for-military-service,"3,985,676"
Azerbaijan,manpower-fit-for-military-service,"3,908,638"
Belgium,manpower-fit-for-military-service,"3,880,753"
Chad,manpower-fit-for-military-service,"3,856,906"
Hungary,manpower-fit-for-military-service,"3,794,462"
Tajikistan,manpower-fit-for-military-service,"3,773,045"
Belarus,manpower-fit-for-military-service,"3,724,569"
Zimbabwe,manpower-fit-for-military-service,"3,721,626"
Angola,manpower-fit-for-military-service,"3,720,206"
Austria,manpower-fit-for-military-service,"3,632,033"
Sweden,manpower-fit-for-military-service,"3,558,185"
Libya,manpower-fit-for-military-service,"3,290,485"
Israel,manpower-fit-for-military-service,"3,281,513"
Benin,manpower-fit-for-military-service,"3,189,260"
Switzerland,manpower-fit-for-military-service,"3,163,225"
Honduras,manpower-fit-for-military-service,"3,144,632"
Paraguay,manpower-fit-for-military-service,"3,001,497"
Jordan,manpower-fit-for-military-service,"2,983,464"
Nicaragua,manpower-fit-for-military-service,"2,777,610"
Singapore,manpower-fit-for-military-service,"2,628,408"
Bulgaria,manpower-fit-for-military-service,"2,611,324"
Serbia,manpower-fit-for-military-service,"2,574,406"
Laos,manpower-fit-for-military-service,"2,521,277"
El Salvador,manpower-fit-for-military-service,"2,512,278"
Kyrgyzstan,manpower-fit-for-military-service,"2,487,357"
Slovakia,manpower-fit-for-military-service,"2,353,424"
Turkmenistan,manpower-fit-for-military-service,"2,245,963"
Georgia,manpower-fit-for-military-service,"2,225,036"
Denmark,manpower-fit-for-military-service,"2,126,436"
Ireland,manpower-fit-for-military-service,"1,999,182"
Bosnia and Herzegovina,manpower-fit-for-military-service,"1,956,316"
Liberia,manpower-fit-for-military-service,"1,913,912"
Finland,manpower-fit-for-military-service,"1,912,981"
Norway,manpower-fit-for-military-service,"1,807,192"
Somalia,manpower-fit-for-military-service,"1,796,384"
Moldova,manpower-fit-for-military-service,"1,792,565"
Lebanon,manpower-fit-for-military-service,"1,775,644"
New Zealand,manpower-fit-for-military-service,"1,775,457"
Eritrea,manpower-fit-for-military-service,"1,598,677"
Croatia,manpower-fit-for-military-service,"1,564,594"
Mongolia,manpower-fit-for-military-service,"1,552,233"
Kuwait,manpower-fit-for-military-service,"1,449,920"
Armenia,manpower-fit-for-military-service,"1,366,335"
Republic of the Congo,manpower-fit-for-military-service,"1,353,682"
Lithuania,manpower-fit-for-military-service,"1,332,490"
Uruguay,manpower-fit-for-military-service,"1,322,177"
Albania,manpower-fit-for-military-service,"1,292,554"
Oman,manpower-fit-for-military-service,"1,291,559"
Central African Republic,manpower-fit-for-military-service,"1,254,512"
Panama,manpower-fit-for-military-service,"1,206,965"
Sierra Leone,manpower-fit-for-military-service,"1,203,978"
Mauritania,manpower-fit-for-military-service,"1,181,555"
Taiwan,manpower-fit-for-military-service,"1,061,787"
Slovenia,manpower-fit-for-military-service,"826,570"
North Macedonia,manpower-fit-for-military-service,"783,773"
Kosovo,manpower-fit-for-military-service,"743,387"
Bahrain,manpower-fit-for-military-service,"720,768"
Latvia,manpower-fit-for-military-service,"648,449"
Botswana,manpower-fit-for-military-service,"617,568"
Gabon,manpower-fit-for-military-service,"532,758"
Qatar,manpower-fit-for-military-service,"490,001"
Estonia,manpower-fit-for-military-service,"456,028"
Namibia,manpower-fit-for-military-service,"400,923"
Bhutan,manpower-fit-for-military-service,"122,067"
Luxembourg,manpower-fit-for-military-service,"92,633"
Beliz,manpower-fit-for-military-service,"90,226"
Montenegro,manpower-fit-for-military-service,"85,179"
Suriname,manpower-fit-for-military-service,"84,079"
Iceland,manpower-fit-for-military-service,"50,237"
India,manpower-reaching-military-age-annually,"23,955,181"
China,manpower-reaching-military-age-annually,"19,810,606"
Pakistan,manpower-reaching-military-age-annually,"4,794,908"
Indonesia,manpower-reaching-military-age-annually,"4,786,562"
United States,manpower-reaching-military-age-annually,"4,445,524"
Nigeria,manpower-reaching-military-age-annually,"4,261,448"
Brazil,manpower-reaching-military-age-annually,"3,520,824"
Bangladesh,manpower-reaching-military-age-annually,"3,205,246"
Ethiopia,manpower-reaching-military-age-annually,"2,726,657"
Democratic Republic of the Congo,manpower-reaching-military-age-annually,"2,538,867"
Mexico,manpower-reaching-military-age-annually,"2,222,579"
Philippines,manpower-reaching-military-age-annually,"2,128,987"
Vietnam,manpower-reaching-military-age-annually,"1,797,903"
Egypt,manpower-reaching-military-age-annually,"1,668,709"
Turkiye,manpower-reaching-military-age-annually,"1,430,032"
Iran,manpower-reaching-military-age-annually,"1,414,191"
Sudan,manpower-reaching-military-age-annually,"1,312,149"
Russia,manpower-reaching-military-age-annually,"1,267,387"
Thailand,manpower-reaching-military-age-annually,"1,118,736"
Japan,manpower-reaching-military-age-annually,"1,108,818"
Myanmar,manpower-reaching-military-age-annually,"1,035,489"
South Africa,manpower-reaching-military-age-annually,"1,027,525"
Uganda,manpower-reaching-military-age-annually,"985,661"
Kenya,manpower-reaching-military-age-annually,"931,942"
Colombia,manpower-reaching-military-age-annually,"843,002"
Afghanistan,manpower-reaching-military-age-annually,"842,553"
Germany,manpower-reaching-military-age-annually,"841,191"
Nepal,manpower-reaching-military-age-annually,"778,060"
United Kingdom,manpower-reaching-military-age-annually,"753,050"
Algeria,manpower-reaching-military-age-annually,"752,360"
France,manpower-reaching-military-age-annually,"752,121"
Uzbekistan,manpower-reaching-military-age-annually,"730,412"
Iraq,manpower-reaching-military-age-annually,"715,418"
Argentina,manpower-reaching-military-age-annually,"704,916"
Syria,manpower-reaching-military-age-annually,"668,232"
Morocco,manpower-reaching-military-age-annually,"635,589"
Venezuela,manpower-reaching-military-age-annually,"625,006"
Ghana,manpower-reaching-military-age-annually,"622,604"
Saudi Arabia,manpower-reaching-military-age-annually,"621,255"
Peru,manpower-reaching-military-age-annually,"619,405"
Yemen,manpower-reaching-military-age-annually,"610,668"
Tanzania,manpower-reaching-military-age-annually,"607,159"
Ivory Coast,manpower-reaching-military-age-annually,"569,653"
Madagascar,manpower-reaching-military-age-annually,"559,602"
Malaysia,manpower-reaching-military-age-annually,"553,037"
Italy,manpower-reaching-military-age-annually,"548,684"
Mozambique,manpower-reaching-military-age-annually,"533,615"
Cameroon,manpower-reaching-military-age-annually,"495,458"
Poland,manpower-reaching-military-age-annually,"464,956"
Niger,manpower-reaching-military-age-annually,"447,827"
Canada,manpower-reaching-military-age-annually,"426,743"
North Korea,manpower-reaching-military-age-annually,"420,779"
South Korea,manpower-reaching-military-age-annually,"416,654"
Senegal,manpower-reaching-military-age-annually,"395,798"
Ukraine,manpower-reaching-military-age-annually,"392,280"
Chad,manpower-reaching-military-age-annually,"381,872"
Zambia,manpower-reaching-military-age-annually,"374,384"
Angola,manpower-reaching-military-age-annually,"372,021"
Burkina Faso,manpower-reaching-military-age-annually,"368,675"
Zimbabwe,manpower-reaching-military-age-annually,"360,157"
Mali,manpower-reaching-military-age-annually,"351,850"
Spain,manpower-reaching-military-age-annually,"330,963"
South Sudan,manpower-reaching-military-age-annually,"330,297"
Ecuador,manpower-reaching-military-age-annually,"329,580"
Benin,manpower-reaching-military-age-annually,"308,638"
Sri Lanka,manpower-reaching-military-age-annually,"307,757"
Cambodia,manpower-reaching-military-age-annually,"307,146"
Taiwan,manpower-reaching-military-age-annually,"306,739"
Chile,manpower-reaching-military-age-annually,"298,634"
Australia,manpower-reaching-military-age-annually,"294,455"
Kazakhstan,manpower-reaching-military-age-annually,"283,640"
Bolivia,manpower-reaching-military-age-annually,"233,928"
Tunisia,manpower-reaching-military-age-annually,"204,830"
Romania,manpower-reaching-military-age-annually,"199,630"
Netherlands,manpower-reaching-military-age-annually,"195,496"
Guatemala,manpower-reaching-military-age-annually,"182,552"
Tajikistan,manpower-reaching-military-age-annually,"176,699"
Azerbaijan,manpower-reaching-military-age-annually,"159,754"
Laos,manpower-reaching-military-age-annually,"159,071"
Paraguay,manpower-reaching-military-age-annually,"150,451"
Nicaragua,manpower-reaching-military-age-annually,"146,893"
El Salvador,manpower-reaching-military-age-annually,"145,831"
Jordan,manpower-reaching-military-age-annually,"145,262"
Cuba,manpower-reaching-military-age-annually,"142,558"
Israel,manpower-reaching-military-age-annually,"131,637"
Somalia,manpower-reaching-military-age-annually,"130,173"
Portugal,manpower-reaching-military-age-annually,"127,677"
Libya,manpower-reaching-military-age-annually,"125,141"
Belgium,manpower-reaching-military-age-annually,"119,776"
Hungary,manpower-reaching-military-age-annually,"118,269"
Kyrgyzstan,manpower-reaching-military-age-annually,"117,270"
Republic of the Congo,manpower-reaching-military-age-annually,"115,856"
Turkmenistan,manpower-reaching-military-age-annually,"109,139"
Sweden,manpower-reaching-military-age-annually,"105,898"
Greece,manpower-reaching-military-age-annually,"104,611"
Belarus,manpower-reaching-military-age-annually,"104,516"
Central African Republic,manpower-reaching-military-age-annually,"101,717"
Austria,manpower-reaching-military-age-annually,"98,648"
Czechia,manpower-reaching-military-age-annually,"97,541"
Switzerland,manpower-reaching-military-age-annually,"97,466"
Dominican Republic,manpower-reaching-military-age-annually,"97,343"
Honduras,manpower-reaching-military-age-annually,"95,292"
Georgia,manpower-reaching-military-age-annually,"93,118"
Mauritania,manpower-reaching-military-age-annually,"82,233"
United Arab Emirates,manpower-reaching-military-age-annually,"80,258"
Serbia,manpower-reaching-military-age-annually,"79,827"
Denmark,manpower-reaching-military-age-annually,"77,651"
Eritrea,manpower-reaching-military-age-annually,"76,127"
Moldova,manpower-reaching-military-age-annually,"71,991"
Norway,manpower-reaching-military-age-annually,"71,627"
Lebanon,manpower-reaching-military-age-annually,"69,738"
Singapore,manpower-reaching-military-age-annually,"66,313"
Liberia,manpower-reaching-military-age-annually,"65,247"
Mongolia,manpower-reaching-military-age-annually,"62,352"
Albania,manpower-reaching-military-age-annually,"62,142"
New Zealand,manpower-reaching-military-age-annually,"61,935"
Slovakia,manpower-reaching-military-age-annually,"61,200"
Bulgaria,manpower-reaching-military-age-annually,"61,044"
Ireland,manpower-reaching-military-age-annually,"57,568"
Finland,manpower-reaching-military-age-annually,"56,264"
Uruguay,manpower-reaching-military-age-annually,"54,805"
Croatia,manpower-reaching-military-age-annually,"53,952"
Panama,manpower-reaching-military-age-annually,"53,643"
Oman,manpower-reaching-military-age-annually,"50,726"
Bosnia and Herzegovina,manpower-reaching-military-age-annually,"49,383"
Gabon,manpower-reaching-military-age-annually,"46,647"
Sierra Leone,manpower-reaching-military-age-annually,"45,605"
Armenia,manpower-reaching-military-age-annually,"44,651"
Kuwait,manpower-reaching-military-age-annually,"37,660"
Lithuania,manpower-reaching-military-age-annually,"36,795"
Namibia,manpower-reaching-military-age-annually,"30,840"
North Macedonia,manpower-reaching-military-age-annually,"27,763"
Botswana,manpower-reaching-military-age-annually,"24,507"
Slovenia,manpower-reaching-military-age-annually,"22,867"
Kosovo,manpower-reaching-military-age-annually,"17,794"
Bahrain,manpower-reaching-military-age-annually,"17,236"
Latvia,manpower-reaching-military-age-annually,"16,211"
Estonia,manpower-reaching-military-age-annually,"13,132"
Qatar,manpower-reaching-military-age-annually,"12,760"
Beliz,manpower-reaching-military-age-annually,"8,732"
Bhutan,manpower-reaching-military-age-annually,"4,423"
Montenegro,manpower-reaching-military-age-annually,"3,599"
Luxembourg,manpower-reaching-military-age-annually,"3,356"
Suriname,manpower-reaching-military-age-annually,"3,234"
Iceland,manpower-reaching-military-age-annually,"1,820"
Vietnam,active-reserve-military-manpower,"5,000,000"
South Korea,active-reserve-military-manpower,"3,100,000"
Taiwan,active-reserve-military-manpower,"2,310,000"
Russia,active-reserve-military-manpower,"2,000,000"
Philippines,active-reserve-military-manpower,"1,200,000"
Ukraine,active-reserve-military-manpower,"1,200,000"
India,active-reserve-military-manpower,"1,155,000"
United Kingdom,active-reserve-military-manpower,"924,000"
Finland,active-reserve-military-manpower,"870,000"
United States,active-reserve-military-manpower,"799,500"
Tajikistan,active-reserve-military-manpower,"600,000"
North Korea,active-reserve-military-manpower,"560,000"
Pakistan,active-reserve-military-manpower,"550,000"
China,active-reserve-military-manpower,"510,000"
Egypt,active-reserve-military-manpower,"480,000"
Israel,active-reserve-military-manpower,"465,000"
Indonesia,active-reserve-military-manpower,"400,000"
Peru,active-reserve-military-manpower,"385,000"
Turkiye,active-reserve-military-manpower,"378,700"
Iran,active-reserve-military-manpower,"350,000"
Poland,active-reserve-military-manpower,"350,000"
Brazil,active-reserve-military-manpower,"340,000"
Azerbaijan,active-reserve-military-manpower,"300,000"
Kyrgyzstan,active-reserve-military-manpower,"300,000"
Singapore,active-reserve-military-manpower,"252,500"
Greece,active-reserve-military-manpower,"221,350"
Portugal,active-reserve-military-manpower,"211,700"
Armenia,active-reserve-military-manpower,"210,000"
Thailand,active-reserve-military-manpower,"200,000"
Paraguay,active-reserve-military-manpower,"168,500"
Georgia,active-reserve-military-manpower,"152,500"
Morocco,active-reserve-military-manpower,"150,000"
Belarus,active-reserve-military-manpower,"145,000"
Algeria,active-reserve-military-manpower,"135,000"
Kazakhstan,active-reserve-military-manpower,"135,000"
Mongolia,active-reserve-military-manpower,"135,000"
Eritrea,active-reserve-military-manpower,"130,000"
United Arab Emirates,active-reserve-military-manpower,"130,000"
Austria,active-reserve-military-manpower,"125,600"
Ecuador,active-reserve-military-manpower,"118,000"
Bahrain,active-reserve-military-manpower,"110,000"
Lithuania,active-reserve-military-manpower,"104,000"
Oman,active-reserve-military-manpower,"100,000"
Mexico,active-reserve-military-manpower,"98,655"
Guatemala,active-reserve-military-manpower,"90,000"
Sri Lanka,active-reserve-military-manpower,"90,000"
Sudan,active-reserve-military-manpower,"85,000"
Tanzania,active-reserve-military-manpower,"80,000"
Estonia,active-reserve-military-manpower,"78,800"
Moldova,active-reserve-military-manpower,"67,000"
Mauritania,active-reserve-military-manpower,"66,000"
Jordan,active-reserve-military-manpower,"65,000"
Honduras,active-reserve-military-manpower,"60,000"
North Macedonia,active-reserve-military-manpower,"60,000"
Japan,active-reserve-military-manpower,"56,000"
Romania,active-reserve-military-manpower,"55,000"
Malaysia,active-reserve-military-manpower,"51,600"
Syria,active-reserve-military-manpower,"50,000"
Switzerland,active-reserve-military-manpower,"49,715"
Bolivia,active-reserve-military-manpower,"40,000"
Chile,active-reserve-military-manpower,"40,000"
Cuba,active-reserve-military-manpower,"40,000"
Latvia,active-reserve-military-manpower,"36,000"
Colombia,active-reserve-military-manpower,"35,000"
Lebanon,active-reserve-military-manpower,"35,000"
Germany,active-reserve-military-manpower,"34,000"
Sweden,active-reserve-military-manpower,"32,900"
Australia,active-reserve-military-manpower,"32,050"
Democratic Republic of the Congo,active-reserve-military-manpower,"31,000"
Laos,active-reserve-military-manpower,"30,000"
South Africa,active-reserve-military-manpower,"29,350"
Canada,active-reserve-military-manpower,"27,000"
France,active-reserve-military-manpower,"26,000"
Slovenia,active-reserve-military-manpower,"26,000"
Kuwait,active-reserve-military-manpower,"24,000"
Croatia,active-reserve-military-manpower,"20,100"
Hungary,active-reserve-military-manpower,"20,000"
Myanmar,active-reserve-military-manpower,"20,000"
Italy,active-reserve-military-manpower,"18,500"
Spain,active-reserve-military-manpower,"15,150"
Qatar,active-reserve-military-manpower,"15,000"
Denmark,active-reserve-military-manpower,"12,000"
El Salvador,active-reserve-military-manpower,"10,000"
Venezuela,active-reserve-military-manpower,"8,000"
Netherlands,active-reserve-military-manpower,"6,765"
Belgium,active-reserve-military-manpower,"6,400"
Bosnia and Herzegovina,active-reserve-military-manpower,"6,000"
Kosovo,active-reserve-military-manpower,"5,000"
Czechia,active-reserve-military-manpower,"4,200"
New Zealand,active-reserve-military-manpower,"3,250"
Bulgaria,active-reserve-military-manpower,"3,000"
Albania,active-reserve-military-manpower,"2,000"
Serbia,active-reserve-military-manpower,"2,000"
Ireland,active-reserve-military-manpower,"1,700"
Beliz,active-reserve-military-manpower,850
Afghanistan,active-reserve-military-manpower,0
Angola,active-reserve-military-manpower,0
Argentina,active-reserve-military-manpower,0
Bangladesh,active-reserve-military-manpower,0
Benin,active-reserve-military-manpower,0
Bhutan,active-reserve-military-manpower,0
Botswana,active-reserve-military-manpower,0
Burkina Faso,active-reserve-military-manpower,0
Cambodia,active-reserve-military-manpower,0
Cameroon,active-reserve-military-manpower,0
Central African Republic,active-reserve-military-manpower,0
Chad,active-reserve-military-manpower,0
Dominican Republic,active-reserve-military-manpower,0
Ethiopia,active-reserve-military-manpower,0
Gabon,active-reserve-military-manpower,0
Ghana,active-reserve-military-manpower,0
Iceland,active-reserve-military-manpower,0
Iraq,active-reserve-military-manpower,0
Ivory Coast,active-reserve-military-manpower,0
Kenya,active-reserve-military-manpower,0
Liberia,active-reserve-military-manpower,0
Libya,active-reserve-military-manpower,0
Luxembourg,active-reserve-military-manpower,0
Madagascar,active-reserve-military-manpower,0
Mali,active-reserve-military-manpower,0
Montenegro,active-reserve-military-manpower,0
Mozambique,active-reserve-military-manpower,0
Namibia,active-reserve-military-manpower,0
Nepal,active-reserve-military-manpower,0
Nicaragua,active-reserve-military-manpower,0
Niger,active-reserve-military-manpower,0
Nigeria,active-reserve-military-manpower,0
Norway,active-reserve-military-manpower,0
Panama,active-reserve-military-manpower,0
Republic of the Congo,active-reserve-military-manpower,0
Saudi Arabia,active-reserve-military-manpower,0
Senegal,active-reserve-military-manpower,0
Sierra Leone,active-reserve-military-manpower,0
Slovakia,active-reserve-military-manpower,0
Somalia,active-reserve-military-manpower,0
South Sudan,active-reserve-military-manpower,0
Suriname,active-reserve-military-manpower,0
Tunisia,active-reserve-military-manpower,0
Turkmenistan,active-reserve-military-manpower,0
Uganda,active-reserve-military-manpower,0
Uruguay,active-reserve-military-manpower,0
Uzbekistan,active-reserve-military-manpower,0
Yemen,active-reserve-military-manpower,0
Zambia,active-reserve-military-manpower,0
Zimbabwe,active-reserve-military-manpower,0
Bangladesh,manpower-paramilitary,"6,800,000"
India,manpower-paramilitary,"2,527,000"
Cuba,manpower-paramilitary,"1,145,000"
China,manpower-paramilitary,"625,000"
Serbia,manpower-paramilitary,"600,000"
Pakistan,manpower-paramilitary,"500,000"
Egypt,manpower-paramilitary,"300,000"
Indonesia,manpower-paramilitary,"250,000"
Russia,manpower-paramilitary,"250,000"
Vietnam,manpower-paramilitary,"250,000"
Iran,manpower-paramilitary,"220,000"
Venezuela,manpower-paramilitary,"220,000"
Brazil,manpower-paramilitary,"200,000"
Algeria,manpower-paramilitary,"150,000"
Colombia,manpower-paramilitary,"150,000"
France,manpower-paramilitary,"150,000"
Saudi Arabia,manpower-paramilitary,"150,000"
Turkiye,manpower-paramilitary,"150,000"
Laos,manpower-paramilitary,"120,000"
Mexico,manpower-paramilitary,"120,000"
South Korea,manpower-paramilitary,"120,000"
Italy,manpower-paramilitary,"105,000"
Iraq,manpower-paramilitary,"100,000"
Libya,manpower-paramilitary,"100,000"
Malaysia,manpower-paramilitary,"100,000"
North Korea,manpower-paramilitary,"100,000"
Ukraine,manpower-paramilitary,"100,000"
Afghanistan,manpower-paramilitary,"80,000"
Panama,manpower-paramilitary,"80,000"
Spain,manpower-paramilitary,"78,470"
Lebanon,manpower-paramilitary,"65,000"
Peru,manpower-paramilitary,"60,000"
Belarus,manpower-paramilitary,"55,000"
Greece,manpower-paramilitary,"55,000"
Kazakhstan,manpower-paramilitary,"55,000"
Kyrgyzstan,manpower-paramilitary,"55,000"
Myanmar,manpower-paramilitary,"55,000"
Taiwan,manpower-paramilitary,"55,000"
Finland,manpower-paramilitary,"53,800"
Denmark,manpower-paramilitary,"51,000"
Chile,manpower-paramilitary,"50,000"
Mongolia,manpower-paramilitary,"50,000"
Morocco,manpower-paramilitary,"50,000"
Nigeria,manpower-paramilitary,"50,000"
Poland,manpower-paramilitary,"50,000"
South Africa,manpower-paramilitary,"50,000"
Syria,manpower-paramilitary,"50,000"
Norway,manpower-paramilitary,"40,000"
Guatemala,manpower-paramilitary,"35,000"
Israel,manpower-paramilitary,"35,000"
Jordan,manpower-paramilitary,"35,000"
Philippines,manpower-paramilitary,"35,000"
Dominican Republic,manpower-paramilitary,"30,000"
Japan,manpower-paramilitary,"25,000"
Kenya,manpower-paramilitary,"25,000"
Sweden,manpower-paramilitary,"25,000"
Thailand,manpower-paramilitary,"25,000"
Portugal,manpower-paramilitary,"24,700"
Honduras,manpower-paramilitary,"23,000"
Zimbabwe,manpower-paramilitary,"21,800"
Argentina,manpower-paramilitary,"20,000"
Tajikistan,manpower-paramilitary,"20,000"
Uzbekistan,manpower-paramilitary,"20,000"
Yemen,manpower-paramilitary,"20,000"
Sudan,manpower-paramilitary,"17,500"
Azerbaijan,manpower-paramilitary,"15,000"
El Salvador,manpower-paramilitary,"15,000"
Hungary,manpower-paramilitary,"15,000"
Nepal,manpower-paramilitary,"15,000"
Paraguay,manpower-paramilitary,"15,000"
Romania,manpower-paramilitary,"15,000"
Lithuania,manpower-paramilitary,"14,150"
Cameroon,manpower-paramilitary,"12,500"
Latvia,manpower-paramilitary,"12,500"
Singapore,manpower-paramilitary,"12,000"
Tunisia,manpower-paramilitary,"12,000"
United Arab Emirates,manpower-paramilitary,"12,000"
Angola,manpower-paramilitary,"10,000"
Cambodia,manpower-paramilitary,"10,000"
Democratic Republic of the Congo,manpower-paramilitary,"10,000"
Estonia,manpower-paramilitary,"10,000"
Oman,manpower-paramilitary,"10,000"
Uganda,manpower-paramilitary,"10,000"
Madagascar,manpower-paramilitary,"8,100"
Kuwait,manpower-paramilitary,"7,500"
Tanzania,manpower-paramilitary,"6,500"
Canada,manpower-paramilitary,"5,500"
Ivory Coast,manpower-paramilitary,"5,500"
Liberia,manpower-paramilitary,"5,500"
Montenegro,manpower-paramilitary,"5,500"
Nicaragua,manpower-paramilitary,"5,500"
Qatar,manpower-paramilitary,"5,500"
Armenia,manpower-paramilitary,"5,000"
Chad,manpower-paramilitary,"5,000"
Mauritania,manpower-paramilitary,"5,000"
Namibia,manpower-paramilitary,"5,000"
Netherlands,manpower-paramilitary,"5,000"
Niger,manpower-paramilitary,"5,000"
Slovenia,manpower-paramilitary,"5,000"
Switzerland,manpower-paramilitary,"5,000"
Uruguay,manpower-paramilitary,"5,000"
Mali,manpower-paramilitary,"4,800"
Burkina Faso,manpower-paramilitary,"4,500"
North Macedonia,manpower-paramilitary,"3,500"
Turkmenistan,manpower-paramilitary,"3,500"
Mozambique,manpower-paramilitary,"3,000"
Gabon,manpower-paramilitary,"2,500"
Republic of the Congo,manpower-paramilitary,"2,500"
Croatia,manpower-paramilitary,"2,000"
Moldova,manpower-paramilitary,"2,000"
Somalia,manpower-paramilitary,"2,000"
Bahrain,manpower-paramilitary,"1,500"
Ecuador,manpower-paramilitary,"1,500"
Zambia,manpower-paramilitary,"1,200"
Central African Republic,manpower-paramilitary,"1,000"
Albania,manpower-paramilitary,500
Kosovo,manpower-paramilitary,500
New Zealand,manpower-paramilitary,300
Suriname,manpower-paramilitary,200
Australia,manpower-paramilitary,0
Austria,manpower-paramilitary,0
Belgium,manpower-paramilitary,0
Beliz,manpower-paramilitary,0
Benin,manpower-paramilitary,0
Bhutan,manpower-paramilitary,0
Bolivia,manpower-paramilitary,0
Bosnia and Herzegovina,manpower-paramilitary,0
Botswana,manpower-paramilitary,0
Bulgaria,manpower-paramilitary,0
Czechia,manpower-paramilitary,0
Eritrea,manpower-paramilitary,0
Ethiopia,manpower-paramilitary,0
Georgia,manpower-paramilitary,0
Germany,manpower-paramilitary,0
Ghana,manpower-paramilitary,0
Iceland,manpower-paramilitary,0
Ireland,manpower-paramilitary,0
Luxembourg,manpower-paramilitary,0
Senegal,manpower-paramilitary,0
Sierra Leone,manpower-paramilitary,0
Slovakia,manpower-paramilitary,0
South Sudan,manpower-paramilitary,0
Sri Lanka,manpower-paramilitary,0
United Kingdom,manpower-paramilitary,0
United States,manpower-paramilitary,0
United States,aircraft-total,"13,043"
Russia,aircraft-total,"4,292"
China,aircraft-total,"3,309"
India,aircraft-total,"2,229"
South Korea,aircraft-total,"1,592"
Japan,aircraft-total,"1,443"
Pakistan,aircraft-total,"1,399"
Egypt,aircraft-total,"1,093"
Turkiye,aircraft-total,"1,083"
France,aircraft-total,976
Saudi Arabia,aircraft-total,917
North Korea,aircraft-total,861
Taiwan,aircraft-total,761
Italy,aircraft-total,729
United Kingdom,aircraft-total,631
Israel,aircraft-total,611
Algeria,aircraft-total,608
Germany,aircraft-total,584
Greece,aircraft-total,558
Iran,aircraft-total,551
United Arab Emirates,aircraft-total,551
Brazil,aircraft-total,513
Thailand,aircraft-total,493
Poland,aircraft-total,479
Spain,aircraft-total,461
Indonesia,aircraft-total,459
Colombia,aircraft-total,436
Mexico,aircraft-total,433
Iraq,aircraft-total,391
Canada,aircraft-total,351
Australia,aircraft-total,327
Ukraine,aircraft-total,324
Myanmar,aircraft-total,317
Angola,aircraft-total,298
Chile,aircraft-total,277
Jordan,aircraft-total,274
Morocco,aircraft-total,260
Peru,aircraft-total,256
Qatar,aircraft-total,251
Vietnam,aircraft-total,246
Argentina,aircraft-total,239
Singapore,aircraft-total,230
Venezuela,aircraft-total,229
Bangladesh,aircraft-total,214
Syria,aircraft-total,207
Philippines,aircraft-total,202
Kazakhstan,aircraft-total,198
Uzbekistan,aircraft-total,192
Belarus,aircraft-total,185
South Africa,aircraft-total,182
Sweden,aircraft-total,169
Sudan,aircraft-total,165
Finland,aircraft-total,163
Nigeria,aircraft-total,163
Kenya,aircraft-total,156
Azerbaijan,aircraft-total,154
Tunisia,aircraft-total,154
Switzerland,aircraft-total,146
Libya,aircraft-total,143
Romania,aircraft-total,140
Malaysia,aircraft-total,135
Bahrain,aircraft-total,132
Kuwait,aircraft-total,128
Oman,aircraft-total,128
Netherlands,aircraft-total,120
Denmark,aircraft-total,117
Portugal,aircraft-total,115
Serbia,aircraft-total,110
Belgium,aircraft-total,108
Ethiopia,aircraft-total,103
Ecuador,aircraft-total,102
Czechia,aircraft-total,99
Norway,aircraft-total,97
Zimbabwe,aircraft-total,95
Turkmenistan,aircraft-total,91
Austria,aircraft-total,85
Sri Lanka,aircraft-total,85
Yemen,aircraft-total,84
Lebanon,aircraft-total,80
Dominican Republic,aircraft-total,79
Zambia,aircraft-total,77
Armenia,aircraft-total,71
Hungary,aircraft-total,69
Croatia,aircraft-total,67
Bulgaria,aircraft-total,65
Bolivia,aircraft-total,64
Georgia,aircraft-total,61
El Salvador,aircraft-total,52
Uganda,aircraft-total,51
New Zealand,aircraft-total,48
Democratic Republic of the Congo,aircraft-total,46
Botswana,aircraft-total,45
Mali,aircraft-total,43
Uruguay,aircraft-total,43
Slovakia,aircraft-total,41
Chad,aircraft-total,40
Honduras,aircraft-total,40
Senegal,aircraft-total,40
Paraguay,aircraft-total,39
Slovenia,aircraft-total,39
Tanzania,aircraft-total,39
Panama,aircraft-total,38
Guatemala,aircraft-total,36
Cameroon,aircraft-total,35
Namibia,aircraft-total,34
Laos,aircraft-total,33
Cuba,aircraft-total,31
Niger,aircraft-total,26
Burkina Faso,aircraft-total,25
Cambodia,aircraft-total,25
Tajikistan,aircraft-total,25
Gabon,aircraft-total,24
Mauritania,aircraft-total,24
Bosnia and Herzegovina,aircraft-total,22
Ireland,aircraft-total,22
Mozambique,aircraft-total,22
Eritrea,aircraft-total,20
North Macedonia,aircraft-total,20
South Sudan,aircraft-total,20
Albania,aircraft-total,19
Ghana,aircraft-total,19
Ivory Coast,aircraft-total,19
Nicaragua,aircraft-total,17
Nepal,aircraft-total,15
Republic of the Congo,aircraft-total,13
Montenegro,aircraft-total,11
Afghanistan,aircraft-total,9
Lithuania,aircraft-total,9
Kyrgyzstan,aircraft-total,7
Latvia,aircraft-total,7
Mongolia,aircraft-total,7
Central African Republic,aircraft-total,6
Benin,aircraft-total,5
Estonia,aircraft-total,5
Madagascar,aircraft-total,5
Beliz,aircraft-total,3
Moldova,aircraft-total,3
Suriname,aircraft-total,3
Bhutan,aircraft-total,2
Luxembourg,aircraft-total,1
Sierra Leone,aircraft-total,1
Iceland,aircraft-total,0
Kosovo,aircraft-total,0
Liberia,aircraft-total,0
Somalia,aircraft-total,0
United States,aircraft-total-fighters,"1,790"
China,aircraft-total-fighters,"1,212"
Russia,aircraft-total-fighters,833
India,aircraft-total-fighters,513
North Korea,aircraft-total-fighters,368
Pakistan,aircraft-total-fighters,328
South Korea,aircraft-total-fighters,315
Taiwan,aircraft-total-fighters,285
Saudi Arabia,aircraft-total-fighters,283
Israel,aircraft-total-fighters,240
Egypt,aircraft-total-fighters,238
France,aircraft-total-fighters,226
Japan,aircraft-total-fighters,217
Turkiye,aircraft-total-fighters,201
Iran,aircraft-total-fighters,188
Greece,aircraft-total-fighters,178
Spain,aircraft-total-fighters,137
Germany,aircraft-total-fighters,129
United Kingdom,aircraft-total-fighters,113
Syria,aircraft-total-fighters,104
Algeria,aircraft-total-fighters,102
Qatar,aircraft-total-fighters,102
Singapore,aircraft-total-fighters,100
United Arab Emirates,aircraft-total-fighters,99
Italy,aircraft-total-fighters,89
Morocco,aircraft-total-fighters,83
Thailand,aircraft-total-fighters,72
Angola,aircraft-total-fighters,71
Sweden,aircraft-total-fighters,71
Ukraine,aircraft-total-fighters,70
Canada,aircraft-total-fighters,66
Kazakhstan,aircraft-total-fighters,63
Poland,aircraft-total-fighters,59
Myanmar,aircraft-total-fighters,58
Uzbekistan,aircraft-total-fighters,58
Finland,aircraft-total-fighters,54
Chile,aircraft-total-fighters,45
Jordan,aircraft-total-fighters,44
Belgium,aircraft-total-fighters,43
Brazil,aircraft-total-fighters,43
Kuwait,aircraft-total-fighters,43
Switzerland,aircraft-total-fighters,43
Bangladesh,aircraft-total-fighters,42
Indonesia,aircraft-total-fighters,41
Vietnam,aircraft-total-fighters,41
Sudan,aircraft-total-fighters,37
Belarus,aircraft-total-fighters,36
Netherlands,aircraft-total-fighters,32
Denmark,aircraft-total-fighters,31
Venezuela,aircraft-total-fighters,30
Oman,aircraft-total-fighters,29
Portugal,aircraft-total-fighters,28
Yemen,aircraft-total-fighters,27
Iraq,aircraft-total-fighters,26
Malaysia,aircraft-total-fighters,26
Ethiopia,aircraft-total-fighters,25
Australia,aircraft-total-fighters,24
Bahrain,aircraft-total-fighters,24
Turkmenistan,aircraft-total-fighters,24
Argentina,aircraft-total-fighters,23
Romania,aircraft-total-fighters,21
Kenya,aircraft-total-fighters,17
Colombia,aircraft-total-fighters,16
Austria,aircraft-total-fighters,15
Peru,aircraft-total-fighters,15
Nigeria,aircraft-total-fighters,14
Tanzania,aircraft-total-fighters,14
Zimbabwe,aircraft-total-fighters,13
Azerbaijan,aircraft-total-fighters,12
Czechia,aircraft-total-fighters,12
Hungary,aircraft-total-fighters,12
Botswana,aircraft-total-fighters,11
Cuba,aircraft-total-fighters,11
Namibia,aircraft-total-fighters,11
Serbia,aircraft-total-fighters,11
Bulgaria,aircraft-total-fighters,10
Croatia,aircraft-total-fighters,10
Libya,aircraft-total-fighters,10
Tunisia,aircraft-total-fighters,10
Mali,aircraft-total-fighters,9
Mozambique,aircraft-total-fighters,8
Gabon,aircraft-total-fighters,6
Uganda,aircraft-total-fighters,6
Sri Lanka,aircraft-total-fighters,5
Armenia,aircraft-total-fighters,4
Honduras,aircraft-total-fighters,4
Mexico,aircraft-total-fighters,3
Republic of the Congo,aircraft-total-fighters,2
Slovakia,aircraft-total-fighters,2
South Africa,aircraft-total-fighters,2
Democratic Republic of the Congo,aircraft-total-fighters,1
Eritrea,aircraft-total-fighters,1
Afghanistan,aircraft-total-fighters,0
Albania,aircraft-total-fighters,0
Beliz,aircraft-total-fighters,0
Benin,aircraft-total-fighters,0
Bhutan,aircraft-total-fighters,0
Bolivia,aircraft-total-fighters,0
Bosnia and Herzegovina,aircraft-total-fighters,0
Burkina Faso,aircraft-total-fighters,0
Cambodia,aircraft-total-fighters,0
Cameroon,aircraft-total-fighters,0
Central African Republic,aircraft-total-fighters,0
Chad,aircraft-total-fighters,0
Dominican Republic,aircraft-total-fighters,0
Ecuador,aircraft-total-fighters,0
El Salvador,aircraft-total-fighters,0
Estonia,aircraft-total-fighters,0
Georgia,aircraft-total-fighters,0
Ghana,aircraft-total-fighters,0
Guatemala,aircraft-total-fighters,0
Iceland,aircraft-total-fighters,0
Ireland,aircraft-total-fighters,0
Ivory Coast,aircraft-total-fighters,0
Kosovo,aircraft-total-fighters,0
Kyrgyzstan,aircraft-total-fighters,0
Laos,aircraft-total-fighters,0
Latvia,aircraft-total-fighters,0
Lebanon,aircraft-total-fighters,0
Liberia,aircraft-total-fighters,0
Lithuania,aircraft-total-fighters,0
Luxembourg,aircraft-total-fighters,0
Madagascar,aircraft-total-fighters,0
Mauritania,aircraft-total-fighters,0
Moldova,aircraft-total-fighters,0
Mongolia,aircraft-total-fighters,0
Montenegro,aircraft-total-fighters,0
Nepal,aircraft-total-fighters,0
New Zealand,aircraft-total-fighters,0
Nicaragua,aircraft-total-fighters,0
Niger,aircraft-total-fighters,0
North Macedonia,aircraft-total-fighters,0
Norway,aircraft-total-fighters,0
Panama,aircraft-total-fighters,0
Paraguay,aircraft-total-fighters,0
Philippines,aircraft-total-fighters,0
Senegal,aircraft-total-fighters,0
Sierra Leone,aircraft-total-fighters,0
Slovenia,aircraft-total-fighters,0
Somalia,aircraft-total-fighters,0
South Sudan,aircraft-total-fighters,0
Suriname,aircraft-total-fighters,0
Tajikistan,aircraft-total-fighters,0
Uruguay,aircraft-total-fighters,0
Zambia,aircraft-total-fighters,0
United States,aircraft-total-transports,918
Russia,aircraft-total-transports,456
China,aircraft-total-transports,289
India,aircraft-total-transports,270
France,aircraft-total-transports,119
Brazil,aircraft-total-transports,109
Iran,aircraft-total-transports,87
Colombia,aircraft-total-transports,86
Turkiye,aircraft-total-transports,84
Indonesia,aircraft-total-transports,70
Pakistan,aircraft-total-transports,64
Algeria,aircraft-total-transports,63
Egypt,aircraft-total-transports,61
Japan,aircraft-total-transports,55
Thailand,aircraft-total-transports,54
Argentina,aircraft-total-transports,52
Spain,aircraft-total-transports,51
Germany,aircraft-total-transports,50
Poland,aircraft-total-transports,49
Saudi Arabia,aircraft-total-transports,49
Venezuela,aircraft-total-transports,49
Mexico,aircraft-total-transports,41
South Korea,aircraft-total-transports,41
Australia,aircraft-total-transports,38
Peru,aircraft-total-transports,38
United Arab Emirates,aircraft-total-transports,37
Chile,aircraft-total-transports,32
Angola,aircraft-total-transports,31
Morocco,aircraft-total-transports,31
Italy,aircraft-total-transports,30
Myanmar,aircraft-total-transports,30
United Kingdom,aircraft-total-transports,29
Canada,aircraft-total-transports,28
Philippines,aircraft-total-transports,26
Ukraine,aircraft-total-transports,24
Nigeria,aircraft-total-transports,23
Kenya,aircraft-total-transports,21
Ecuador,aircraft-total-transports,20
Kazakhstan,aircraft-total-transports,19
Portugal,aircraft-total-transports,19
Taiwan,aircraft-total-transports,19
Bangladesh,aircraft-total-transports,17
Malaysia,aircraft-total-transports,16
Switzerland,aircraft-total-transports,16
Bolivia,aircraft-total-transports,15
Greece,aircraft-total-transports,15
Iraq,aircraft-total-transports,15
Romania,aircraft-total-transports,14
Sri Lanka,aircraft-total-transports,14
Zimbabwe,aircraft-total-transports,14
Israel,aircraft-total-transports,13
Jordan,aircraft-total-transports,13
Panama,aircraft-total-transports,13
Sudan,aircraft-total-transports,13
Uzbekistan,aircraft-total-transports,13
Zambia,aircraft-total-transports,13
Qatar,aircraft-total-transports,12
South Africa,aircraft-total-transports,12
Austria,aircraft-total-transports,11
Dominican Republic,aircraft-total-transports,11
Finland,aircraft-total-transports,11
Paraguay,aircraft-total-transports,11
Tunisia,aircraft-total-transports,11
Czechia,aircraft-total-transports,10
Guatemala,aircraft-total-transports,10
Honduras,aircraft-total-transports,10
Botswana,aircraft-total-transports,9
Oman,aircraft-total-transports,9
Singapore,aircraft-total-transports,9
Vietnam,aircraft-total-transports,9
Ethiopia,aircraft-total-transports,8
New Zealand,aircraft-total-transports,8
Belgium,aircraft-total-transports,7
Chad,aircraft-total-transports,7
Mali,aircraft-total-transports,7
Mauritania,aircraft-total-transports,7
Niger,aircraft-total-transports,7
Slovakia,aircraft-total-transports,7
Bulgaria,aircraft-total-transports,6
Cameroon,aircraft-total-transports,6
Democratic Republic of the Congo,aircraft-total-transports,6
Libya,aircraft-total-transports,6
Sweden,aircraft-total-transports,6
Tanzania,aircraft-total-transports,6
Uruguay,aircraft-total-transports,6
Eritrea,aircraft-total-transports,5
Lithuania,aircraft-total-transports,5
Nepal,aircraft-total-transports,5
Nicaragua,aircraft-total-transports,5
Senegal,aircraft-total-transports,5
South Sudan,aircraft-total-transports,5
Turkmenistan,aircraft-total-transports,5
Belarus,aircraft-total-transports,4
Cambodia,aircraft-total-transports,4
Cuba,aircraft-total-transports,4
Denmark,aircraft-total-transports,4
El Salvador,aircraft-total-transports,4
Ireland,aircraft-total-transports,4
Ivory Coast,aircraft-total-transports,4
Mozambique,aircraft-total-transports,4
Netherlands,aircraft-total-transports,4
Norway,aircraft-total-transports,4
Republic of the Congo,aircraft-total-transports,4
Slovenia,aircraft-total-transports,4
Afghanistan,aircraft-total-transports,3
Armenia,aircraft-total-transports,3
Azerbaijan,aircraft-total-transports,3
Bahrain,aircraft-total-transports,3
Gabon,aircraft-total-transports,3
Hungary,aircraft-total-transports,3
Mongolia,aircraft-total-transports,3
Namibia,aircraft-total-transports,3
Serbia,aircraft-total-transports,3
Syria,aircraft-total-transports,3
Burkina Faso,aircraft-total-transports,2
Estonia,aircraft-total-transports,2
Georgia,aircraft-total-transports,2
Ghana,aircraft-total-transports,2
Kuwait,aircraft-total-transports,2
Laos,aircraft-total-transports,2
Yemen,aircraft-total-transports,2
Beliz,aircraft-total-transports,1
Luxembourg,aircraft-total-transports,1
Moldova,aircraft-total-transports,1
North Korea,aircraft-total-transports,1
Tajikistan,aircraft-total-transports,1
Albania,aircraft-total-transports,0
Benin,aircraft-total-transports,0
Bhutan,aircraft-total-transports,0
Bosnia and Herzegovina,aircraft-total-transports,0
Central African Republic,aircraft-total-transports,0
Croatia,aircraft-total-transports,0
Iceland,aircraft-total-transports,0
Kosovo,aircraft-total-transports,0
Kyrgyzstan,aircraft-total-transports,0
Latvia,aircraft-total-transports,0
Lebanon,aircraft-total-transports,0
Liberia,aircraft-total-transports,0
Madagascar,aircraft-total-transports,0
Montenegro,aircraft-total-transports,0
North Macedonia,aircraft-total-transports,0
Sierra Leone,aircraft-total-transports,0
Somalia,aircraft-total-transports,0
Suriname,aircraft-total-transports,0
Uganda,aircraft-total-transports,0
United States,aircraft-helicopters-total,"5,843"
Russia,aircraft-helicopters-total,"1,651"
China,aircraft-helicopters-total,913
India,aircraft-helicopters-total,899
South Korea,aircraft-helicopters-total,807
Japan,aircraft-helicopters-total,596
Turkiye,aircraft-helicopters-total,508
France,aircraft-helicopters-total,448
Italy,aircraft-helicopters-total,392
Pakistan,aircraft-helicopters-total,373
Egypt,aircraft-helicopters-total,348
Germany,aircraft-helicopters-total,309
Algeria,aircraft-helicopters-total,299
Greece,aircraft-helicopters-total,293
United Kingdom,aircraft-helicopters-total,266
Saudi Arabia,aircraft-helicopters-total,264
Thailand,aircraft-helicopters-total,258
Colombia,aircraft-helicopters-total,257
United Arab Emirates,aircraft-helicopters-total,247
Taiwan,aircraft-helicopters-total,236
Poland,aircraft-helicopters-total,216
Indonesia,aircraft-helicopters-total,214
North Korea,aircraft-helicopters-total,205
Iraq,aircraft-helicopters-total,197
Brazil,aircraft-helicopters-total,191
Mexico,aircraft-helicopters-total,178
Jordan,aircraft-helicopters-total,155
Spain,aircraft-helicopters-total,153
Israel,aircraft-helicopters-total,147
Canada,aircraft-helicopters-total,145
Ukraine,aircraft-helicopters-total,136
Iran,aircraft-helicopters-total,128
Philippines,aircraft-helicopters-total,122
Angola,aircraft-helicopters-total,116
Peru,aircraft-helicopters-total,111
Tunisia,aircraft-helicopters-total,101
Uzbekistan,aircraft-helicopters-total,101
Vietnam,aircraft-helicopters-total,101
Argentina,aircraft-helicopters-total,94
Venezuela,aircraft-helicopters-total,88
Chile,aircraft-helicopters-total,87
South Africa,aircraft-helicopters-total,87
Azerbaijan,aircraft-helicopters-total,86
Kenya,aircraft-helicopters-total,85
Myanmar,aircraft-helicopters-total,83
Bahrain,aircraft-helicopters-total,80
Qatar,aircraft-helicopters-total,80
Morocco,aircraft-helicopters-total,78
Syria,aircraft-helicopters-total,77
Singapore,aircraft-helicopters-total,70
Australia,aircraft-helicopters-total,69
Belarus,aircraft-helicopters-total,68
Lebanon,aircraft-helicopters-total,68
Kuwait,aircraft-helicopters-total,67
Nigeria,aircraft-helicopters-total,66
Bangladesh,aircraft-helicopters-total,65
Kazakhstan,aircraft-helicopters-total,65
Romania,aircraft-helicopters-total,65
Sudan,aircraft-helicopters-total,64
Netherlands,aircraft-helicopters-total,63
Sri Lanka,aircraft-helicopters-total,55
Sweden,aircraft-helicopters-total,53
Dominican Republic,aircraft-helicopters-total,50
Ecuador,aircraft-helicopters-total,46
Serbia,aircraft-helicopters-total,46
Malaysia,aircraft-helicopters-total,45
Georgia,aircraft-helicopters-total,44
Hungary,aircraft-helicopters-total,44
Czechia,aircraft-helicopters-total,42
Austria,aircraft-helicopters-total,41
Switzerland,aircraft-helicopters-total,40
Croatia,aircraft-helicopters-total,37
Armenia,aircraft-helicopters-total,36
Denmark,aircraft-helicopters-total,34
Bolivia,aircraft-helicopters-total,33
Ethiopia,aircraft-helicopters-total,33
Norway,aircraft-helicopters-total,33
Democratic Republic of the Congo,aircraft-helicopters-total,32
Zambia,aircraft-helicopters-total,32
Oman,aircraft-helicopters-total,31
Portugal,aircraft-helicopters-total,31
El Salvador,aircraft-helicopters-total,30
Uganda,aircraft-helicopters-total,30
Yemen,aircraft-helicopters-total,30
Zimbabwe,aircraft-helicopters-total,28
Bulgaria,aircraft-helicopters-total,27
Finland,aircraft-helicopters-total,27
Turkmenistan,aircraft-helicopters-total,26
Laos,aircraft-helicopters-total,23
Panama,aircraft-helicopters-total,23
Bosnia and Herzegovina,aircraft-helicopters-total,22
Slovakia,aircraft-helicopters-total,22
Cambodia,aircraft-helicopters-total,21
Cameroon,aircraft-helicopters-total,21
Guatemala,aircraft-helicopters-total,21
New Zealand,aircraft-helicopters-total,21
Belgium,aircraft-helicopters-total,20
Senegal,aircraft-helicopters-total,20
Tajikistan,aircraft-helicopters-total,20
Albania,aircraft-helicopters-total,19
Burkina Faso,aircraft-helicopters-total,18
Botswana,aircraft-helicopters-total,16
Chad,aircraft-helicopters-total,16
Libya,aircraft-helicopters-total,16
Slovenia,aircraft-helicopters-total,16
Gabon,aircraft-helicopters-total,15
South Sudan,aircraft-helicopters-total,15
Paraguay,aircraft-helicopters-total,14
Cuba,aircraft-helicopters-total,13
Eritrea,aircraft-helicopters-total,13
Niger,aircraft-helicopters-total,13
Tanzania,aircraft-helicopters-total,12
Uruguay,aircraft-helicopters-total,12
Montenegro,aircraft-helicopters-total,11
Nicaragua,aircraft-helicopters-total,11
Ghana,aircraft-helicopters-total,10
Ivory Coast,aircraft-helicopters-total,10
Mali,aircraft-helicopters-total,10
Nepal,aircraft-helicopters-total,10
North Macedonia,aircraft-helicopters-total,10
Honduras,aircraft-helicopters-total,8
Ireland,aircraft-helicopters-total,8
Mozambique,aircraft-helicopters-total,8
Kyrgyzstan,aircraft-helicopters-total,7
Latvia,aircraft-helicopters-total,7
Namibia,aircraft-helicopters-total,7
Republic of the Congo,aircraft-helicopters-total,7
Afghanistan,aircraft-helicopters-total,6
Benin,aircraft-helicopters-total,5
Madagascar,aircraft-helicopters-total,5
Lithuania,aircraft-helicopters-total,4
Mauritania,aircraft-helicopters-total,4
Estonia,aircraft-helicopters-total,3
Suriname,aircraft-helicopters-total,3
Bhutan,aircraft-helicopters-total,2
Moldova,aircraft-helicopters-total,2
Mongolia,aircraft-helicopters-total,2
Beliz,aircraft-helicopters-total,1
Sierra Leone,aircraft-helicopters-total,1
Central African Republic,aircraft-helicopters-total,0
Iceland,aircraft-helicopters-total,0
Kosovo,aircraft-helicopters-total,0
Liberia,aircraft-helicopters-total,0
Luxembourg,aircraft-helicopters-total,0
Somalia,aircraft-helicopters-total,0
United States,aircraft-helicopters-attack,"1,002"
Russia,aircraft-helicopters-attack,557
China,aircraft-helicopters-attack,281
Japan,aircraft-helicopters-attack,119
South Korea,aircraft-helicopters-attack,111
Turkiye,aircraft-helicopters-attack,111
Egypt,aircraft-helicopters-attack,100
Taiwan,aircraft-helicopters-attack,91
India,aircraft-helicopters-attack,80
Algeria,aircraft-helicopters-attack,74
France,aircraft-helicopters-attack,68
Pakistan,aircraft-helicopters-attack,57
Germany,aircraft-helicopters-attack,54
Israel,aircraft-helicopters-attack,48
Jordan,aircraft-helicopters-attack,44
Iraq,aircraft-helicopters-attack,39
Ukraine,aircraft-helicopters-attack,39
Italy,aircraft-helicopters-attack,37
United Kingdom,aircraft-helicopters-attack,37
Sudan,aircraft-helicopters-attack,35
Bahrain,aircraft-helicopters-attack,34
Saudi Arabia,aircraft-helicopters-attack,34
Uzbekistan,aircraft-helicopters-attack,34
United Arab Emirates,aircraft-helicopters-attack,30
Belarus,aircraft-helicopters-attack,29
Greece,aircraft-helicopters-attack,29
Poland,aircraft-helicopters-attack,29
Qatar,aircraft-helicopters-attack,24
Australia,aircraft-helicopters-attack,22
Armenia,aircraft-helicopters-attack,20
North Korea,aircraft-helicopters-attack,20
Singapore,aircraft-helicopters-attack,18
Spain,aircraft-helicopters-attack,17
Azerbaijan,aircraft-helicopters-attack,16
Kuwait,aircraft-helicopters-attack,16
Peru,aircraft-helicopters-attack,16
Angola,aircraft-helicopters-attack,15
Indonesia,aircraft-helicopters-attack,15
Nigeria,aircraft-helicopters-attack,15
Syria,aircraft-helicopters-attack,14
Iran,aircraft-helicopters-attack,13
Kazakhstan,aircraft-helicopters-attack,12
Netherlands,aircraft-helicopters-attack,12
Georgia,aircraft-helicopters-attack,11
South Africa,aircraft-helicopters-attack,10
Turkmenistan,aircraft-helicopters-attack,10
Venezuela,aircraft-helicopters-attack,10
Myanmar,aircraft-helicopters-attack,9
Sri Lanka,aircraft-helicopters-attack,9
Democratic Republic of the Congo,aircraft-helicopters-attack,8
Hungary,aircraft-helicopters-attack,8
Mali,aircraft-helicopters-attack,8
Ethiopia,aircraft-helicopters-attack,7
Thailand,aircraft-helicopters-attack,7
Yemen,aircraft-helicopters-attack,7
Eritrea,aircraft-helicopters-attack,6
South Sudan,aircraft-helicopters-attack,6
Tajikistan,aircraft-helicopters-attack,6
Uganda,aircraft-helicopters-attack,6
Zimbabwe,aircraft-helicopters-attack,6
Burkina Faso,aircraft-helicopters-attack,5
Senegal,aircraft-helicopters-attack,5
Bulgaria,aircraft-helicopters-attack,4
Cuba,aircraft-helicopters-attack,4
Czechia,aircraft-helicopters-attack,4
Libya,aircraft-helicopters-attack,4
North Macedonia,aircraft-helicopters-attack,4
Serbia,aircraft-helicopters-attack,4
Chad,aircraft-helicopters-attack,3
Ivory Coast,aircraft-helicopters-attack,3
Kenya,aircraft-helicopters-attack,2
Kyrgyzstan,aircraft-helicopters-attack,2
Mozambique,aircraft-helicopters-attack,2
Namibia,aircraft-helicopters-attack,2
Philippines,aircraft-helicopters-attack,2
Afghanistan,aircraft-helicopters-attack,1
Niger,aircraft-helicopters-attack,1
Republic of the Congo,aircraft-helicopters-attack,1
Albania,aircraft-helicopters-attack,0
Argentina,aircraft-helicopters-attack,0
Austria,aircraft-helicopters-attack,0
Bangladesh,aircraft-helicopters-attack,0
Belgium,aircraft-helicopters-attack,0
Beliz,aircraft-helicopters-attack,0
Benin,aircraft-helicopters-attack,0
Bhutan,aircraft-helicopters-attack,0
Bolivia,aircraft-helicopters-attack,0
Bosnia and Herzegovina,aircraft-helicopters-attack,0
Botswana,aircraft-helicopters-attack,0
Brazil,aircraft-helicopters-attack,0
Cambodia,aircraft-helicopters-attack,0
Cameroon,aircraft-helicopters-attack,0
Canada,aircraft-helicopters-attack,0
Central African Republic,aircraft-helicopters-attack,0
Chile,aircraft-helicopters-attack,0
Colombia,aircraft-helicopters-attack,0
Croatia,aircraft-helicopters-attack,0
Denmark,aircraft-helicopters-attack,0
Dominican Republic,aircraft-helicopters-attack,0
Ecuador,aircraft-helicopters-attack,0
El Salvador,aircraft-helicopters-attack,0
Estonia,aircraft-helicopters-attack,0
Finland,aircraft-helicopters-attack,0
Gabon,aircraft-helicopters-attack,0
Ghana,aircraft-helicopters-attack,0
Guatemala,aircraft-helicopters-attack,0
Honduras,aircraft-helicopters-attack,0
Iceland,aircraft-helicopters-attack,0
Ireland,aircraft-helicopters-attack,0
Kosovo,aircraft-helicopters-attack,0
Laos,aircraft-helicopters-attack,0
Latvia,aircraft-helicopters-attack,0
Lebanon,aircraft-helicopters-attack,0
Liberia,aircraft-helicopters-attack,0
Lithuania,aircraft-helicopters-attack,0
Luxembourg,aircraft-helicopters-attack,0
Madagascar,aircraft-helicopters-attack,0
Malaysia,aircraft-helicopters-attack,0
Mauritania,aircraft-helicopters-attack,0
Mexico,aircraft-helicopters-attack,0
Moldova,aircraft-helicopters-attack,0
Mongolia,aircraft-helicopters-attack,0
Montenegro,aircraft-helicopters-attack,0
Morocco,aircraft-helicopters-attack,0
Nepal,aircraft-helicopters-attack,0
New Zealand,aircraft-helicopters-attack,0
Nicaragua,aircraft-helicopters-attack,0
Norway,aircraft-helicopters-attack,0
Oman,aircraft-helicopters-attack,0
Panama,aircraft-helicopters-attack,0
Paraguay,aircraft-helicopters-attack,0
Portugal,aircraft-helicopters-attack,0
Romania,aircraft-helicopters-attack,0
Sierra Leone,aircraft-helicopters-attack,0
Slovakia,aircraft-helicopters-attack,0
Slovenia,aircraft-helicopters-attack,0
Somalia,aircraft-helicopters-attack,0
Suriname,aircraft-helicopters-attack,0
Sweden,aircraft-helicopters-attack,0
Switzerland,aircraft-helicopters-attack,0
Tanzania,aircraft-helicopters-attack,0
Tunisia,aircraft-helicopters-attack,0
Uruguay,aircraft-helicopters-attack,0
Vietnam,aircraft-helicopters-attack,0
Zambia,aircraft-helicopters-attack,0
China,armor-tanks-total,"6,800"
Russia,armor-tanks-total,"5,750"
United States,armor-tanks-total,"4,640"
North Korea,armor-tanks-total,"4,344"
India,armor-tanks-total,"4,201"
Egypt,armor-tanks-total,"3,620"
Pakistan,armor-tanks-total,"2,627"
Turkiye,armor-tanks-total,"2,238"
South Korea,armor-tanks-total,"2,236"
Iran,armor-tanks-total,"1,713"
Algeria,armor-tanks-total,"1,485"
Jordan,armor-tanks-total,"1,458"
Vietnam,armor-tanks-total,"1,374"
Greece,armor-tanks-total,"1,344"
Israel,armor-tanks-total,"1,300"
Ukraine,armor-tanks-total,"1,114"
Iraq,armor-tanks-total,"1,025"
Morocco,armor-tanks-total,903
Taiwan,armor-tanks-total,888
Saudi Arabia,armor-tanks-total,840
Turkmenistan,armor-tanks-total,654
Cambodia,armor-tanks-total,644
Thailand,armor-tanks-total,635
Poland,armor-tanks-total,614
Japan,armor-tanks-total,521
Belarus,armor-tanks-total,507
Azerbaijan,armor-tanks-total,497
Myanmar,armor-tanks-total,445
Mongolia,armor-tanks-total,420
Chile,armor-tanks-total,386
Kuwait,armor-tanks-total,367
Syria,armor-tanks-total,365
United Arab Emirates,armor-tanks-total,354
Kazakhstan,armor-tanks-total,350
Argentina,armor-tanks-total,342
Uzbekistan,armor-tanks-total,340
Ethiopia,armor-tanks-total,338
Indonesia,armor-tanks-total,331
Nigeria,armor-tanks-total,330
Romania,armor-tanks-total,328
Bangladesh,armor-tanks-total,320
Spain,armor-tanks-total,317
Angola,armor-tanks-total,309
Germany,armor-tanks-total,296
Brazil,armor-tanks-total,294
Serbia,armor-tanks-total,262
Uganda,armor-tanks-total,259
South Africa,armor-tanks-total,252
Peru,armor-tanks-total,240
United Kingdom,armor-tanks-total,227
Sudan,armor-tanks-total,224
France,armor-tanks-total,215
Kyrgyzstan,armor-tanks-total,215
Hungary,armor-tanks-total,209
Switzerland,armor-tanks-total,205
Finland,armor-tanks-total,200
Italy,armor-tanks-total,200
Kenya,armor-tanks-total,188
Venezuela,armor-tanks-total,172
Singapore,armor-tanks-total,170
Laos,armor-tanks-total,160
Bahrain,armor-tanks-total,150
Oman,armor-tanks-total,150
Georgia,armor-tanks-total,123
Lebanon,armor-tanks-total,116
Cuba,armor-tanks-total,113
Sweden,armor-tanks-total,110
Armenia,armor-tanks-total,109
Democratic Republic of the Congo,armor-tanks-total,105
Qatar,armor-tanks-total,99
Bulgaria,armor-tanks-total,90
Chad,armor-tanks-total,90
Tunisia,armor-tanks-total,90
Nicaragua,armor-tanks-total,89
Canada,armor-tanks-total,74
Eritrea,armor-tanks-total,65
Tanzania,armor-tanks-total,62
Australia,armor-tanks-total,59
Austria,armor-tanks-total,56
Bolivia,armor-tanks-total,54
Ecuador,armor-tanks-total,54
Slovenia,armor-tanks-total,54
Malaysia,armor-tanks-total,48
Albania,armor-tanks-total,46
Bosnia and Herzegovina,armor-tanks-total,45
Botswana,armor-tanks-total,45
Croatia,armor-tanks-total,45
Slovakia,armor-tanks-total,45
Denmark,armor-tanks-total,44
Norway,armor-tanks-total,44
Sri Lanka,armor-tanks-total,44
Czechia,armor-tanks-total,43
Libya,armor-tanks-total,43
Tajikistan,armor-tanks-total,38
Zambia,armor-tanks-total,35
Portugal,armor-tanks-total,34
Uruguay,armor-tanks-total,31
Mozambique,armor-tanks-total,30
Republic of the Congo,armor-tanks-total,30
South Sudan,armor-tanks-total,30
Mauritania,armor-tanks-total,25
North Macedonia,armor-tanks-total,20
Netherlands,armor-tanks-total,18
Zimbabwe,armor-tanks-total,15
Honduras,armor-tanks-total,11
Mali,armor-tanks-total,10
Philippines,armor-tanks-total,10
Madagascar,armor-tanks-total,6
Dominican Republic,armor-tanks-total,5
Guatemala,armor-tanks-total,5
Ivory Coast,armor-tanks-total,5
Namibia,armor-tanks-total,4
Afghanistan,armor-tanks-total,0
Belgium,armor-tanks-total,0
Beliz,armor-tanks-total,0
Benin,armor-tanks-total,0
Bhutan,armor-tanks-total,0
Burkina Faso,armor-tanks-total,0
Cameroon,armor-tanks-total,0
Central African Republic,armor-tanks-total,0
Colombia,armor-tanks-total,0
El Salvador,armor-tanks-total,0
Estonia,armor-tanks-total,0
Gabon,armor-tanks-total,0
Ghana,armor-tanks-total,0
Iceland,armor-tanks-total,0
Ireland,armor-tanks-total,0
Kosovo,armor-tanks-total,0
Latvia,armor-tanks-total,0
Liberia,armor-tanks-total,0
Lithuania,armor-tanks-total,0
Luxembourg,armor-tanks-total,0
Mexico,armor-tanks-total,0
Moldova,armor-tanks-total,0
Montenegro,armor-tanks-total,0
Nepal,armor-tanks-total,0
New Zealand,armor-tanks-total,0
Niger,armor-tanks-total,0
Panama,armor-tanks-total,0
Paraguay,armor-tanks-total,0
Senegal,armor-tanks-total,0
Sierra Leone,armor-tanks-total,0
Somalia,armor-tanks-total,0
Suriname,armor-tanks-total,0
Yemen,armor-tanks-total,0
United States,armor-apc-total,"391,963"
India,armor-apc-total,"148,594"
China,armor-apc-total,"144,017"
Russia,armor-apc-total,"131,527"
France,armor-apc-total,"110,932"
Germany,armor-apc-total,"83,260"
Italy,armor-apc-total,"73,480"
Iran,armor-apc-total,"65,825"
Greece,armor-apc-total,"61,888"
Turkiye,armor-apc-total,"61,173"
South Korea,armor-apc-total,"58,880"
Egypt,armor-apc-total,"41,012"
United Kingdom,armor-apc-total,"38,200"
Iraq,armor-apc-total,"37,288"
Israel,armor-apc-total,"35,985"
Japan,armor-apc-total,"31,964"
Algeria,armor-apc-total,"26,000"
Poland,armor-apc-total,"23,138"
Brazil,armor-apc-total,"22,464"
Argentina,armor-apc-total,"21,724"
Canada,armor-apc-total,"21,704"
Indonesia,armor-apc-total,"20,440"
Taiwan,armor-apc-total,"19,921"
Mexico,armor-apc-total,"19,658"
Saudi Arabia,armor-apc-total,"19,040"
Ukraine,armor-apc-total,"18,920"
South Africa,armor-apc-total,"18,692"
North Korea,armor-apc-total,"18,288"
Spain,armor-apc-total,"17,626"
Pakistan,armor-apc-total,"17,516"
Thailand,armor-apc-total,"16,935"
Jordan,armor-apc-total,"16,624"
Australia,armor-apc-total,"15,648"
Malaysia,armor-apc-total,"13,506"
Vietnam,armor-apc-total,"11,912"
Philippines,armor-apc-total,"11,878"
Finland,armor-apc-total,"11,704"
Bangladesh,armor-apc-total,"11,584"
Syria,armor-apc-total,"11,148"
Portugal,armor-apc-total,"10,828"
Romania,armor-apc-total,"10,774"
Singapore,armor-apc-total,"8,998"
Nigeria,armor-apc-total,"8,962"
Chile,armor-apc-total,"8,832"
Venezuela,armor-apc-total,"8,802"
United Arab Emirates,armor-apc-total,"8,707"
Tunisia,armor-apc-total,"7,913"
Morocco,armor-apc-total,"7,877"
Hungary,armor-apc-total,"7,797"
Kazakhstan,armor-apc-total,"7,736"
Azerbaijan,armor-apc-total,"7,642"
Austria,armor-apc-total,"7,322"
Ethiopia,armor-apc-total,"7,256"
Switzerland,armor-apc-total,"6,996"
Belarus,armor-apc-total,"6,916"
Cuba,armor-apc-total,"6,864"
Sweden,armor-apc-total,"6,795"
Peru,armor-apc-total,"6,560"
Norway,armor-apc-total,"6,552"
Czechia,armor-apc-total,"6,340"
Myanmar,armor-apc-total,"5,980"
Kuwait,armor-apc-total,"5,636"
Angola,armor-apc-total,"5,500"
Ecuador,armor-apc-total,"5,204"
Afghanistan,armor-apc-total,"5,202"
Qatar,armor-apc-total,"5,024"
Turkmenistan,armor-apc-total,"5,016"
Bulgaria,armor-apc-total,"4,914"
Belgium,armor-apc-total,"4,606"
Lebanon,armor-apc-total,"4,538"
Laos,armor-apc-total,"4,380"
Kenya,armor-apc-total,"4,128"
Oman,armor-apc-total,"4,084"
Uganda,armor-apc-total,"3,862"
Denmark,armor-apc-total,"3,856"
Serbia,armor-apc-total,"3,683"
Cambodia,armor-apc-total,"3,627"
Colombia,armor-apc-total,"3,460"
Georgia,armor-apc-total,"3,392"
Chad,armor-apc-total,"3,316"
Sri Lanka,armor-apc-total,"3,190"
Slovakia,armor-apc-total,"3,074"
Uruguay,armor-apc-total,"3,042"
Uzbekistan,armor-apc-total,"2,970"
Sudan,armor-apc-total,"2,900"
Croatia,armor-apc-total,"2,848"
Bahrain,armor-apc-total,"2,764"
Netherlands,armor-apc-total,"2,755"
Kyrgyzstan,armor-apc-total,"2,686"
Mongolia,armor-apc-total,"2,560"
New Zealand,armor-apc-total,"2,114"
Namibia,armor-apc-total,"2,094"
South Sudan,armor-apc-total,"1,950"
Nicaragua,armor-apc-total,"1,869"
Latvia,armor-apc-total,"1,848"
El Salvador,armor-apc-total,"1,844"
Ghana,armor-apc-total,"1,824"
Libya,armor-apc-total,"1,816"
Albania,armor-apc-total,"1,796"
Senegal,armor-apc-total,"1,740"
Ireland,armor-apc-total,"1,712"
Estonia,armor-apc-total,"1,685"
Slovenia,armor-apc-total,"1,428"
Armenia,armor-apc-total,"1,306"
Lithuania,armor-apc-total,"1,263"
Tajikistan,armor-apc-total,"1,240"
Botswana,armor-apc-total,"1,224"
Nepal,armor-apc-total,"1,108"
North Macedonia,armor-apc-total,"1,108"
Paraguay,armor-apc-total,"1,108"
Tanzania,armor-apc-total,"1,072"
Democratic Republic of the Congo,armor-apc-total,916
Bolivia,armor-apc-total,890
Mozambique,armor-apc-total,872
Eritrea,armor-apc-total,860
Zimbabwe,armor-apc-total,828
Kosovo,armor-apc-total,737
Bosnia and Herzegovina,armor-apc-total,720
Guatemala,armor-apc-total,688
Somalia,armor-apc-total,682
Ivory Coast,armor-apc-total,656
Suriname,armor-apc-total,650
Republic of the Congo,armor-apc-total,644
Mauritania,armor-apc-total,628
Honduras,armor-apc-total,614
Mali,armor-apc-total,570
Yemen,armor-apc-total,550
Dominican Republic,armor-apc-total,540
Moldova,armor-apc-total,500
Burkina Faso,armor-apc-total,491
Montenegro,armor-apc-total,471
Niger,armor-apc-total,456
Cameroon,armor-apc-total,430
Gabon,armor-apc-total,424
Zambia,armor-apc-total,424
Liberia,armor-apc-total,300
Panama,armor-apc-total,262
Central African Republic,armor-apc-total,228
Luxembourg,armor-apc-total,182
Madagascar,armor-apc-total,158
Iceland,armor-apc-total,150
Sierra Leone,armor-apc-total,150
Beliz,armor-apc-total,130
Benin,armor-apc-total,92
Bhutan,armor-apc-total,84
China,navy-ships,754
United States,navy-ships,440
Russia,navy-ships,419
Indonesia,navy-ships,331
Sweden,navy-ships,308
India,navy-ships,293
Thailand,navy-ships,293
Sri Lanka,navy-ships,270
Finland,navy-ships,264
Colombia,navy-ships,233
Myanmar,navy-ships,232
South Korea,navy-ships,227
North Korea,navy-ships,207
Italy,navy-ships,196
Portugal,navy-ships,194
Greece,navy-ships,192
Turkiye,navy-ships,182
United Arab Emirates,navy-ships,181
Mexico,navy-ships,167
Japan,navy-ships,159
Spain,navy-ships,152
Egypt,navy-ships,150
Nigeria,navy-ships,133
Chile,navy-ships,130
France,navy-ships,129
Kuwait,navy-ships,123
Pakistan,navy-ships,121
Bangladesh,navy-ships,118
Qatar,navy-ships,115
Philippines,navy-ships,113
Morocco,navy-ships,111
Algeria,navy-ships,110
Vietnam,navy-ships,110
United Kingdom,navy-ships,109
Iran,navy-ships,107
Malaysia,navy-ships,100
Honduras,navy-ships,98
Taiwan,navy-ships,97
Ukraine,navy-ships,89
Canada,navy-ships,73
Paraguay,navy-ships,72
Peru,navy-ships,71
Iraq,navy-ships,68
Bolivia,navy-ships,67
Bahrain,navy-ships,64
Brazil,navy-ships,64
Lebanon,navy-ships,64
Netherlands,navy-ships,64
Israel,navy-ships,62
Poland,navy-ships,62
Germany,navy-ships,61
Tunisia,navy-ships,58
Cameroon,navy-ships,51
Denmark,navy-ships,50
Singapore,navy-ships,50
South Africa,navy-ships,49
Argentina,navy-ships,44
Australia,navy-ships,44
Norway,navy-ships,43
Azerbaijan,navy-ships,38
Bulgaria,navy-ships,36
Laos,navy-ships,36
Dominican Republic,navy-ships,34
Venezuela,navy-ships,34
Mozambique,navy-ships,33
Yemen,navy-ships,33
Saudi Arabia,navy-ships,32
Angola,navy-ships,31
Croatia,navy-ships,30
Ecuador,navy-ships,30
Panama,navy-ships,30
Ghana,navy-ships,28
Jordan,navy-ships,27
Syria,navy-ships,27
Kazakhstan,navy-ships,26
Guatemala,navy-ships,25
Eritrea,navy-ships,23
Kenya,navy-ships,23
Nicaragua,navy-ships,23
Oman,navy-ships,22
Cambodia,navy-ships,20
Romania,navy-ships,20
Serbia,navy-ships,20
Albania,navy-ships,19
Cuba,navy-ships,19
Georgia,navy-ships,19
Latvia,navy-ships,18
Suriname,navy-ships,17
Democratic Republic of the Congo,navy-ships,16
Turkmenistan,navy-ships,16
Namibia,navy-ships,15
El Salvador,navy-ships,14
Lithuania,navy-ships,14
Montenegro,navy-ships,14
Uruguay,navy-ships,14
Tanzania,navy-ships,12
Somalia,navy-ships,10
Belgium,navy-ships,9
Beliz,navy-ships,8
Estonia,navy-ships,8
Ireland,navy-ships,8
New Zealand,navy-ships,8
Sierra Leone,navy-ships,7
Madagascar,navy-ships,6
Mauritania,navy-ships,6
Sudan,navy-ships,6
Gabon,navy-ships,5
Libya,navy-ships,5
Liberia,navy-ships,4
Republic of the Congo,navy-ships,4
Senegal,navy-ships,4
Ivory Coast,navy-ships,3
Benin,navy-ships,2
Slovenia,navy-ships,2
Bosnia and Herzegovina,navy-ships,0
Iceland,navy-ships,0
Uganda,navy-ships,0
Afghanistan,navy-ships,0
Armenia,navy-ships,0
Austria,navy-ships,0
Belarus,navy-ships,0
Bhutan,navy-ships,0
Botswana,navy-ships,0
Burkina Faso,navy-ships,0
Central African Republic,navy-ships,0
Chad,navy-ships,0
Czechia,navy-ships,0
Ethiopia,navy-ships,0
Hungary,navy-ships,0
Kosovo,navy-ships,0
Kyrgyzstan,navy-ships,0
Luxembourg,navy-ships,0
Mali,navy-ships,0
Moldova,navy-ships,0
Mongolia,navy-ships,0
Nepal,navy-ships,0
Niger,navy-ships,0
North Macedonia,navy-ships,0
Slovakia,navy-ships,0
South Sudan,navy-ships,0
Switzerland,navy-ships,0
Tajikistan,navy-ships,0
Uzbekistan,navy-ships,0
Zambia,navy-ships,0
Zimbabwe,navy-ships,0
United States,navy-force-by-tonnage,"4,168,037"
China,navy-force-by-tonnage,"2,857,143"
Russia,navy-force-by-tonnage,"1,260,447"
Japan,navy-force-by-tonnage,"769,882"
India,navy-force-by-tonnage,"593,603"
France,navy-force-by-tonnage,"428,765"
United Kingdom,navy-force-by-tonnage,"394,043"
Italy,navy-force-by-tonnage,"359,417"
South Korea,navy-force-by-tonnage,"344,786"
Turkiye,navy-force-by-tonnage,"325,729"
Indonesia,navy-force-by-tonnage,"304,168"
Taiwan,navy-force-by-tonnage,"250,414"
Egypt,navy-force-by-tonnage,"235,989"
Germany,navy-force-by-tonnage,"228,552"
Iran,navy-force-by-tonnage,"223,395"
Greece,navy-force-by-tonnage,"216,348"
Spain,navy-force-by-tonnage,"215,346"
Australia,navy-force-by-tonnage,"185,648"
Chile,navy-force-by-tonnage,"176,065"
Peru,navy-force-by-tonnage,"170,344"
North Korea,navy-force-by-tonnage,"143,304"
Brazil,navy-force-by-tonnage,"135,737"
Thailand,navy-force-by-tonnage,"130,988"
Netherlands,navy-force-by-tonnage,"124,962"
Argentina,navy-force-by-tonnage,"122,128"
Denmark,navy-force-by-tonnage,"121,180"
Canada,navy-force-by-tonnage,"119,637"
Pakistan,navy-force-by-tonnage,"111,715"
Vietnam,navy-force-by-tonnage,"107,813"
Myanmar,navy-force-by-tonnage,"89,240"
Algeria,navy-force-by-tonnage,"82,880"
Singapore,navy-force-by-tonnage,"81,340"
Philippines,navy-force-by-tonnage,"76,313"
Bangladesh,navy-force-by-tonnage,"75,280"
Malaysia,navy-force-by-tonnage,"67,735"
Norway,navy-force-by-tonnage,"65,692"
Saudi Arabia,navy-force-by-tonnage,"49,727"
United Arab Emirates,navy-force-by-tonnage,"44,188"
South Africa,navy-force-by-tonnage,"40,186"
Portugal,navy-force-by-tonnage,"38,657"
Israel,navy-force-by-tonnage,"38,238"
Sweden,navy-force-by-tonnage,"31,673"
Colombia,navy-force-by-tonnage,"31,090"
Ukraine,navy-force-by-tonnage,"28,138"
Sri Lanka,navy-force-by-tonnage,"27,136"
Finland,navy-force-by-tonnage,"19,434"
Belgium,navy-force-by-tonnage,"10,190"
United States,navy-aircraft-carriers,11
China,navy-aircraft-carriers,3
India,navy-aircraft-carriers,2
Italy,navy-aircraft-carriers,2
United Kingdom,navy-aircraft-carriers,2
France,navy-aircraft-carriers,1
Russia,navy-aircraft-carriers,1
Spain,navy-aircraft-carriers,1
Albania,navy-aircraft-carriers,0
Algeria,navy-aircraft-carriers,0
Angola,navy-aircraft-carriers,0
Argentina,navy-aircraft-carriers,0
Australia,navy-aircraft-carriers,0
Azerbaijan,navy-aircraft-carriers,0
Bahrain,navy-aircraft-carriers,0
Bangladesh,navy-aircraft-carriers,0
Belgium,navy-aircraft-carriers,0
Beliz,navy-aircraft-carriers,0
Benin,navy-aircraft-carriers,0
Bolivia,navy-aircraft-carriers,0
Bosnia and Herzegovina,navy-aircraft-carriers,0
Brazil,navy-aircraft-carriers,0
Bulgaria,navy-aircraft-carriers,0
Cambodia,navy-aircraft-carriers,0
Cameroon,navy-aircraft-carriers,0
Canada,navy-aircraft-carriers,0
Chile,navy-aircraft-carriers,0
Colombia,navy-aircraft-carriers,0
Croatia,navy-aircraft-carriers,0
Cuba,navy-aircraft-carriers,0
Democratic Republic of the Congo,navy-aircraft-carriers,0
Denmark,navy-aircraft-carriers,0
Dominican Republic,navy-aircraft-carriers,0
Ecuador,navy-aircraft-carriers,0
Egypt,navy-aircraft-carriers,0
El Salvador,navy-aircraft-carriers,0
Eritrea,navy-aircraft-carriers,0
Estonia,navy-aircraft-carriers,0
Finland,navy-aircraft-carriers,0
Gabon,navy-aircraft-carriers,0
Georgia,navy-aircraft-carriers,0
Germany,navy-aircraft-carriers,0
Ghana,navy-aircraft-carriers,0
Greece,navy-aircraft-carriers,0
Guatemala,navy-aircraft-carriers,0
Honduras,navy-aircraft-carriers,0
Iceland,navy-aircraft-carriers,0
Indonesia,navy-aircraft-carriers,0
Iran,navy-aircraft-carriers,0
Iraq,navy-aircraft-carriers,0
Ireland,navy-aircraft-carriers,0
Israel,navy-aircraft-carriers,0
Ivory Coast,navy-aircraft-carriers,0
Japan,navy-aircraft-carriers,0
Jordan,navy-aircraft-carriers,0
Kazakhstan,navy-aircraft-carriers,0
Kenya,navy-aircraft-carriers,0
Kuwait,navy-aircraft-carriers,0
Laos,navy-aircraft-carriers,0
Latvia,navy-aircraft-carriers,0
Lebanon,navy-aircraft-carriers,0
Liberia,navy-aircraft-carriers,0
Libya,navy-aircraft-carriers,0
Lithuania,navy-aircraft-carriers,0
Madagascar,navy-aircraft-carriers,0
Malaysia,navy-aircraft-carriers,0
Mauritania,navy-aircraft-carriers,0
Mexico,navy-aircraft-carriers,0
Montenegro,navy-aircraft-carriers,0
Morocco,navy-aircraft-carriers,0
Mozambique,navy-aircraft-carriers,0
Myanmar,navy-aircraft-carriers,0
Namibia,navy-aircraft-carriers,0
Netherlands,navy-aircraft-carriers,0
New Zealand,navy-aircraft-carriers,0
Nicaragua,navy-aircraft-carriers,0
Nigeria,navy-aircraft-carriers,0
North Korea,navy-aircraft-carriers,0
Norway,navy-aircraft-carriers,0
Oman,navy-aircraft-carriers,0
Pakistan,navy-aircraft-carriers,0
Panama,navy-aircraft-carriers,0
Paraguay,navy-aircraft-carriers,0
Peru,navy-aircraft-carriers,0
Philippines,navy-aircraft-carriers,0
Poland,navy-aircraft-carriers,0
Portugal,navy-aircraft-carriers,0
Qatar,navy-aircraft-carriers,0
Republic of the Congo,navy-aircraft-carriers,0
Romania,navy-aircraft-carriers,0
Saudi Arabia,navy-aircraft-carriers,0
Senegal,navy-aircraft-carriers,0
Serbia,navy-aircraft-carriers,0
Sierra Leone,navy-aircraft-carriers,0
Singapore,navy-aircraft-carriers,0
Slovenia,navy-aircraft-carriers,0
Somalia,navy-aircraft-carriers,0
South Africa,navy-aircraft-carriers,0
South Korea,navy-aircraft-carriers,0
Sri Lanka,navy-aircraft-carriers,0
Sudan,navy-aircraft-carriers,0
Suriname,navy-aircraft-carriers,0
Sweden,navy-aircraft-carriers,0
Syria,navy-aircraft-carriers,0
Taiwan,navy-aircraft-carriers,0
Tanzania,navy-aircraft-carriers,0
Thailand,navy-aircraft-carriers,0
Tunisia,navy-aircraft-carriers,0
Turkiye,navy-aircraft-carriers,0
Turkmenistan,navy-aircraft-carriers,0
Uganda,navy-aircraft-carriers,0
Ukraine,navy-aircraft-carriers,0
United Arab Emirates,navy-aircraft-carriers,0
Uruguay,navy-aircraft-carriers,0
Venezuela,navy-aircraft-carriers,0
Vietnam,navy-aircraft-carriers,0
Yemen,navy-aircraft-carriers,0
Afghanistan,navy-aircraft-carriers,0
Armenia,navy-aircraft-carriers,0
Austria,navy-aircraft-carriers,0
Belarus,navy-aircraft-carriers,0
Bhutan,navy-aircraft-carriers,0
Botswana,navy-aircraft-carriers,0
Burkina Faso,navy-aircraft-carriers,0
Central African Republic,navy-aircraft-carriers,0
Chad,navy-aircraft-carriers,0
Czechia,navy-aircraft-carriers,0
Ethiopia,navy-aircraft-carriers,0
Hungary,navy-aircraft-carriers,0
Kosovo,navy-aircraft-carriers,0
Kyrgyzstan,navy-aircraft-carriers,0
Luxembourg,navy-aircraft-carriers,0
Mali,navy-aircraft-carriers,0
Moldova,navy-aircraft-carriers,0
Mongolia,navy-aircraft-carriers,0
Nepal,navy-aircraft-carriers,0
Niger,navy-aircraft-carriers,0
North Macedonia,navy-aircraft-carriers,0
Slovakia,navy-aircraft-carriers,0
South Sudan,navy-aircraft-carriers,0
Switzerland,navy-aircraft-carriers,0
Tajikistan,navy-aircraft-carriers,0
Uzbekistan,navy-aircraft-carriers,0
Zambia,navy-aircraft-carriers,0
Zimbabwe,navy-aircraft-carriers,0
United States,navy-helo-carriers,9
China,navy-helo-carriers,4
Japan,navy-helo-carriers,4
France,navy-helo-carriers,3
Australia,navy-helo-carriers,2
Egypt,navy-helo-carriers,2
South Korea,navy-helo-carriers,2
Brazil,navy-helo-carriers,1
Thailand,navy-helo-carriers,1
Turkiye,navy-helo-carriers,1
Albania,navy-helo-carriers,0
Algeria,navy-helo-carriers,0
Angola,navy-helo-carriers,0
Argentina,navy-helo-carriers,0
Azerbaijan,navy-helo-carriers,0
Bahrain,navy-helo-carriers,0
Bangladesh,navy-helo-carriers,0
Belgium,navy-helo-carriers,0
Beliz,navy-helo-carriers,0
Benin,navy-helo-carriers,0
Bolivia,navy-helo-carriers,0
Bosnia and Herzegovina,navy-helo-carriers,0
Bulgaria,navy-helo-carriers,0
Cambodia,navy-helo-carriers,0
Cameroon,navy-helo-carriers,0
Canada,navy-helo-carriers,0
Chile,navy-helo-carriers,0
Colombia,navy-helo-carriers,0
Croatia,navy-helo-carriers,0
Cuba,navy-helo-carriers,0
Democratic Republic of the Congo,navy-helo-carriers,0
Denmark,navy-helo-carriers,0
Dominican Republic,navy-helo-carriers,0
Ecuador,navy-helo-carriers,0
El Salvador,navy-helo-carriers,0
Eritrea,navy-helo-carriers,0
Estonia,navy-helo-carriers,0
Finland,navy-helo-carriers,0
Gabon,navy-helo-carriers,0
Georgia,navy-helo-carriers,0
Germany,navy-helo-carriers,0
Ghana,navy-helo-carriers,0
Greece,navy-helo-carriers,0
Guatemala,navy-helo-carriers,0
Honduras,navy-helo-carriers,0
Iceland,navy-helo-carriers,0
India,navy-helo-carriers,0
Indonesia,navy-helo-carriers,0
Iran,navy-helo-carriers,0
Iraq,navy-helo-carriers,0
Ireland,navy-helo-carriers,0
Israel,navy-helo-carriers,0
Italy,navy-helo-carriers,0
Ivory Coast,navy-helo-carriers,0
Jordan,navy-helo-carriers,0
Kazakhstan,navy-helo-carriers,0
Kenya,navy-helo-carriers,0
Kuwait,navy-helo-carriers,0
Laos,navy-helo-carriers,0
Latvia,navy-helo-carriers,0
Lebanon,navy-helo-carriers,0
Liberia,navy-helo-carriers,0
Libya,navy-helo-carriers,0
Lithuania,navy-helo-carriers,0
Madagascar,navy-helo-carriers,0
Malaysia,navy-helo-carriers,0
Mauritania,navy-helo-carriers,0
Mexico,navy-helo-carriers,0
Montenegro,navy-helo-carriers,0
Morocco,navy-helo-carriers,0
Mozambique,navy-helo-carriers,0
Myanmar,navy-helo-carriers,0
Namibia,navy-helo-carriers,0
Netherlands,navy-helo-carriers,0
New Zealand,navy-helo-carriers,0
Nicaragua,navy-helo-carriers,0
Nigeria,navy-helo-carriers,0
North Korea,navy-helo-carriers,0
Norway,navy-helo-carriers,0
Oman,navy-helo-carriers,0
Pakistan,navy-helo-carriers,0
Panama,navy-helo-carriers,0
Paraguay,navy-helo-carriers,0
Peru,navy-helo-carriers,0
Philippines,navy-helo-carriers,0
Poland,navy-helo-carriers,0
Portugal,navy-helo-carriers,0
Qatar,navy-helo-carriers,0
Republic of the Congo,navy-helo-carriers,0
Romania,navy-helo-carriers,0
Russia,navy-helo-carriers,0
Saudi Arabia,navy-helo-carriers,0
Senegal,navy-helo-carriers,0
Serbia,navy-helo-carriers,0
Sierra Leone,navy-helo-carriers,0
Singapore,navy-helo-carriers,0
Slovenia,navy-helo-carriers,0
Somalia,navy-helo-carriers,0
South Africa,navy-helo-carriers,0
Spain,navy-helo-carriers,0
Sri Lanka,navy-helo-carriers,0
Sudan,navy-helo-carriers,0
Suriname,navy-helo-carriers,0
Sweden,navy-helo-carriers,0
Syria,navy-helo-carriers,0
Taiwan,navy-helo-carriers,0
Tanzania,navy-helo-carriers,0
Tunisia,navy-helo-carriers,0
Turkmenistan,navy-helo-carriers,0
Uganda,navy-helo-carriers,0
Ukraine,navy-helo-carriers,0
United Arab Emirates,navy-helo-carriers,0
United Kingdom,navy-helo-carriers,0
Uruguay,navy-helo-carriers,0
Venezuela,navy-helo-carriers,0
Vietnam,navy-helo-carriers,0
Yemen,navy-helo-carriers,0
Afghanistan,navy-helo-carriers,0
Armenia,navy-helo-carriers,0
Austria,navy-helo-carriers,0
Belarus,navy-helo-carriers,0
Bhutan,navy-helo-carriers,0
Botswana,navy-helo-carriers,0
Burkina Faso,navy-helo-carriers,0
Central African Republic,navy-helo-carriers,0
Chad,navy-helo-carriers,0
Czechia,navy-helo-carriers,0
Ethiopia,navy-helo-carriers,0
Hungary,navy-helo-carriers,0
Kosovo,navy-helo-carriers,0
Kyrgyzstan,navy-helo-carriers,0
Luxembourg,navy-helo-carriers,0
Mali,navy-helo-carriers,0
Moldova,navy-helo-carriers,0
Mongolia,navy-helo-carriers,0
Nepal,navy-helo-carriers,0
Niger,navy-helo-carriers,0
North Macedonia,navy-helo-carriers,0
Slovakia,navy-helo-carriers,0
South Sudan,navy-helo-carriers,0
Switzerland,navy-helo-carriers,0
Tajikistan,navy-helo-carriers,0
Uzbekistan,navy-helo-carriers,0
Zambia,navy-helo-carriers,0
Zimbabwe,navy-helo-carriers,0
United States,navy-submarines,70
Russia,navy-submarines,63
China,navy-submarines,61
Iran,navy-submarines,25
Japan,navy-submarines,24
South Korea,navy-submarines,22
India,navy-submarines,18
North Korea,navy-submarines,13
Turkiye,navy-submarines,13
Greece,navy-submarines,10
France,navy-submarines,9
United Kingdom,navy-submarines,9
Vietnam,navy-submarines,9
Egypt,navy-submarines,8
Italy,navy-submarines,8
Pakistan,navy-submarines,8
Algeria,navy-submarines,6
Australia,navy-submarines,6
Germany,navy-submarines,6
Norway,navy-submarines,6
Singapore,navy-submarines,6
Israel,navy-submarines,5
Azerbaijan,navy-submarines,4
Brazil,navy-submarines,4
Canada,navy-submarines,4
Chile,navy-submarines,4
Colombia,navy-submarines,4
Indonesia,navy-submarines,4
Peru,navy-submarines,4
Sweden,navy-submarines,4
Taiwan,navy-submarines,4
Myanmar,navy-submarines,3
Netherlands,navy-submarines,3
South Africa,navy-submarines,3
Argentina,navy-submarines,2
Bangladesh,navy-submarines,2
Ecuador,navy-submarines,2
Malaysia,navy-submarines,2
Portugal,navy-submarines,2
Spain,navy-submarines,2
Poland,navy-submarines,1
Venezuela,navy-submarines,1
Albania,navy-submarines,0
Angola,navy-submarines,0
Bahrain,navy-submarines,0
Belgium,navy-submarines,0
Beliz,navy-submarines,0
Benin,navy-submarines,0
Bolivia,navy-submarines,0
Bosnia and Herzegovina,navy-submarines,0
Bulgaria,navy-submarines,0
Cambodia,navy-submarines,0
Cameroon,navy-submarines,0
Croatia,navy-submarines,0
Cuba,navy-submarines,0
Democratic Republic of the Congo,navy-submarines,0
Denmark,navy-submarines,0
Dominican Republic,navy-submarines,0
El Salvador,navy-submarines,0
Eritrea,navy-submarines,0
Estonia,navy-submarines,0
Finland,navy-submarines,0
Gabon,navy-submarines,0
Georgia,navy-submarines,0
Ghana,navy-submarines,0
Guatemala,navy-submarines,0
Honduras,navy-submarines,0
Iceland,navy-submarines,0
Iraq,navy-submarines,0
Ireland,navy-submarines,0
Ivory Coast,navy-submarines,0
Jordan,navy-submarines,0
Kazakhstan,navy-submarines,0
Kenya,navy-submarines,0
Kuwait,navy-submarines,0
Laos,navy-submarines,0
Latvia,navy-submarines,0
Lebanon,navy-submarines,0
Liberia,navy-submarines,0
Libya,navy-submarines,0
Lithuania,navy-submarines,0
Madagascar,navy-submarines,0
Mauritania,navy-submarines,0
Mexico,navy-submarines,0
Montenegro,navy-submarines,0
Morocco,navy-submarines,0
Mozambique,navy-submarines,0
Namibia,navy-submarines,0
New Zealand,navy-submarines,0
Nicaragua,navy-submarines,0
Nigeria,navy-submarines,0
Oman,navy-submarines,0
Panama,navy-submarines,0
Paraguay,navy-submarines,0
Philippines,navy-submarines,0
Qatar,navy-submarines,0
Republic of the Congo,navy-submarines,0
Romania,navy-submarines,0
Saudi Arabia,navy-submarines,0
Senegal,navy-submarines,0
Serbia,navy-submarines,0
Sierra Leone,navy-submarines,0
Slovenia,navy-submarines,0
Somalia,navy-submarines,0
Sri Lanka,navy-submarines,0
Sudan,navy-submarines,0
Suriname,navy-submarines,0
Syria,navy-submarines,0
Tanzania,navy-submarines,0
Thailand,navy-submarines,0
Tunisia,navy-submarines,0
Turkmenistan,navy-submarines,0
Uganda,navy-submarines,0
Ukraine,navy-submarines,0
United Arab Emirates,navy-submarines,0
Uruguay,navy-submarines,0
Yemen,navy-submarines,0
Afghanistan,navy-submarines,0
Armenia,navy-submarines,0
Austria,navy-submarines,0
Belarus,navy-submarines,0
Bhutan,navy-submarines,0
Botswana,navy-submarines,0
Burkina Faso,navy-submarines,0
Central African Republic,navy-submarines,0
Chad,navy-submarines,0
Czechia,navy-submarines,0
Ethiopia,navy-submarines,0
Hungary,navy-submarines,0
Kosovo,navy-submarines,0
Kyrgyzstan,navy-submarines,0
Luxembourg,navy-submarines,0
Mali,navy-submarines,0
Moldova,navy-submarines,0
Mongolia,navy-submarines,0
Nepal,navy-submarines,0
Niger,navy-submarines,0
North Macedonia,navy-submarines,0
Slovakia,navy-submarines,0
South Sudan,navy-submarines,0
Switzerland,navy-submarines,0
Tajikistan,navy-submarines,0
Uzbekistan,navy-submarines,0
Zambia,navy-submarines,0
Zimbabwe,navy-submarines,0
China,navy-frigates,47
Taiwan,navy-frigates,22
South Korea,navy-frigates,17
Turkiye,navy-frigates,17
India,navy-frigates,14
Egypt,navy-frigates,13
Greece,navy-frigates,13
Canada,navy-frigates,12
Russia,navy-frigates,12
France,navy-frigates,11
Germany,navy-frigates,11
Spain,navy-frigates,11
Italy,navy-frigates,10
Denmark,navy-frigates,9
Pakistan,navy-frigates,9
Vietnam,navy-frigates,9
Algeria,navy-frigates,8
Chile,navy-frigates,8
United Kingdom,navy-frigates,8
Australia,navy-frigates,7
Bangladesh,navy-frigates,7
Colombia,navy-frigates,7
Indonesia,navy-frigates,7
Iran,navy-frigates,7
Peru,navy-frigates,7
Saudi Arabia,navy-frigates,7
Thailand,navy-frigates,7
Brazil,navy-frigates,6
Japan,navy-frigates,6
Morocco,navy-frigates,6
Myanmar,navy-frigates,6
Netherlands,navy-frigates,6
Singapore,navy-frigates,6
Portugal,navy-frigates,5
Sri Lanka,navy-frigates,5
Bulgaria,navy-frigates,4
Norway,navy-frigates,4
South Africa,navy-frigates,4
Romania,navy-frigates,3
Bahrain,navy-frigates,2
Belgium,navy-frigates,2
Ecuador,navy-frigates,2
Malaysia,navy-frigates,2
New Zealand,navy-frigates,2
North Korea,navy-frigates,2
Philippines,navy-frigates,2
Poland,navy-frigates,2
Cuba,navy-frigates,1
Mexico,navy-frigates,1
Nigeria,navy-frigates,1
Venezuela,navy-frigates,1
Albania,navy-frigates,0
Angola,navy-frigates,0
Argentina,navy-frigates,0
Azerbaijan,navy-frigates,0
Beliz,navy-frigates,0
Benin,navy-frigates,0
Bolivia,navy-frigates,0
Bosnia and Herzegovina,navy-frigates,0
Cambodia,navy-frigates,0
Cameroon,navy-frigates,0
Croatia,navy-frigates,0
Democratic Republic of the Congo,navy-frigates,0
Dominican Republic,navy-frigates,0
El Salvador,navy-frigates,0
Eritrea,navy-frigates,0
Estonia,navy-frigates,0
Finland,navy-frigates,0
Gabon,navy-frigates,0
Georgia,navy-frigates,0
Ghana,navy-frigates,0
Guatemala,navy-frigates,0
Honduras,navy-frigates,0
Iceland,navy-frigates,0
Iraq,navy-frigates,0
Ireland,navy-frigates,0
Israel,navy-frigates,0
Ivory Coast,navy-frigates,0
Jordan,navy-frigates,0
Kazakhstan,navy-frigates,0
Kenya,navy-frigates,0
Kuwait,navy-frigates,0
Laos,navy-frigates,0
Latvia,navy-frigates,0
Lebanon,navy-frigates,0
Liberia,navy-frigates,0
Libya,navy-frigates,0
Lithuania,navy-frigates,0
Madagascar,navy-frigates,0
Mauritania,navy-frigates,0
Montenegro,navy-frigates,0
Mozambique,navy-frigates,0
Namibia,navy-frigates,0
Nicaragua,navy-frigates,0
Oman,navy-frigates,0
Panama,navy-frigates,0
Paraguay,navy-frigates,0
Qatar,navy-frigates,0
Republic of the Congo,navy-frigates,0
Senegal,navy-frigates,0
Serbia,navy-frigates,0
Sierra Leone,navy-frigates,0
Slovenia,navy-frigates,0
Somalia,navy-frigates,0
Sudan,navy-frigates,0
Suriname,navy-frigates,0
Sweden,navy-frigates,0
Syria,navy-frigates,0
Tanzania,navy-frigates,0
Tunisia,navy-frigates,0
Turkmenistan,navy-frigates,0
Uganda,navy-frigates,0
Ukraine,navy-frigates,0
United Arab Emirates,navy-frigates,0
United States,navy-frigates,0
Uruguay,navy-frigates,0
Yemen,navy-frigates,0
Afghanistan,navy-frigates,0
Armenia,navy-frigates,0
Austria,navy-frigates,0
Belarus,navy-frigates,0
Bhutan,navy-frigates,0
Botswana,navy-frigates,0
Burkina Faso,navy-frigates,0
Central African Republic,navy-frigates,0
Chad,navy-frigates,0
Czechia,navy-frigates,0
Ethiopia,navy-frigates,0
Hungary,navy-frigates,0
Kosovo,navy-frigates,0
Kyrgyzstan,navy-frigates,0
Luxembourg,navy-frigates,0
Mali,navy-frigates,0
Moldova,navy-frigates,0
Mongolia,navy-frigates,0
Nepal,navy-frigates,0
Niger,navy-frigates,0
North Macedonia,navy-frigates,0
Slovakia,navy-frigates,0
South Sudan,navy-frigates,0
Switzerland,navy-frigates,0
Tajikistan,navy-frigates,0
Uzbekistan,navy-frigates,0
Zambia,navy-frigates,0
Zimbabwe,navy-frigates,0
Russia,navy-mine-warfare-craft,47
China,navy-mine-warfare-craft,36
Poland,navy-mine-warfare-craft,26
Japan,navy-mine-warfare-craft,22
Finland,navy-mine-warfare-craft,18
Egypt,navy-mine-warfare-craft,17
France,navy-mine-warfare-craft,17
South Korea,navy-mine-warfare-craft,14
Taiwan,navy-mine-warfare-craft,14
Germany,navy-mine-warfare-craft,12
Indonesia,navy-mine-warfare-craft,12
Turkiye,navy-mine-warfare-craft,11
Bulgaria,navy-mine-warfare-craft,10
Italy,navy-mine-warfare-craft,10
Sweden,navy-mine-warfare-craft,8
United States,navy-mine-warfare-craft,8
Vietnam,navy-mine-warfare-craft,8
Greece,navy-mine-warfare-craft,7
United Kingdom,navy-mine-warfare-craft,7
Denmark,navy-mine-warfare-craft,6
Latvia,navy-mine-warfare-craft,6
Spain,navy-mine-warfare-craft,6
Bangladesh,navy-mine-warfare-craft,5
Belgium,navy-mine-warfare-craft,5
Norway,navy-mine-warfare-craft,5
Romania,navy-mine-warfare-craft,5
Serbia,navy-mine-warfare-craft,5
Thailand,navy-mine-warfare-craft,5
Azerbaijan,navy-mine-warfare-craft,4
Cuba,navy-mine-warfare-craft,4
Estonia,navy-mine-warfare-craft,4
Georgia,navy-mine-warfare-craft,4
Lithuania,navy-mine-warfare-craft,4
Malaysia,navy-mine-warfare-craft,4
Netherlands,navy-mine-warfare-craft,4
Singapore,navy-mine-warfare-craft,4
Syria,navy-mine-warfare-craft,4
Australia,navy-mine-warfare-craft,3
Brazil,navy-mine-warfare-craft,3
Pakistan,navy-mine-warfare-craft,3
Saudi Arabia,navy-mine-warfare-craft,3
Ukraine,navy-mine-warfare-craft,3
Algeria,navy-mine-warfare-craft,2
Kazakhstan,navy-mine-warfare-craft,2
Myanmar,navy-mine-warfare-craft,2
Nigeria,navy-mine-warfare-craft,2
South Africa,navy-mine-warfare-craft,2
United Arab Emirates,navy-mine-warfare-craft,2
Uruguay,navy-mine-warfare-craft,2
Croatia,navy-mine-warfare-craft,1
Iran,navy-mine-warfare-craft,1
Libya,navy-mine-warfare-craft,1
North Korea,navy-mine-warfare-craft,1
Yemen,navy-mine-warfare-craft,1
Albania,navy-mine-warfare-craft,0
Angola,navy-mine-warfare-craft,0
Argentina,navy-mine-warfare-craft,0
Bahrain,navy-mine-warfare-craft,0
Beliz,navy-mine-warfare-craft,0
Benin,navy-mine-warfare-craft,0
Bolivia,navy-mine-warfare-craft,0
Bosnia and Herzegovina,navy-mine-warfare-craft,0
Cambodia,navy-mine-warfare-craft,0
Cameroon,navy-mine-warfare-craft,0
Canada,navy-mine-warfare-craft,0
Chile,navy-mine-warfare-craft,0
Colombia,navy-mine-warfare-craft,0
Democratic Republic of the Congo,navy-mine-warfare-craft,0
Dominican Republic,navy-mine-warfare-craft,0
Ecuador,navy-mine-warfare-craft,0
El Salvador,navy-mine-warfare-craft,0
Eritrea,navy-mine-warfare-craft,0
Gabon,navy-mine-warfare-craft,0
Ghana,navy-mine-warfare-craft,0
Guatemala,navy-mine-warfare-craft,0
Honduras,navy-mine-warfare-craft,0
Iceland,navy-mine-warfare-craft,0
India,navy-mine-warfare-craft,0
Iraq,navy-mine-warfare-craft,0
Ireland,navy-mine-warfare-craft,0
Israel,navy-mine-warfare-craft,0
Ivory Coast,navy-mine-warfare-craft,0
Jordan,navy-mine-warfare-craft,0
Kenya,navy-mine-warfare-craft,0
Kuwait,navy-mine-warfare-craft,0
Laos,navy-mine-warfare-craft,0
Lebanon,navy-mine-warfare-craft,0
Liberia,navy-mine-warfare-craft,0
Madagascar,navy-mine-warfare-craft,0
Mauritania,navy-mine-warfare-craft,0
Mexico,navy-mine-warfare-craft,0
Montenegro,navy-mine-warfare-craft,0
Morocco,navy-mine-warfare-craft,0
Mozambique,navy-mine-warfare-craft,0
Namibia,navy-mine-warfare-craft,0
New Zealand,navy-mine-warfare-craft,0
Nicaragua,navy-mine-warfare-craft,0
Oman,navy-mine-warfare-craft,0
Panama,navy-mine-warfare-craft,0
Paraguay,navy-mine-warfare-craft,0
Peru,navy-mine-warfare-craft,0
Philippines,navy-mine-warfare-craft,0
Portugal,navy-mine-warfare-craft,0
Qatar,navy-mine-warfare-craft,0
Republic of the Congo,navy-mine-warfare-craft,0
Senegal,navy-mine-warfare-craft,0
Sierra Leone,navy-mine-warfare-craft,0
Slovenia,navy-mine-warfare-craft,0
Somalia,navy-mine-warfare-craft,0
Sri Lanka,navy-mine-warfare-craft,0
Sudan,navy-mine-warfare-craft,0
Suriname,navy-mine-warfare-craft,0
Tanzania,navy-mine-warfare-craft,0
Tunisia,navy-mine-warfare-craft,0
Turkmenistan,navy-mine-warfare-craft,0
Uganda,navy-mine-warfare-craft,0
Venezuela,navy-mine-warfare-craft,0
Afghanistan,navy-mine-warfare-craft,0
Armenia,navy-mine-warfare-craft,0
Austria,navy-mine-warfare-craft,0
Belarus,navy-mine-warfare-craft,0
Bhutan,navy-mine-warfare-craft,0
Botswana,navy-mine-warfare-craft,0
Burkina Faso,navy-mine-warfare-craft,0
Central African Republic,navy-mine-warfare-craft,0
Chad,navy-mine-warfare-craft,0
Czechia,navy-mine-warfare-craft,0
Ethiopia,navy-mine-warfare-craft,0
Hungary,navy-mine-warfare-craft,0
Kosovo,navy-mine-warfare-craft,0
Kyrgyzstan,navy-mine-warfare-craft,0
Luxembourg,navy-mine-warfare-craft,0
Mali,navy-mine-warfare-craft,0
Moldova,navy-mine-warfare-craft,0
Mongolia,navy-mine-warfare-craft,0
Nepal,navy-mine-warfare-craft,0
Niger,navy-mine-warfare-craft,0
North Macedonia,navy-mine-warfare-craft,0
Slovakia,navy-mine-warfare-craft,0
South Sudan,navy-mine-warfare-craft,0
Switzerland,navy-mine-warfare-craft,0
Tajikistan,navy-mine-warfare-craft,0
Uzbekistan,navy-mine-warfare-craft,0
Zambia,navy-mine-warfare-craft,0
Zimbabwe,navy-mine-warfare-craft,0
United States,external-debt-by-country,"$                        							22,303,546,100,000"
United Kingdom,external-debt-by-country,"$                        							9,593,749,000,000"
France,external-debt-by-country,"$                        							6,992,104,900,000"
Germany,external-debt-by-country,"$                        							6,238,609,300,000"
Netherlands,external-debt-by-country,"$                        							4,779,954,300,000"
Luxembourg,external-debt-by-country,"$                        							4,730,000,000,000"
Japan,external-debt-by-country,"$                        							4,679,698,100,000"
Australia,external-debt-by-country,"$                        							3,427,504,300,000"
Ireland,external-debt-by-country,"$                        							3,300,000,000,000"
Italy,external-debt-by-country,"$                        							2,750,000,000,000"
Spain,external-debt-by-country,"$                        							2,572,738,300,000"
Canada,external-debt-by-country,"$                        							2,337,375,700,000"
Switzerland,external-debt-by-country,"$                        							2,200,000,000,000"
Singapore,external-debt-by-country,"$                        							1,713,410,600,000"
Belgium,external-debt-by-country,"$                        							1,449,264,300,000"
China,external-debt-by-country,"$                        							1,218,458,500,000"
Panama,external-debt-by-country,"$                        							1,115,532,300,000"
Sweden,external-debt-by-country,"$                        							1,002,448,700,000"
Norway,external-debt-by-country,"$                        							716,144,000,000"
Finland,external-debt-by-country,"$                        							660,000,000,000"
Austria,external-debt-by-country,"$                        							630,000,000,000"
Denmark,external-debt-by-country,"$                        							555,500,000,000"
Greece,external-debt-by-country,"$                        							550,000,000,000"
South Korea,external-debt-by-country,"$                        							503,519,500,000"
Indonesia,external-debt-by-country,"$                        							440,000,000,000"
Brazil,external-debt-by-country,"$                        							432,224,000,000"
Portugal,external-debt-by-country,"$                        							399,395,000,000"
Poland,external-debt-by-country,"$                        							386,947,000,000"
Mexico,external-debt-by-country,"$                        							371,359,000,000"
India,external-debt-by-country,"$                        							371,020,500,000"
Russia,external-debt-by-country,"$                        							317,650,500,000"
Turkiye,external-debt-by-country,"$                        							294,441,000,000"
United Arab Emirates,external-debt-by-country,"$                        							264,000,000,000"
Malaysia,external-debt-by-country,"$                        							247,500,000,000"
Saudi Arabia,external-debt-by-country,"$                        							225,610,000,000"
Chile,external-debt-by-country,"$                        							214,500,000,000"
Czechia,external-debt-by-country,"$                        							211,200,000,000"
New Zealand,external-debt-by-country,"$                        							209,683,100,000"
Taiwan,external-debt-by-country,"$                        							209,000,000,000"
Qatar,external-debt-by-country,"$                        							187,000,000,000"
Argentina,external-debt-by-country,"$                        							178,940,000,000"
Israel,external-debt-by-country,"$                        							148,500,000,000"
Hungary,external-debt-by-country,"$                        							137,500,000,000"
Ukraine,external-debt-by-country,"$                        							132,000,000,000"
Romania,external-debt-by-country,"$                        							132,000,000,000"
Slovakia,external-debt-by-country,"$                        							127,600,000,000"
Colombia,external-debt-by-country,"$                        							116,779,500,000"
Venezuela,external-debt-by-country,"$                        							110,330,000,000"
Vietnam,external-debt-by-country,"$                        							110,000,000,000"
Egypt,external-debt-by-country,"$                        							103,750,000,000"
Thailand,external-debt-by-country,"$                        							102,694,000,000"
Pakistan,external-debt-by-country,"$                        							92,426,000,000"
Kazakhstan,external-debt-by-country,"$                        							91,321,500,000"
Philippines,external-debt-by-country,"$                        							90,200,000,000"
Peru,external-debt-by-country,"$                        							59,400,000,000"
South Africa,external-debt-by-country,"$                        							58,773,000,000"
Kuwait,external-debt-by-country,"$                        							55,000,000,000"
Croatia,external-debt-by-country,"$                        							55,000,000,000"
Slovenia,external-debt-by-country,"$                        							55,000,000,000"
Bangladesh,external-debt-by-country,"$                        							51,965,000,000"
Oman,external-debt-by-country,"$                        							50,897,000,000"
Bahrain,external-debt-by-country,"$                        							49,500,000,000"
Uruguay,external-debt-by-country,"$                        							49,500,000,000"
Sri Lanka,external-debt-by-country,"$                        							46,409,500,000"
Angola,external-debt-by-country,"$                        							45,774,500,000"
Morocco,external-debt-by-country,"$                        							45,645,000,000"
Iraq,external-debt-by-country,"$                        							45,032,500,000"
Ecuador,external-debt-by-country,"$                        							44,898,000,000"
Latvia,external-debt-by-country,"$                        							44,180,400,000"
Lithuania,external-debt-by-country,"$                        							44,000,000,000"
Belarus,external-debt-by-country,"$                        							44,000,000,000"
Sudan,external-debt-by-country,"$                        							37,846,000,000"
Lebanon,external-debt-by-country,"$                        							36,928,000,000"
Serbia,external-debt-by-country,"$                        							35,200,000,000"
Cuba,external-debt-by-country,"$                        							33,066,000,000"
Nigeria,external-debt-by-country,"$                        							32,455,500,000"
Kenya,external-debt-by-country,"$                        							30,514,500,000"
Dominican Republic,external-debt-by-country,"$                        							27,500,000,000"
Guatemala,external-debt-by-country,"$                        							27,500,000,000"
Bulgaria,external-debt-by-country,"$                        							27,138,500,000"
Tunisia,external-debt-by-country,"$                        							27,084,500,000"
Estonia,external-debt-by-country,"$                        							26,400,000,000"
Ethiopia,external-debt-by-country,"$                        							25,761,000,000"
Jordan,external-debt-by-country,"$                        							25,646,500,000"
Ghana,external-debt-by-country,"$                        							22,550,000,000"
Iceland,external-debt-by-country,"$                        							22,000,000,000"
Uzbekistan,external-debt-by-country,"$                        							19,652,500,000"
Mongolia,external-debt-by-country,"$                        							19,542,500,000"
Ivory Coast,external-debt-by-country,"$                        							19,311,500,000"
Tanzania,external-debt-by-country,"$                        							18,983,500,000"
Laos,external-debt-by-country,"$                        							16,500,000,000"
Azerbaijan,external-debt-by-country,"$                        							16,159,500,000"
Paraguay,external-debt-by-country,"$                        							14,370,000,000"
El Salvador,external-debt-by-country,"$                        							14,258,000,000"
Georgia,external-debt-by-country,"$                        							13,488,000,000"
Zambia,external-debt-by-country,"$                        							13,200,000,000"
Cambodia,external-debt-by-country,"$                        							13,200,000,000"
Mozambique,external-debt-by-country,"$                        							12,100,000,000"
Uganda,external-debt-by-country,"$                        							11,818,000,000"
Bolivia,external-debt-by-country,"$                        							11,431,000,000"
Senegal,external-debt-by-country,"$                        							11,326,000,000"
North Macedonia,external-debt-by-country,"$                        							11,000,000,000"
Zimbabwe,external-debt-by-country,"$                        							11,000,000,000"
Cameroon,external-debt-by-country,"$                        							9,506,000,000"
Nicaragua,external-debt-by-country,"$                        							9,053,000,000"
Armenia,external-debt-by-country,"$                        							9,014,000,000"
Honduras,external-debt-by-country,"$                        							8,805,500,000"
Namibia,external-debt-by-country,"$                        							8,800,000,000"
Bosnia and Herzegovina,external-debt-by-country,"$                        							7,760,500,000"
Albania,external-debt-by-country,"$                        							7,312,000,000"
Myanmar,external-debt-by-country,"$                        							7,253,400,000"
Tajikistan,external-debt-by-country,"$                        							7,150,000,000"
Kyrgyzstan,external-debt-by-country,"$                        							6,728,500,000"
Yemen,external-debt-by-country,"$                        							6,343,500,000"
Gabon,external-debt-by-country,"$                        							6,280,000,000"
Nepal,external-debt-by-country,"$                        							5,838,500,000"
Somalia,external-debt-by-country,"$                        							5,830,000,000"
Republic of the Congo,external-debt-by-country,"$                        							5,741,000,000"
North Korea,external-debt-by-country,"$                        							5,500,000,000"
Democratic Republic of the Congo,external-debt-by-country,"$                        							4,994,000,000"
Moldova,external-debt-by-country,"$                        							4,565,500,000"
Syria,external-debt-by-country,"$                        							4,309,500,000"
Iran,external-debt-by-country,"$                        							4,134,926,000"
Benin,external-debt-by-country,"$                        							4,066,500,000"
Mali,external-debt-by-country,"$                        							4,057,500,000"
Niger,external-debt-by-country,"$                        							3,844,000,000"
Mauritania,external-debt-by-country,"$                        							3,661,000,000"
Algeria,external-debt-by-country,"$                        							3,335,624,000"
Libya,external-debt-by-country,"$                        							3,322,000,000"
Burkina Faso,external-debt-by-country,"$                        							3,145,000,000"
Madagascar,external-debt-by-country,"$                        							3,028,500,000"
Montenegro,external-debt-by-country,"$                        							2,958,500,000"
Bhutan,external-debt-by-country,"$                        							2,757,000,000"
Kosovo,external-debt-by-country,"$                        							2,750,000,000"
Sierra Leone,external-debt-by-country,"$                        							2,687,000,000"
South Sudan,external-debt-by-country,"$                        							2,475,000,000"
Suriname,external-debt-by-country,"$                        							2,200,000,000"
Turkmenistan,external-debt-by-country,"$                        							2,134,500,000"
Chad,external-debt-by-country,"$                        							2,038,000,000"
Botswana,external-debt-by-country,"$                        							1,853,500,000"
Beliz,external-debt-by-country,"$                        							1,248,000,000"
Afghanistan,external-debt-by-country,"$                        							1,142,500,000"
Liberia,external-debt-by-country,"$                        							830,923,000"
Central African Republic,external-debt-by-country,"$                        							666,293,000"
Eritrea,external-debt-by-country,"$                        							635,504,500"
China,purchasing-power-parity,"$                        							31,227,000,000,000"
United States,purchasing-power-parity,"$                        							24,662,000,000,000"
India,purchasing-power-parity,"$                        							13,104,000,000,000"
Russia,purchasing-power-parity,"$                        							5,816,000,000,000"
Japan,purchasing-power-parity,"$                        							5,761,000,000,000"
Germany,purchasing-power-parity,"$                        							5,230,000,000,000"
Brazil,purchasing-power-parity,"$                        							4,016,000,000,000"
Indonesia,purchasing-power-parity,"$                        							3,906,000,000,000"
France,purchasing-power-parity,"$                        							3,764,000,000,000"
United Kingdom,purchasing-power-parity,"$                        							3,700,000,000,000"
Italy,purchasing-power-parity,"$                        							3,097,000,000,000"
Turkiye,purchasing-power-parity,"$                        							2,936,000,000,000"
Mexico,purchasing-power-parity,"$                        							2,873,000,000,000"
South Korea,purchasing-power-parity,"$                        							2,615,000,000,000"
Spain,purchasing-power-parity,"$                        							2,242,000,000,000"
Canada,purchasing-power-parity,"$                        							2,238,000,000,000"
Egypt,purchasing-power-parity,"$                        							1,912,000,000,000"
Saudi Arabia,purchasing-power-parity,"$                        							1,831,000,000,000"
Poland,purchasing-power-parity,"$                        							1,616,000,000,000"
Australia,purchasing-power-parity,"$                        							1,584,000,000,000"
Thailand,purchasing-power-parity,"$                        							1,516,000,000,000"
Iran,purchasing-power-parity,"$                        							1,440,000,000,000"
Bangladesh,purchasing-power-parity,"$                        							1,413,000,000,000"
Vietnam,purchasing-power-parity,"$                        							1,354,000,000,000"
Pakistan,purchasing-power-parity,"$                        							1,347,000,000,000"
Nigeria,purchasing-power-parity,"$                        							1,275,000,000,000"
Taiwan,purchasing-power-parity,"$                        							1,257,300,000,000"
Netherlands,purchasing-power-parity,"$                        							1,240,000,000,000"
Argentina,purchasing-power-parity,"$                        							1,235,000,000,000"
Malaysia,purchasing-power-parity,"$                        							1,152,000,000,000"
Philippines,purchasing-power-parity,"$                        							1,138,000,000,000"
Colombia,purchasing-power-parity,"$                        							978,024,000,000"
South Africa,purchasing-power-parity,"$                        							862,981,000,000"
Romania,purchasing-power-parity,"$                        							772,107,000,000"
Singapore,purchasing-power-parity,"$                        							754,758,000,000"
Belgium,purchasing-power-parity,"$                        							751,592,000,000"
Switzerland,purchasing-power-parity,"$                        							733,779,000,000"
United Arab Emirates,purchasing-power-parity,"$                        							719,733,000,000"
Kazakhstan,purchasing-power-parity,"$                        							705,520,000,000"
Algeria,purchasing-power-parity,"$                        							699,947,000,000"
Sweden,purchasing-power-parity,"$                        							676,353,000,000"
Ireland,purchasing-power-parity,"$                        							608,463,000,000"
Austria,purchasing-power-parity,"$                        							590,354,000,000"
Chile,purchasing-power-parity,"$                        							579,201,000,000"
Iraq,purchasing-power-parity,"$                        							572,939,000,000"
Ukraine,purchasing-power-parity,"$                        							559,981,000,000"
Portugal,purchasing-power-parity,"$                        							529,901,000,000"
Czechia,purchasing-power-parity,"$                        							519,007,000,000"
Peru,purchasing-power-parity,"$                        							517,644,000,000"
Norway,purchasing-power-parity,"$                        							499,528,000,000"
Israel,purchasing-power-parity,"$                        							471,030,000,000"
Denmark,purchasing-power-parity,"$                        							428,385,000,000"
Hungary,purchasing-power-parity,"$                        							388,906,000,000"
Greece,purchasing-power-parity,"$                        							375,780,000,000"
Ethiopia,purchasing-power-parity,"$                        							354,604,000,000"
Morocco,purchasing-power-parity,"$                        							337,480,000,000"
Finland,purchasing-power-parity,"$                        							321,126,000,000"
Uzbekistan,purchasing-power-parity,"$                        							319,174,000,000"
Kenya,purchasing-power-parity,"$                        							314,063,000,000"
Qatar,purchasing-power-parity,"$                        							304,973,000,000"
Venezuela,purchasing-power-parity,"$                        							295,974,800,000"
Myanmar,purchasing-power-parity,"$                        							290,507,000,000"
Sri Lanka,purchasing-power-parity,"$                        							287,132,000,000"
Angola,purchasing-power-parity,"$                        							265,868,000,000"
Dominican Republic,purchasing-power-parity,"$                        							261,616,000,000"
Ecuador,purchasing-power-parity,"$                        							260,213,000,000"
New Zealand,purchasing-power-parity,"$                        							254,770,000,000"
Belarus,purchasing-power-parity,"$                        							254,407,000,000"
Tanzania,purchasing-power-parity,"$                        							234,050,000,000"
Ghana,purchasing-power-parity,"$                        							229,639,000,000"
Guatemala,purchasing-power-parity,"$                        							223,183,000,000"
Kuwait,purchasing-power-parity,"$                        							219,060,000,000"
Azerbaijan,purchasing-power-parity,"$                        							215,896,000,000"
Bulgaria,purchasing-power-parity,"$                        							214,061,000,000"
Slovakia,purchasing-power-parity,"$                        							213,053,000,000"
Ivory Coast,purchasing-power-parity,"$                        							202,758,000,000"
Oman,purchasing-power-parity,"$                        							185,960,000,000"
Serbia,purchasing-power-parity,"$                        							162,213,000,000"
Panama,purchasing-power-parity,"$                        							159,867,000,000"
Croatia,purchasing-power-parity,"$                        							159,305,000,000"
Democratic Republic of the Congo,purchasing-power-parity,"$                        							154,012,000,000"
Tunisia,purchasing-power-parity,"$                        							153,637,000,000"
Nepal,purchasing-power-parity,"$                        							144,310,000,000"
Cuba,purchasing-power-parity,"$                        							141,400,000,000"
Cameroon,purchasing-power-parity,"$                        							138,925,000,000"
Sudan,purchasing-power-parity,"$                        							136,039,000,000"
Uganda,purchasing-power-parity,"$                        							135,668,000,000"
Lithuania,purchasing-power-parity,"$                        							132,712,000,000"
Libya,purchasing-power-parity,"$                        							121,951,000,000"
Bolivia,purchasing-power-parity,"$                        							119,785,000,000"
Paraguay,purchasing-power-parity,"$                        							108,022,000,000"
Jordan,purchasing-power-parity,"$                        							106,806,000,000"
Uruguay,purchasing-power-parity,"$                        							105,096,000,000"
Slovenia,purchasing-power-parity,"$                        							102,036,000,000"
Turkmenistan,purchasing-power-parity,"$                        							94,790,000,000"
Luxembourg,purchasing-power-parity,"$                        							88,533,000,000"
Cambodia,purchasing-power-parity,"$                        							85,900,000,000"
Bahrain,purchasing-power-parity,"$                        							85,491,000,000"
Georgia,purchasing-power-parity,"$                        							83,656,000,000"
Senegal,purchasing-power-parity,"$                        							77,382,000,000"
Zambia,purchasing-power-parity,"$                        							76,493,000,000"
North Korea,purchasing-power-parity,"$                        							72,000,000,000"
El Salvador,purchasing-power-parity,"$                        							71,957,000,000"
Latvia,purchasing-power-parity,"$                        							71,154,000,000"
Honduras,purchasing-power-parity,"$                        							68,854,000,000"
Yemen,purchasing-power-parity,"$                        							67,003,300,000"
Lebanon,purchasing-power-parity,"$                        							65,818,000,000"
Laos,purchasing-power-parity,"$                        							64,173,000,000"
Bosnia and Herzegovina,purchasing-power-parity,"$                        							63,769,000,000"
Zimbabwe,purchasing-power-parity,"$                        							58,583,000,000"
Armenia,purchasing-power-parity,"$                        							57,728,000,000"
Estonia,purchasing-power-parity,"$                        							57,377,000,000"
Mali,purchasing-power-parity,"$                        							57,235,000,000"
Burkina Faso,purchasing-power-parity,"$                        							57,152,000,000"
Mongolia,purchasing-power-parity,"$                        							56,264,000,000"
Syria,purchasing-power-parity,"$                        							55,935,900,000"
Afghanistan,purchasing-power-parity,"$                        							54,772,700,000"
Benin,purchasing-power-parity,"$                        							52,510,000,000"
Madagascar,purchasing-power-parity,"$                        							51,255,000,000"
Nicaragua,purchasing-power-parity,"$                        							51,088,000,000"
Mozambique,purchasing-power-parity,"$                        							50,631,000,000"
Albania,purchasing-power-parity,"$                        							49,592,000,000"
Gabon,purchasing-power-parity,"$                        							48,201,000,000"
Botswana,purchasing-power-parity,"$                        							46,742,000,000"
Tajikistan,purchasing-power-parity,"$                        							46,467,000,000"
Kyrgyzstan,purchasing-power-parity,"$                        							45,461,000,000"
Niger,purchasing-power-parity,"$                        							44,561,000,000"
North Macedonia,purchasing-power-parity,"$                        							42,444,000,000"
Moldova,purchasing-power-parity,"$                        							38,969,000,000"
Republic of the Congo,purchasing-power-parity,"$                        							38,163,000,000"
Chad,purchasing-power-parity,"$                        							32,446,000,000"
Mauritania,purchasing-power-parity,"$                        							30,395,000,000"
Namibia,purchasing-power-parity,"$                        							29,944,000,000"
Somalia,purchasing-power-parity,"$                        							26,351,000,000"
Iceland,purchasing-power-parity,"$                        							26,155,000,000"
Kosovo,purchasing-power-parity,"$                        							23,794,000,000"
South Sudan,purchasing-power-parity,"$                        							20,010,000,000"
Montenegro,purchasing-power-parity,"$                        							17,115,000,000"
Sierra Leone,purchasing-power-parity,"$                        							14,633,000,000"
Suriname,purchasing-power-parity,"$                        							11,824,000,000"
Bhutan,purchasing-power-parity,"$                        							10,981,000,000"
Eritrea,purchasing-power-parity,"$                        							9,702,000,000"
Liberia,purchasing-power-parity,"$                        							8,884,000,000"
Central African Republic,purchasing-power-parity,"$                        							5,849,000,000"
Beliz,purchasing-power-parity,"$                        							5,257,000,000"
China,reserves-of-foreign-exchange-and-gold,"$                        							3,450,000,000,000"
Japan,reserves-of-foreign-exchange-and-gold,"$                        							1,295,000,000,000"
Switzerland,reserves-of-foreign-exchange-and-gold,"$                        							863,892,000,000"
United States,reserves-of-foreign-exchange-and-gold,"$                        							773,426,000,000"
India,reserves-of-foreign-exchange-and-gold,"$                        							627,793,000,000"
Russia,reserves-of-foreign-exchange-and-gold,"$                        							597,217,000,000"
Taiwan,reserves-of-foreign-exchange-and-gold,"$                        							492,635,000,000"
Saudi Arabia,reserves-of-foreign-exchange-and-gold,"$                        							457,949,000,000"
South Korea,reserves-of-foreign-exchange-and-gold,"$                        							420,930,000,000"
Singapore,reserves-of-foreign-exchange-and-gold,"$                        							359,835,000,000"
Brazil,reserves-of-foreign-exchange-and-gold,"$                        							355,021,000,000"
Germany,reserves-of-foreign-exchange-and-gold,"$                        							322,700,000,000"
Italy,reserves-of-foreign-exchange-and-gold,"$                        							247,396,000,000"
France,reserves-of-foreign-exchange-and-gold,"$                        							240,792,000,000"
Thailand,reserves-of-foreign-exchange-and-gold,"$                        							224,470,000,000"
Mexico,reserves-of-foreign-exchange-and-gold,"$                        							214,317,000,000"
Israel,reserves-of-foreign-exchange-and-gold,"$                        							204,661,000,000"
Poland,reserves-of-foreign-exchange-and-gold,"$                        							193,783,000,000"
United Arab Emirates,reserves-of-foreign-exchange-and-gold,"$                        							189,491,000,000"
United Kingdom,reserves-of-foreign-exchange-and-gold,"$                        							177,915,000,000"
Czechia,reserves-of-foreign-exchange-and-gold,"$                        							148,379,000,000"
Indonesia,reserves-of-foreign-exchange-and-gold,"$                        							146,359,000,000"
Turkiye,reserves-of-foreign-exchange-and-gold,"$                        							140,858,000,000"
Iran,reserves-of-foreign-exchange-and-gold,"$                        							120,600,000,000"
Canada,reserves-of-foreign-exchange-and-gold,"$                        							117,551,000,000"
Malaysia,reserves-of-foreign-exchange-and-gold,"$                        							113,438,000,000"
Iraq,reserves-of-foreign-exchange-and-gold,"$                        							112,233,000,000"
Denmark,reserves-of-foreign-exchange-and-gold,"$                        							109,371,000,000"
Philippines,reserves-of-foreign-exchange-and-gold,"$                        							103,742,000,000"
Spain,reserves-of-foreign-exchange-and-gold,"$                        							103,089,000,000"
Vietnam,reserves-of-foreign-exchange-and-gold,"$                        							97,955,500,000"
Libya,reserves-of-foreign-exchange-and-gold,"$                        							92,427,000,000"
Algeria,reserves-of-foreign-exchange-and-gold,"$                        							81,217,000,000"
Norway,reserves-of-foreign-exchange-and-gold,"$                        							80,459,000,000"
Romania,reserves-of-foreign-exchange-and-gold,"$                        							73,000,000,000"
Peru,reserves-of-foreign-exchange-and-gold,"$                        							71,394,000,000"
Netherlands,reserves-of-foreign-exchange-and-gold,"$                        							69,830,000,000"
South Africa,reserves-of-foreign-exchange-and-gold,"$                        							62,492,000,000"
Australia,reserves-of-foreign-exchange-and-gold,"$                        							61,703,000,000"
Sweden,reserves-of-foreign-exchange-and-gold,"$                        							60,863,000,000"
Colombia,reserves-of-foreign-exchange-and-gold,"$                        							59,041,000,000"
Portugal,reserves-of-foreign-exchange-and-gold,"$                        							53,710,000,000"
Kuwait,reserves-of-foreign-exchange-and-gold,"$                        							52,619,000,000"
Qatar,reserves-of-foreign-exchange-and-gold,"$                        							51,539,000,000"
Chile,reserves-of-foreign-exchange-and-gold,"$                        							46,377,000,000"
Bulgaria,reserves-of-foreign-exchange-and-gold,"$                        							46,334,000,000"
Hungary,reserves-of-foreign-exchange-and-gold,"$                        							45,719,000,000"
Nigeria,reserves-of-foreign-exchange-and-gold,"$                        							41,349,000,000"
Belgium,reserves-of-foreign-exchange-and-gold,"$                        							40,813,000,000"
Ukraine,reserves-of-foreign-exchange-and-gold,"$                        							40,510,000,000"
Morocco,reserves-of-foreign-exchange-and-gold,"$                        							36,328,000,000"
Kazakhstan,reserves-of-foreign-exchange-and-gold,"$                        							35,965,000,000"
Uzbekistan,reserves-of-foreign-exchange-and-gold,"$                        							34,558,000,000"
Egypt,reserves-of-foreign-exchange-and-gold,"$                        							33,070,000,000"
Austria,reserves-of-foreign-exchange-and-gold,"$                        							31,212,000,000"
Serbia,reserves-of-foreign-exchange-and-gold,"$                        							27,569,000,000"
Lebanon,reserves-of-foreign-exchange-and-gold,"$                        							26,498,095,000"
Turkmenistan,reserves-of-foreign-exchange-and-gold,"$                        							23,415,400,000"
Argentina,reserves-of-foreign-exchange-and-gold,"$                        							23,081,000,000"
Bangladesh,reserves-of-foreign-exchange-and-gold,"$                        							21,860,000,000"
Guatemala,reserves-of-foreign-exchange-and-gold,"$                        							21,311,000,000"
Cambodia,reserves-of-foreign-exchange-and-gold,"$                        							17,801,000,000"
Oman,reserves-of-foreign-exchange-and-gold,"$                        							17,455,000,000"
Finland,reserves-of-foreign-exchange-and-gold,"$                        							16,929,000,000"
Uruguay,reserves-of-foreign-exchange-and-gold,"$                        							16,257,000,000"
Jordan,reserves-of-foreign-exchange-and-gold,"$                        							15,715,600,000"
Dominican Republic,reserves-of-foreign-exchange-and-gold,"$                        							15,547,000,000"
New Zealand,reserves-of-foreign-exchange-and-gold,"$                        							15,487,000,000"
Angola,reserves-of-foreign-exchange-and-gold,"$                        							13,942,000,000"
Azerbaijan,reserves-of-foreign-exchange-and-gold,"$                        							13,749,000,000"
Pakistan,reserves-of-foreign-exchange-and-gold,"$                        							13,730,000,000"
Greece,reserves-of-foreign-exchange-and-gold,"$                        							13,608,000,000"
Ireland,reserves-of-foreign-exchange-and-gold,"$                        							12,905,000,000"
Nepal,reserves-of-foreign-exchange-and-gold,"$                        							12,456,000,000"
Slovakia,reserves-of-foreign-exchange-and-gold,"$                        							11,288,000,000"
Cuba,reserves-of-foreign-exchange-and-gold,"$                        							10,442,000,000"
Venezuela,reserves-of-foreign-exchange-and-gold,"$                        							10,095,500,000"
Paraguay,reserves-of-foreign-exchange-and-gold,"$                        							9,886,000,000"
Tunisia,reserves-of-foreign-exchange-and-gold,"$                        							9,240,000,000"
Bosnia and Herzegovina,reserves-of-foreign-exchange-and-gold,"$                        							9,205,000,000"
Afghanistan,reserves-of-foreign-exchange-and-gold,"$                        							8,852,092,000"
Myanmar,reserves-of-foreign-exchange-and-gold,"$                        							8,590,400,000"
Belarus,reserves-of-foreign-exchange-and-gold,"$                        							8,118,000,000"
Ivory Coast,reserves-of-foreign-exchange-and-gold,"$                        							7,583,484,000"
Honduras,reserves-of-foreign-exchange-and-gold,"$                        							7,543,000,000"
Kenya,reserves-of-foreign-exchange-and-gold,"$                        							7,342,000,000"
Panama,reserves-of-foreign-exchange-and-gold,"$                        							6,757,000,000"
Albania,reserves-of-foreign-exchange-and-gold,"$                        							6,455,000,000"
Lithuania,reserves-of-foreign-exchange-and-gold,"$                        							6,168,000,000"
Iceland,reserves-of-foreign-exchange-and-gold,"$                        							5,809,000,000"
Cameroon,reserves-of-foreign-exchange-and-gold,"$                        							5,754,093,000"
Tanzania,reserves-of-foreign-exchange-and-gold,"$                        							5,693,050,000"
North Korea,reserves-of-foreign-exchange-and-gold,"$                        							5,500,000,000"
Moldova,reserves-of-foreign-exchange-and-gold,"$                        							5,453,000,000"
Nicaragua,reserves-of-foreign-exchange-and-gold,"$                        							5,447,000,000"
Bahrain,reserves-of-foreign-exchange-and-gold,"$                        							5,118,000,000"
North Macedonia,reserves-of-foreign-exchange-and-gold,"$                        							5,015,000,000"
Georgia,reserves-of-foreign-exchange-and-gold,"$                        							5,002,000,000"
Latvia,reserves-of-foreign-exchange-and-gold,"$                        							4,957,000,000"
Mongolia,reserves-of-foreign-exchange-and-gold,"$                        							4,782,000,000"
Botswana,reserves-of-foreign-exchange-and-gold,"$                        							4,756,000,000"
Ecuador,reserves-of-foreign-exchange-and-gold,"$                        							4,442,000,000"
Democratic Republic of the Congo,reserves-of-foreign-exchange-and-gold,"$                        							3,898,125,000"
El Salvador,reserves-of-foreign-exchange-and-gold,"$                        							3,799,434,000"
Ghana,reserves-of-foreign-exchange-and-gold,"$                        							3,624,000,000"
Armenia,reserves-of-foreign-exchange-and-gold,"$                        							3,607,000,000"
Mozambique,reserves-of-foreign-exchange-and-gold,"$                        							3,515,000,000"
Uganda,reserves-of-foreign-exchange-and-gold,"$                        							3,506,500,000"
Sri Lanka,reserves-of-foreign-exchange-and-gold,"$                        							3,450,700,000"
Kyrgyzstan,reserves-of-foreign-exchange-and-gold,"$                        							3,237,000,000"
Croatia,reserves-of-foreign-exchange-and-gold,"$                        							3,176,000,000"
Ethiopia,reserves-of-foreign-exchange-and-gold,"$                        							3,131,288,000"
Luxembourg,reserves-of-foreign-exchange-and-gold,"$                        							2,977,000,000"
Namibia,reserves-of-foreign-exchange-and-gold,"$                        							2,956,000,000"
Zambia,reserves-of-foreign-exchange-and-gold,"$                        							2,861,000,000"
Tajikistan,reserves-of-foreign-exchange-and-gold,"$                        							2,748,900,000"
Madagascar,reserves-of-foreign-exchange-and-gold,"$                        							2,632,000,000"
Mauritania,reserves-of-foreign-exchange-and-gold,"$                        							2,629,290,500"
Estonia,reserves-of-foreign-exchange-and-gold,"$                        							2,593,000,000"
Slovenia,reserves-of-foreign-exchange-and-gold,"$                        							2,370,000,000"
Bolivia,reserves-of-foreign-exchange-and-gold,"$                        							1,800,000,000"
Laos,reserves-of-foreign-exchange-and-gold,"$                        							1,770,000,000"
Montenegro,reserves-of-foreign-exchange-and-gold,"$                        							1,574,000,000"
Gabon,reserves-of-foreign-exchange-and-gold,"$                        							1,568,196,000"
Niger,reserves-of-foreign-exchange-and-gold,"$                        							1,442,772,000"
Suriname,reserves-of-foreign-exchange-and-gold,"$                        							1,346,000,000"
Kosovo,reserves-of-foreign-exchange-and-gold,"$                        							1,245,000,000"
Bhutan,reserves-of-foreign-exchange-and-gold,"$                        							976,260,000"
Yemen,reserves-of-foreign-exchange-and-gold,"$                        							923,361,750"
Senegal,reserves-of-foreign-exchange-and-gold,"$                        							889,295,000"
Republic of the Congo,reserves-of-foreign-exchange-and-gold,"$                        							715,391,000"
Benin,reserves-of-foreign-exchange-and-gold,"$                        							698,900,000"
Mali,reserves-of-foreign-exchange-and-gold,"$                        							647,800,000"
Liberia,reserves-of-foreign-exchange-and-gold,"$                        							599,660,000"
Sierra Leone,reserves-of-foreign-exchange-and-gold,"$                        							495,699,000"
Beliz,reserves-of-foreign-exchange-and-gold,"$                        							473,729,000"
Central African Republic,reserves-of-foreign-exchange-and-gold,"$                        							374,405,000"
Syria,reserves-of-foreign-exchange-and-gold,"$                        							341,962,500"
Eritrea,reserves-of-foreign-exchange-and-gold,"$                        							225,014,976"
Chad,reserves-of-foreign-exchange-and-gold,"$                        							211,591,000"
Sudan,reserves-of-foreign-exchange-and-gold,"$                        							206,763,700"
South Sudan,reserves-of-foreign-exchange-and-gold,"$                        							183,615,000"
Zimbabwe,reserves-of-foreign-exchange-and-gold,"$                        							115,530,000"
Burkina Faso,reserves-of-foreign-exchange-and-gold,"$                        							47,138,000"
Somalia,reserves-of-foreign-exchange-and-gold,"$                        							16,747,500"
United States,major-serviceable-airports-by-country,"15,873"
Brazil,major-serviceable-airports-by-country,"4,919"
Australia,major-serviceable-airports-by-country,"2,180"
Mexico,major-serviceable-airports-by-country,"1,485"
Canada,major-serviceable-airports-by-country,"1,425"
United Kingdom,major-serviceable-airports-by-country,"1,043"
Russia,major-serviceable-airports-by-country,904
Germany,major-serviceable-airports-by-country,838
Argentina,major-serviceable-airports-by-country,756
France,major-serviceable-airports-by-country,689
Colombia,major-serviceable-airports-by-country,662
Italy,major-serviceable-airports-by-country,636
South Africa,major-serviceable-airports-by-country,575
China,major-serviceable-airports-by-country,531
Indonesia,major-serviceable-airports-by-country,513
Venezuela,major-serviceable-airports-by-country,502
Chile,major-serviceable-airports-by-country,374
Kenya,major-serviceable-airports-by-country,370
Spain,major-serviceable-airports-by-country,363
India,major-serviceable-airports-by-country,311
Ecuador,major-serviceable-airports-by-country,310
Poland,major-serviceable-airports-by-country,288
Japan,major-serviceable-airports-by-country,279
Democratic Republic of the Congo,major-serviceable-airports-by-country,272
Namibia,major-serviceable-airports-by-country,255
Philippines,major-serviceable-airports-by-country,246
Czechia,major-serviceable-airports-by-country,243
Tanzania,major-serviceable-airports-by-country,206
Sweden,major-serviceable-airports-by-country,203
New Zealand,major-serviceable-airports-by-country,202
Bolivia,major-serviceable-airports-by-country,200
Iran,major-serviceable-airports-by-country,173
Peru,major-serviceable-airports-by-country,166
Ukraine,major-serviceable-airports-by-country,148
Norway,major-serviceable-airports-by-country,145
Zimbabwe,major-serviceable-airports-by-country,144
Portugal,major-serviceable-airports-by-country,136
Kazakhstan,major-serviceable-airports-by-country,132
Honduras,major-serviceable-airports-by-country,129
Cuba,major-serviceable-airports-by-country,123
Botswana,major-serviceable-airports-by-country,122
Zambia,major-serviceable-airports-by-country,119
Pakistan,major-serviceable-airports-by-country,116
Turkiye,major-serviceable-airports-by-country,115
Slovakia,major-serviceable-airports-by-country,114
Bulgaria,major-serviceable-airports-by-country,111
Hungary,major-serviceable-airports-by-country,109
Thailand,major-serviceable-airports-by-country,108
Angola,major-serviceable-airports-by-country,106
Malaysia,major-serviceable-airports-by-country,102
Ireland,major-serviceable-airports-by-country,100
Liberia,major-serviceable-airports-by-country,99
Denmark,major-serviceable-airports-by-country,99
Finland,major-serviceable-airports-by-country,98
Mozambique,major-serviceable-airports-by-country,92
Madagascar,major-serviceable-airports-by-country,91
South Korea,major-serviceable-airports-by-country,89
Saudi Arabia,major-serviceable-airports-by-country,86
Algeria,major-serviceable-airports-by-country,85
Iceland,major-serviceable-airports-by-country,83
Paraguay,major-serviceable-airports-by-country,83
North Korea,major-serviceable-airports-by-country,83
Romania,major-serviceable-airports-by-country,82
South Sudan,major-serviceable-airports-by-country,82
Greece,major-serviceable-airports-by-country,81
Panama,major-serviceable-airports-by-country,76
Uzbekistan,major-serviceable-airports-by-country,74
Egypt,major-serviceable-airports-by-country,73
Myanmar,major-serviceable-airports-by-country,73
Iraq,major-serviceable-airports-by-country,71
Afghanistan,major-serviceable-airports-by-country,67
Libya,major-serviceable-airports-by-country,66
Lithuania,major-serviceable-airports-by-country,65
Uruguay,major-serviceable-airports-by-country,64
Switzerland,major-serviceable-airports-by-country,62
Austria,major-serviceable-airports-by-country,61
Guatemala,major-serviceable-airports-by-country,58
Ethiopia,major-serviceable-airports-by-country,57
Latvia,major-serviceable-airports-by-country,56
Republic of the Congo,major-serviceable-airports-by-country,56
Suriname,major-serviceable-airports-by-country,55
Taiwan,major-serviceable-airports-by-country,53
Nepal,major-serviceable-airports-by-country,51
Belgium,major-serviceable-airports-by-country,49
Burkina Faso,major-serviceable-airports-by-country,49
Morocco,major-serviceable-airports-by-country,49
Nigeria,major-serviceable-airports-by-country,47
Belarus,major-serviceable-airports-by-country,46
Netherlands,major-serviceable-airports-by-country,45
Serbia,major-serviceable-airports-by-country,43
Central African Republic,major-serviceable-airports-by-country,43
Slovenia,major-serviceable-airports-by-country,42
Chad,major-serviceable-airports-by-country,42
Vietnam,major-serviceable-airports-by-country,42
United Arab Emirates,major-serviceable-airports-by-country,42
Sudan,major-serviceable-airports-by-country,41
Croatia,major-serviceable-airports-by-country,40
Gabon,major-serviceable-airports-by-country,40
Syria,major-serviceable-airports-by-country,39
Nicaragua,major-serviceable-airports-by-country,39
Uganda,major-serviceable-airports-by-country,39
Somalia,major-serviceable-airports-by-country,38
Cameroon,major-serviceable-airports-by-country,37
Israel,major-serviceable-airports-by-country,37
Oman,major-serviceable-airports-by-country,36
Yemen,major-serviceable-airports-by-country,36
Mongolia,major-serviceable-airports-by-country,35
Dominican Republic,major-serviceable-airports-by-country,32
Azerbaijan,major-serviceable-airports-by-country,32
Mali,major-serviceable-airports-by-country,30
Ivory Coast,major-serviceable-airports-by-country,29
Kyrgyzstan,major-serviceable-airports-by-country,28
El Salvador,major-serviceable-airports-by-country,27
Beliz,major-serviceable-airports-by-country,27
Estonia,major-serviceable-airports-by-country,26
Niger,major-serviceable-airports-by-country,26
Mauritania,major-serviceable-airports-by-country,25
Turkmenistan,major-serviceable-airports-by-country,23
Tajikistan,major-serviceable-airports-by-country,19
Senegal,major-serviceable-airports-by-country,19
Georgia,major-serviceable-airports-by-country,19
Sri Lanka,major-serviceable-airports-by-country,18
Laos,major-serviceable-airports-by-country,18
Bangladesh,major-serviceable-airports-by-country,17
Jordan,major-serviceable-airports-by-country,17
Tunisia,major-serviceable-airports-by-country,14
Cambodia,major-serviceable-airports-by-country,13
Bosnia and Herzegovina,major-serviceable-airports-by-country,13
North Macedonia,major-serviceable-airports-by-country,13
Ghana,major-serviceable-airports-by-country,11
Armenia,major-serviceable-airports-by-country,11
Moldova,major-serviceable-airports-by-country,11
Benin,major-serviceable-airports-by-country,10
Eritrea,major-serviceable-airports-by-country,10
Singapore,major-serviceable-airports-by-country,9
Sierra Leone,major-serviceable-airports-by-country,8
Lebanon,major-serviceable-airports-by-country,8
Qatar,major-serviceable-airports-by-country,8
Kuwait,major-serviceable-airports-by-country,6
Montenegro,major-serviceable-airports-by-country,5
Kosovo,major-serviceable-airports-by-country,4
Bhutan,major-serviceable-airports-by-country,4
Bahrain,major-serviceable-airports-by-country,3
Luxembourg,major-serviceable-airports-by-country,3
Albania,major-serviceable-airports-by-country,3
China,labor-force-by-country,"779,246,000"
India,labor-force-by-country,"593,729,000"
United States,labor-force-by-country,"170,549,000"
Indonesia,labor-force-by-country,"140,931,000"
Brazil,labor-force-by-country,"108,695,000"
Pakistan,labor-force-by-country,"80,990,000"
Nigeria,labor-force-by-country,"75,721,000"
Bangladesh,labor-force-by-country,"74,914,000"
Russia,labor-force-by-country,"72,408,000"
Japan,labor-force-by-country,"69,349,000"
Ethiopia,labor-force-by-country,"61,664,000"
Mexico,labor-force-by-country,"60,042,000"
Vietnam,labor-force-by-country,"56,149,000"
Philippines,labor-force-by-country,"49,477,000"
Germany,labor-force-by-country,"44,784,000"
Thailand,labor-force-by-country,"40,814,000"
Democratic Republic of the Congo,labor-force-by-country,"35,983,000"
United Kingdom,labor-force-by-country,"35,275,000"
Turkiye,labor-force-by-country,"35,071,000"
Egypt,labor-force-by-country,"33,431,000"
France,labor-force-by-country,"31,825,000"
Tanzania,labor-force-by-country,"31,219,000"
South Korea,labor-force-by-country,"29,611,000"
Iran,labor-force-by-country,"29,159,000"
Colombia,labor-force-by-country,"26,003,000"
Italy,labor-force-by-country,"25,669,000"
Kenya,labor-force-by-country,"25,502,000"
South Africa,labor-force-by-country,"25,158,000"
Spain,labor-force-by-country,"24,108,000"
Myanmar,labor-force-by-country,"22,884,000"
Canada,labor-force-by-country,"22,110,000"
Argentina,labor-force-by-country,"21,906,000"
Ukraine,labor-force-by-country,"20,312,000"
Uganda,labor-force-by-country,"18,881,000"
Peru,labor-force-by-country,"18,529,000"
Poland,labor-force-by-country,"18,387,000"
Malaysia,labor-force-by-country,"17,308,000"
Saudi Arabia,labor-force-by-country,"16,934,000"
North Korea,labor-force-by-country,"15,837,000"
Madagascar,labor-force-by-country,"15,830,000"
Angola,labor-force-by-country,"15,223,000"
Mozambique,labor-force-by-country,"15,191,000"
Ghana,labor-force-by-country,"14,887,000"
Australia,labor-force-by-country,"14,501,000"
Uzbekistan,labor-force-by-country,"14,270,000"
Sudan,labor-force-by-country,"13,590,000"
Algeria,labor-force-by-country,"13,425,000"
Morocco,labor-force-by-country,"12,284,000"
Cameroon,labor-force-by-country,"11,965,000"
Iraq,labor-force-by-country,"11,812,000"
Venezuela,labor-force-by-country,"11,548,000"
Taiwan,labor-force-by-country,"11,498,000"
Ivory Coast,labor-force-by-country,"10,954,000"
Niger,labor-force-by-country,"10,237,000"
Netherlands,labor-force-by-country,"9,999,000"
Chile,labor-force-by-country,"9,848,000"
Kazakhstan,labor-force-by-country,"9,587,000"
Cambodia,labor-force-by-country,"9,175,000"
Nepal,labor-force-by-country,"8,937,000"
Afghanistan,labor-force-by-country,"8,921,000"
Ecuador,labor-force-by-country,"8,893,000"
Sri Lanka,labor-force-by-country,"8,707,000"
Burkina Faso,labor-force-by-country,"8,577,000"
Romania,labor-force-by-country,"8,282,000"
Mali,labor-force-by-country,"8,277,000"
Guatemala,labor-force-by-country,"7,258,000"
Zambia,labor-force-by-country,"7,051,000"
Yemen,labor-force-by-country,"6,883,000"
United Arab Emirates,labor-force-by-country,"6,668,000"
Zimbabwe,labor-force-by-country,"6,561,000"
Syria,labor-force-by-country,"6,315,000"
Bolivia,labor-force-by-country,"6,114,000"
Sweden,labor-force-by-country,"5,825,000"
Chad,labor-force-by-country,"5,806,000"
Czechia,labor-force-by-country,"5,502,000"
Azerbaijan,labor-force-by-country,"5,473,000"
Belgium,labor-force-by-country,"5,432,000"
Cuba,labor-force-by-country,"5,317,000"
Dominican Republic,labor-force-by-country,"5,302,000"
Senegal,labor-force-by-country,"5,257,000"
Portugal,labor-force-by-country,"5,140,900"
Hungary,labor-force-by-country,"5,006,000"
Switzerland,labor-force-by-country,"4,991,000"
Benin,labor-force-by-country,"4,964,000"
Belarus,labor-force-by-country,"4,956,000"
Austria,labor-force-by-country,"4,825,000"
Honduras,labor-force-by-country,"4,676,000"
Greece,labor-force-by-country,"4,645,000"
Israel,labor-force-by-country,"4,554,000"
South Sudan,labor-force-by-country,"4,471,000"
Tunisia,labor-force-by-country,"4,445,000"
Singapore,labor-force-by-country,"3,619,000"
Paraguay,labor-force-by-country,"3,469,000"
Serbia,labor-force-by-country,"3,333,000"
Somalia,labor-force-by-country,"3,277,000"
Nicaragua,labor-force-by-country,"3,264,000"
Denmark,labor-force-by-country,"3,180,000"
Laos,labor-force-by-country,"3,174,000"
Bulgaria,labor-force-by-country,"3,103,000"
Kyrgyzstan,labor-force-by-country,"3,069,000"
New Zealand,labor-force-by-country,"3,068,000"
Jordan,labor-force-by-country,"3,063,000"
Norway,labor-force-by-country,"3,009,000"
Sierra Leone,labor-force-by-country,"2,913,000"
Finland,labor-force-by-country,"2,880,000"
El Salvador,labor-force-by-country,"2,870,000"
Slovakia,labor-force-by-country,"2,823,000"
Ireland,labor-force-by-country,"2,766,000"
Tajikistan,labor-force-by-country,"2,677,000"
Liberia,labor-force-by-country,"2,499,000"
Kuwait,labor-force-by-country,"2,463,000"
Republic of the Congo,labor-force-by-country,"2,461,000"
Libya,labor-force-by-country,"2,398,000"
Oman,labor-force-by-country,"2,316,000"
Turkmenistan,labor-force-by-country,"2,163,000"
Central African Republic,labor-force-by-country,"2,114,000"
Panama,labor-force-by-country,"2,096,000"
Qatar,labor-force-by-country,"2,035,000"
Georgia,labor-force-by-country,"1,853,000"
Eritrea,labor-force-by-country,"1,800,000"
Uruguay,labor-force-by-country,"1,775,000"
Lebanon,labor-force-by-country,"1,771,000"
Croatia,labor-force-by-country,"1,744,000"
Lithuania,labor-force-by-country,"1,510,000"
Moldova,labor-force-by-country,"1,464,000"
Mongolia,labor-force-by-country,"1,403,000"
Albania,labor-force-by-country,"1,388,000"
Bosnia and Herzegovina,labor-force-by-country,"1,369,000"
Armenia,labor-force-by-country,"1,356,000"
Mauritania,labor-force-by-country,"1,179,000"
Botswana,labor-force-by-country,"1,170,000"
Slovenia,labor-force-by-country,"1,055,000"
Namibia,labor-force-by-country,"989,000"
Latvia,labor-force-by-country,"978,000"
Bahrain,labor-force-by-country,"855,000"
North Macedonia,labor-force-by-country,"801,000"
Gabon,labor-force-by-country,"763,000"
Estonia,labor-force-by-country,"752,000"
Kosovo,labor-force-by-country,"500,300"
Bhutan,labor-force-by-country,"430,000"
Luxembourg,labor-force-by-country,"352,000"
Montenegro,labor-force-by-country,"286,000"
Suriname,labor-force-by-country,"250,000"
Iceland,labor-force-by-country,"239,000"
Beliz,labor-force-by-country,"190,000"
United States,railway-coverage,"293,564                        						
							km"
China,railway-coverage,"150,000                        						
							km"
Russia,railway-coverage,"85,494                        						
							km"
India,railway-coverage,"65,554                        						
							km"
Germany,railway-coverage,"39,379                        						
							km"
Australia,railway-coverage,"36,064                        						
							km"
Brazil,railway-coverage,"29,850                        						
							km"
France,railway-coverage,"27,860                        						
							km"
Japan,railway-coverage,"27,311                        						
							km"
Mexico,railway-coverage,"23,389                        						
							km"
Ukraine,railway-coverage,"21,733                        						
							km"
South Africa,railway-coverage,"20,986                        						
							km"
Poland,railway-coverage,"19,461                        						
							km"
Italy,railway-coverage,"18,475                        						
							km"
Argentina,railway-coverage,"17,866                        						
							km"
Kazakhstan,railway-coverage,"16,636                        						
							km"
United Kingdom,railway-coverage,"16,390                        						
							km"
Spain,railway-coverage,"15,489                        						
							km"
Pakistan,railway-coverage,"11,881                        						
							km"
Turkiye,railway-coverage,"11,497                        						
							km"
Sweden,railway-coverage,"10,910                        						
							km"
Romania,railway-coverage,"10,628                        						
							km"
Czechia,railway-coverage,"9,548                        						
							km"
Iran,railway-coverage,"8,484                        						
							km"
Cuba,railway-coverage,"8,367                        						
							km"
Indonesia,railway-coverage,"8,159                        						
							km"
Hungary,railway-coverage,"7,687                        						
							km"
North Korea,railway-coverage,"7,435                        						
							km"
Chile,railway-coverage,"7,282                        						
							km"
Sudan,railway-coverage,"7,251                        						
							km"
Austria,railway-coverage,"6,123                        						
							km"
Finland,railway-coverage,"5,918                        						
							km"
Belarus,railway-coverage,"5,528                        						
							km"
Saudi Arabia,railway-coverage,"5,410                        						
							km"
Switzerland,railway-coverage,"5,296                        						
							km"
Turkmenistan,railway-coverage,"5,113                        						
							km"
Egypt,railway-coverage,"5,085                        						
							km"
Myanmar,railway-coverage,"5,031                        						
							km"
Canada,railway-coverage,"4,942                        						
							km"
Mozambique,railway-coverage,"4,787                        						
							km"
Uzbekistan,railway-coverage,"4,642                        						
							km"
New Zealand,railway-coverage,"4,128                        						
							km"
Thailand,railway-coverage,"4,127                        						
							km"
Tanzania,railway-coverage,"4,097                        						
							km"
Bulgaria,railway-coverage,"4,029                        						
							km"
Algeria,railway-coverage,"4,020                        						
							km"
Democratic Republic of the Congo,railway-coverage,"4,007                        						
							km"
South Korea,railway-coverage,"3,979                        						
							km"
Norway,railway-coverage,"3,848                        						
							km"
Kenya,railway-coverage,"3,819                        						
							km"
Nigeria,railway-coverage,"3,798                        						
							km"
Bolivia,railway-coverage,"3,690                        						
							km"
Slovakia,railway-coverage,"3,627                        						
							km"
Portugal,railway-coverage,"3,622                        						
							km"
Belgium,railway-coverage,"3,602                        						
							km"
Zimbabwe,railway-coverage,"3,427                        						
							km"
Serbia,railway-coverage,"3,333                        						
							km"
Zambia,railway-coverage,"3,126                        						
							km"
Netherlands,railway-coverage,"3,055                        						
							km"
Azerbaijan,railway-coverage,"2,944                        						
							km"
Angola,railway-coverage,"2,761                        						
							km"
Denmark,railway-coverage,"2,682                        						
							km"
Namibia,railway-coverage,"2,628                        						
							km"
Croatia,railway-coverage,"2,617                        						
							km"
Vietnam,railway-coverage,"2,600                        						
							km"
Bangladesh,railway-coverage,"2,460                        						
							km"
Greece,railway-coverage,"2,345                        						
							km"
Iraq,railway-coverage,"2,272                        						
							km"
Latvia,railway-coverage,"2,216                        						
							km"
Tunisia,railway-coverage,"2,173                        						
							km"
Colombia,railway-coverage,"2,141                        						
							km"
Morocco,railway-coverage,"2,067                        						
							km"
Syria,railway-coverage,"2,052                        						
							km"
Libya,railway-coverage,"2,000                        						
							km"
Lithuania,railway-coverage,"1,911                        						
							km"
Peru,railway-coverage,"1,855                        						
							km"
Malaysia,railway-coverage,"1,851                        						
							km"
Mongolia,railway-coverage,"1,815                        						
							km"
Ireland,railway-coverage,"1,688                        						
							km"
Uruguay,railway-coverage,"1,673                        						
							km"
Taiwan,railway-coverage,"1,613                        						
							km"
Sri Lanka,railway-coverage,"1,562                        						
							km"
Israel,railway-coverage,"1,497                        						
							km"
Estonia,railway-coverage,"1,441                        						
							km"
Georgia,railway-coverage,"1,363                        						
							km"
Uganda,railway-coverage,"1,244                        						
							km"
Slovenia,railway-coverage,"1,207                        						
							km"
Moldova,railway-coverage,"1,171                        						
							km"
Cameroon,railway-coverage,"987                        						
							km"
Bosnia and Herzegovina,railway-coverage,"965                        						
							km"
Ecuador,railway-coverage,"965                        						
							km"
Ghana,railway-coverage,"947                        						
							km"
Senegal,railway-coverage,"906                        						
							km"
Botswana,railway-coverage,"888                        						
							km"
Madagascar,railway-coverage,"836                        						
							km"
Guatemala,railway-coverage,"800                        						
							km"
Mauritania,railway-coverage,"728                        						
							km"
Honduras,railway-coverage,"699                        						
							km"
North Macedonia,railway-coverage,"699                        						
							km"
Armenia,railway-coverage,"686                        						
							km"
Tajikistan,railway-coverage,"680                        						
							km"
Ivory Coast,railway-coverage,"660                        						
							km"
Ethiopia,railway-coverage,"659                        						
							km"
Gabon,railway-coverage,"649                        						
							km"
Cambodia,railway-coverage,"642                        						
							km"
Burkina Faso,railway-coverage,"622                        						
							km"
Mali,railway-coverage,"593                        						
							km"
Republic of the Congo,railway-coverage,"510                        						
							km"
Jordan,railway-coverage,"509                        						
							km"
Dominican Republic,railway-coverage,"496                        						
							km"
Venezuela,railway-coverage,"447                        						
							km"
Benin,railway-coverage,"438                        						
							km"
Kosovo,railway-coverage,"437                        						
							km"
Liberia,railway-coverage,"429                        						
							km"
Albania,railway-coverage,"424                        						
							km"
Kyrgyzstan,railway-coverage,"424                        						
							km"
Laos,railway-coverage,"422                        						
							km"
Lebanon,railway-coverage,"401                        						
							km"
Eritrea,railway-coverage,"306                        						
							km"
Luxembourg,railway-coverage,"271                        						
							km"
Montenegro,railway-coverage,"250                        						
							km"
South Sudan,railway-coverage,"248                        						
							km"
Panama,railway-coverage,"77                        						
							km"
Philippines,railway-coverage,"77                        						
							km"
Nepal,railway-coverage,"59                        						
							km"
Paraguay,railway-coverage,"30                        						
							km"
El Salvador,railway-coverage,"13                        						
							km"
Afghanistan,railway-coverage,"0                        						
							km"
Bahrain,railway-coverage,"0                        						
							km"
Beliz,railway-coverage,"0                        						
							km"
Bhutan,railway-coverage,"0                        						
							km"
Central African Republic,railway-coverage,"0                        						
							km"
Chad,railway-coverage,"0                        						
							km"
Iceland,railway-coverage,"0                        						
							km"
Kuwait,railway-coverage,"0                        						
							km"
Nicaragua,railway-coverage,"0                        						
							km"
Niger,railway-coverage,"0                        						
							km"
Oman,railway-coverage,"0                        						
							km"
Qatar,railway-coverage,"0                        						
							km"
Sierra Leone,railway-coverage,"0                        						
							km"
Singapore,railway-coverage,"0                        						
							km"
Somalia,railway-coverage,"0                        						
							km"
Suriname,railway-coverage,"0                        						
							km"
United Arab Emirates,railway-coverage,"0                        						
							km"
Yemen,railway-coverage,"0                        						
							km"
United States,roadway-coverage,"6,586,610                        						
							km"
India,roadway-coverage,"6,371,847                        						
							km"
China,roadway-coverage,"5,200,000                        						
							km"
Brazil,roadway-coverage,"2,000,000                        						
							km"
Russia,roadway-coverage,"1,283,387                        						
							km"
Japan,roadway-coverage,"1,218,772                        						
							km"
France,roadway-coverage,"1,053,215                        						
							km"
Canada,roadway-coverage,"1,042,300                        						
							km"
Australia,roadway-coverage,"873,573                        						
							km"
Germany,roadway-coverage,"830,000                        						
							km"
South Africa,roadway-coverage,"750,000                        						
							km"
Mexico,roadway-coverage,"704,884                        						
							km"
Spain,roadway-coverage,"683,175                        						
							km"
Sweden,roadway-coverage,"573,134                        						
							km"
Indonesia,roadway-coverage,"496,607                        						
							km"
Italy,roadway-coverage,"487,700                        						
							km"
Finland,roadway-coverage,"454,000                        						
							km"
Poland,roadway-coverage,"420,000                        						
							km"
United Kingdom,roadway-coverage,"394,428                        						
							km"
Bangladesh,roadway-coverage,"369,105                        						
							km"
Argentina,roadway-coverage,"281,290                        						
							km"
Pakistan,roadway-coverage,"264,175                        						
							km"
Iran,roadway-coverage,"223,485                        						
							km"
Saudi Arabia,roadway-coverage,"221,372                        						
							km"
Philippines,roadway-coverage,"216,387                        						
							km"
Colombia,roadway-coverage,"205,379                        						
							km"
Hungary,roadway-coverage,"203,601                        						
							km"
Vietnam,roadway-coverage,"195,468                        						
							km"
Nigeria,roadway-coverage,"195,000                        						
							km"
Thailand,roadway-coverage,"180,053                        						
							km"
Ukraine,roadway-coverage,"169,694                        						
							km"
Kenya,roadway-coverage,"161,452                        						
							km"
Myanmar,roadway-coverage,"157,000                        						
							km"
Democratic Republic of the Congo,roadway-coverage,"152,373                        						
							km"
Tanzania,roadway-coverage,"145,203                        						
							km"
Malaysia,roadway-coverage,"144,403                        						
							km"
Netherlands,roadway-coverage,"139,124                        						
							km"
Mali,roadway-coverage,"139,107                        						
							km"
Austria,roadway-coverage,"137,039                        						
							km"
Portugal,roadway-coverage,"136,635                        						
							km"
Ethiopia,roadway-coverage,"120,171                        						
							km"
Belgium,roadway-coverage,"118,414                        						
							km"
Greece,roadway-coverage,"117,000                        						
							km"
Sri Lanka,roadway-coverage,"114,093                        						
							km"
Mongolia,roadway-coverage,"113,200                        						
							km"
Algeria,roadway-coverage,"104,000                        						
							km"
South Korea,roadway-coverage,"100,428                        						
							km"
Ireland,roadway-coverage,"99,830                        						
							km"
Zimbabwe,roadway-coverage,"97,267                        						
							km"
Venezuela,roadway-coverage,"96,189                        						
							km"
Kazakhstan,roadway-coverage,"96,167                        						
							km"
Norway,roadway-coverage,"94,902                        						
							km"
New Zealand,roadway-coverage,"94,000                        						
							km"
Bolivia,roadway-coverage,"90,568                        						
							km"
South Sudan,roadway-coverage,"90,200                        						
							km"
Belarus,roadway-coverage,"86,600                        						
							km"
Uzbekistan,roadway-coverage,"86,496                        						
							km"
Romania,roadway-coverage,"84,185                        						
							km"
Lithuania,roadway-coverage,"84,166                        						
							km"
Ivory Coast,roadway-coverage,"81,996                        						
							km"
Paraguay,roadway-coverage,"78,811                        						
							km"
Chile,roadway-coverage,"77,801                        						
							km"
Uruguay,roadway-coverage,"77,732                        						
							km"
Cameroon,roadway-coverage,"77,589                        						
							km"
Denmark,roadway-coverage,"74,558                        						
							km"
Switzerland,roadway-coverage,"71,557                        						
							km"
Yemen,roadway-coverage,"71,300                        						
							km"
Latvia,roadway-coverage,"70,244                        						
							km"
Syria,roadway-coverage,"69,873                        						
							km"
Zambia,roadway-coverage,"67,671                        						
							km"
Turkiye,roadway-coverage,"67,333                        						
							km"
Ghana,roadway-coverage,"65,725                        						
							km"
Egypt,roadway-coverage,"65,050                        						
							km"
Oman,roadway-coverage,"60,230                        						
							km"
Cuba,roadway-coverage,"60,000                        						
							km"
Iraq,roadway-coverage,"59,623                        						
							km"
Turkmenistan,roadway-coverage,"58,592                        						
							km"
Estonia,roadway-coverage,"58,412                        						
							km"
Morocco,roadway-coverage,"57,300                        						
							km"
Slovakia,roadway-coverage,"56,926                        						
							km"
Czechia,roadway-coverage,"55,744                        						
							km"
Namibia,roadway-coverage,"48,875                        						
							km"
Cambodia,roadway-coverage,"47,263                        						
							km"
Serbia,roadway-coverage,"44,248                        						
							km"
Ecuador,roadway-coverage,"43,950                        						
							km"
Taiwan,roadway-coverage,"43,206                        						
							km"
Chad,roadway-coverage,"40,000                        						
							km"
Laos,roadway-coverage,"39,568                        						
							km"
Slovenia,roadway-coverage,"38,985                        						
							km"
Libya,roadway-coverage,"37,000                        						
							km"
Afghanistan,roadway-coverage,"34,903                        						
							km"
Kyrgyzstan,roadway-coverage,"34,000                        						
							km"
Botswana,roadway-coverage,"31,747                        						
							km"
Madagascar,roadway-coverage,"31,640                        						
							km"
Mozambique,roadway-coverage,"31,083                        						
							km"
Sudan,roadway-coverage,"31,000                        						
							km"
Tajikistan,roadway-coverage,"30,000                        						
							km"
Nepal,roadway-coverage,"27,990                        						
							km"
Croatia,roadway-coverage,"26,958                        						
							km"
Angola,roadway-coverage,"26,000                        						
							km"
North Korea,roadway-coverage,"25,554                        						
							km"
Azerbaijan,roadway-coverage,"24,981                        						
							km"
Central African Republic,roadway-coverage,"24,000                        						
							km"
Nicaragua,roadway-coverage,"23,897                        						
							km"
Republic of the Congo,roadway-coverage,"23,324                        						
							km"
Bosnia and Herzegovina,roadway-coverage,"22,926                        						
							km"
Lebanon,roadway-coverage,"21,705                        						
							km"
Uganda,roadway-coverage,"20,544                        						
							km"
Israel,roadway-coverage,"20,391                        						
							km"
Georgia,roadway-coverage,"20,295                        						
							km"
Tunisia,roadway-coverage,"20,000                        						
							km"
Dominican Republic,roadway-coverage,"19,705                        						
							km"
Bulgaria,roadway-coverage,"19,512                        						
							km"
Niger,roadway-coverage,"18,949                        						
							km"
Peru,roadway-coverage,"18,699                        						
							km"
Guatemala,roadway-coverage,"17,440                        						
							km"
Senegal,roadway-coverage,"16,665                        						
							km"
Benin,roadway-coverage,"16,000                        						
							km"
Eritrea,roadway-coverage,"16,000                        						
							km"
Burkina Faso,roadway-coverage,"15,304                        						
							km"
Somalia,roadway-coverage,"15,000                        						
							km"
Honduras,roadway-coverage,"14,742                        						
							km"
Gabon,roadway-coverage,"14,300                        						
							km"
North Macedonia,roadway-coverage,"14,182                        						
							km"
Iceland,roadway-coverage,"12,898                        						
							km"
Mauritania,roadway-coverage,"12,253                        						
							km"
Bhutan,roadway-coverage,"12,205                        						
							km"
Panama,roadway-coverage,"11,978                        						
							km"
Sierra Leone,roadway-coverage,"11,701                        						
							km"
Liberia,roadway-coverage,"10,600                        						
							km"
Moldova,roadway-coverage,"9,352                        						
							km"
El Salvador,roadway-coverage,"9,012                        						
							km"
Montenegro,roadway-coverage,"7,762                        						
							km"
Armenia,roadway-coverage,"7,700                        						
							km"
Jordan,roadway-coverage,"7,203                        						
							km"
Qatar,roadway-coverage,"7,039                        						
							km"
Kuwait,roadway-coverage,"5,749                        						
							km"
Suriname,roadway-coverage,"4,304                        						
							km"
Bahrain,roadway-coverage,"4,122                        						
							km"
United Arab Emirates,roadway-coverage,"4,080                        						
							km"
Albania,roadway-coverage,"3,945                        						
							km"
Singapore,roadway-coverage,"3,500                        						
							km"
Beliz,roadway-coverage,"3,281                        						
							km"
Luxembourg,roadway-coverage,"2,875                        						
							km"
Kosovo,roadway-coverage,"2,012                        						
							km"
United States,oil-production-by-country,"20,879,000                        						
							bbl"
Saudi Arabia,oil-production-by-country,"11,113,000                        						
							bbl"
Russia,oil-production-by-country,"10,727,000                        						
							bbl"
Canada,oil-production-by-country,"5,692,000                        						
							bbl"
China,oil-production-by-country,"4,984,000                        						
							bbl"
Iraq,oil-production-by-country,"4,437,000                        						
							bbl"
Brazil,oil-production-by-country,"4,221,000                        						
							bbl"
United Arab Emirates,oil-production-by-country,"4,146,000                        						
							bbl"
Iran,oil-production-by-country,"3,985,000                        						
							bbl"
Kuwait,oil-production-by-country,"2,910,000                        						
							bbl"
Mexico,oil-production-by-country,"2,101,000                        						
							bbl"
Norway,oil-production-by-country,"2,020,000                        						
							bbl"
Kazakhstan,oil-production-by-country,"1,955,000                        						
							bbl"
Qatar,oil-production-by-country,"1,815,000                        						
							bbl"
Nigeria,oil-production-by-country,"1,541,000                        						
							bbl"
Algeria,oil-production-by-country,"1,443,000                        						
							bbl"
Libya,oil-production-by-country,"1,245,000                        						
							bbl"
Angola,oil-production-by-country,"1,175,000                        						
							bbl"
Oman,oil-production-by-country,"1,056,000                        						
							bbl"
Indonesia,oil-production-by-country,"865,000                        						
							bbl"
Argentina,oil-production-by-country,"807,000                        						
							bbl"
Colombia,oil-production-by-country,"800,000                        						
							bbl"
India,oil-production-by-country,"795,000                        						
							bbl"
Venezuela,oil-production-by-country,"761,000                        						
							bbl"
United Kingdom,oil-production-by-country,"753,000                        						
							bbl"
Egypt,oil-production-by-country,"667,000                        						
							bbl"
Azerbaijan,oil-production-by-country,"618,000                        						
							bbl"
Malaysia,oil-production-by-country,"582,000                        						
							bbl"
Ecuador,oil-production-by-country,"480,000                        						
							bbl"
Australia,oil-production-by-country,"386,000                        						
							bbl"
Thailand,oil-production-by-country,"386,000                        						
							bbl"
Turkmenistan,oil-production-by-country,"272,000                        						
							bbl"
Republic of the Congo,oil-production-by-country,"267,000                        						
							bbl"
Gabon,oil-production-by-country,"204,000                        						
							bbl"
Bahrain,oil-production-by-country,"189,000                        						
							bbl"
Vietnam,oil-production-by-country,"187,000                        						
							bbl"
Ghana,oil-production-by-country,"174,000                        						
							bbl"
South Sudan,oil-production-by-country,"146,000                        						
							bbl"
Germany,oil-production-by-country,"131,000                        						
							bbl"
Chad,oil-production-by-country,"124,000                        						
							bbl"
Peru,oil-production-by-country,"118,000                        						
							bbl"
Italy,oil-production-by-country,"116,000                        						
							bbl"
Pakistan,oil-production-by-country,"101,000                        						
							bbl"
South Africa,oil-production-by-country,"95,000                        						
							bbl"
Turkiye,oil-production-by-country,"83,000                        						
							bbl"
France,oil-production-by-country,"80,000                        						
							bbl"
Syria,oil-production-by-country,"75,000                        						
							bbl"
Netherlands,oil-production-by-country,"70,000                        						
							bbl"
Sudan,oil-production-by-country,"68,000                        						
							bbl"
Romania,oil-production-by-country,"67,000                        						
							bbl"
Uzbekistan,oil-production-by-country,"64,000                        						
							bbl"
Denmark,oil-production-by-country,"63,000                        						
							bbl"
Bolivia,oil-production-by-country,"58,000                        						
							bbl"
Cameroon,oil-production-by-country,"54,000                        						
							bbl"
Spain,oil-production-by-country,"47,000                        						
							bbl"
South Korea,oil-production-by-country,"38,000                        						
							bbl"
Hungary,oil-production-by-country,"36,000                        						
							bbl"
Tunisia,oil-production-by-country,"35,000                        						
							bbl"
Cuba,oil-production-by-country,"34,000                        						
							bbl"
Belarus,oil-production-by-country,"30,000                        						
							bbl"
Ivory Coast,oil-production-by-country,"29,000                        						
							bbl"
Estonia,oil-production-by-country,"24,000                        						
							bbl"
Poland,oil-production-by-country,"24,000                        						
							bbl"
Democratic Republic of the Congo,oil-production-by-country,"19,000                        						
							bbl"
Austria,oil-production-by-country,"18,000                        						
							bbl"
Israel,oil-production-by-country,"15,000                        						
							bbl"
Mongolia,oil-production-by-country,"15,000                        						
							bbl"
Yemen,oil-production-by-country,"15,000                        						
							bbl"
Suriname,oil-production-by-country,"14,000                        						
							bbl"
Bangladesh,oil-production-by-country,"13,000                        						
							bbl"
Serbia,oil-production-by-country,"13,000                        						
							bbl"
Portugal,oil-production-by-country,"12,932                        						
							bbl"
New Zealand,oil-production-by-country,"12,000                        						
							bbl"
Belgium,oil-production-by-country,"11,000                        						
							bbl"
Chile,oil-production-by-country,"11,000                        						
							bbl"
Croatia,oil-production-by-country,"11,000                        						
							bbl"
Sweden,oil-production-by-country,"11,000                        						
							bbl"
Philippines,oil-production-by-country,"10,000                        						
							bbl"
Senegal,oil-production-by-country,"9,000                        						
							bbl"
Finland,oil-production-by-country,"8,000                        						
							bbl"
Japan,oil-production-by-country,"8,000                        						
							bbl"
Myanmar,oil-production-by-country,"7,000                        						
							bbl"
Slovakia,oil-production-by-country,"7,000                        						
							bbl"
Guatemala,oil-production-by-country,"6,000                        						
							bbl"
Kyrgyzstan,oil-production-by-country,"6,000                        						
							bbl"
Niger,oil-production-by-country,"6,000                        						
							bbl"
Greece,oil-production-by-country,"5,000                        						
							bbl"
Bulgaria,oil-production-by-country,"4,000                        						
							bbl"
Czechia,oil-production-by-country,"4,000                        						
							bbl"
Lithuania,oil-production-by-country,"4,000                        						
							bbl"
Ukraine,oil-production-by-country,"3,000                        						
							bbl"
Latvia,oil-production-by-country,"2,000                        						
							bbl"
Paraguay,oil-production-by-country,"2,000                        						
							bbl"
Albania,oil-production-by-country,"1,400                        						
							bbl"
Beliz,oil-production-by-country,"800                        						
							bbl"
Taiwan,oil-production-by-country,"800                        						
							bbl"
Zimbabwe,oil-production-by-country,"800                        						
							bbl"
Ireland,oil-production-by-country,"600                        						
							bbl"
Uruguay,oil-production-by-country,"400                        						
							bbl"
Georgia,oil-production-by-country,"300                        						
							bbl"
Switzerland,oil-production-by-country,"300                        						
							bbl"
Tajikistan,oil-production-by-country,"300                        						
							bbl"
Nicaragua,oil-production-by-country,"200                        						
							bbl"
Morocco,oil-production-by-country,"25                        						
							bbl"
Honduras,oil-production-by-country,"20                        						
							bbl"
Jordan,oil-production-by-country,"20                        						
							bbl"
El Salvador,oil-production-by-country,"3                        						
							bbl"
Afghanistan,oil-production-by-country,"0                        						
							bbl"
Armenia,oil-production-by-country,"0                        						
							bbl"
Benin,oil-production-by-country,"0                        						
							bbl"
Bhutan,oil-production-by-country,"0                        						
							bbl"
Bosnia and Herzegovina,oil-production-by-country,"0                        						
							bbl"
Botswana,oil-production-by-country,"0                        						
							bbl"
Burkina Faso,oil-production-by-country,"0                        						
							bbl"
Cambodia,oil-production-by-country,"0                        						
							bbl"
Central African Republic,oil-production-by-country,"0                        						
							bbl"
Dominican Republic,oil-production-by-country,"0                        						
							bbl"
Eritrea,oil-production-by-country,"0                        						
							bbl"
Ethiopia,oil-production-by-country,"0                        						
							bbl"
Iceland,oil-production-by-country,"0                        						
							bbl"
Kenya,oil-production-by-country,"0                        						
							bbl"
Kosovo,oil-production-by-country,"0                        						
							bbl"
Laos,oil-production-by-country,"0                        						
							bbl"
Lebanon,oil-production-by-country,"0                        						
							bbl"
Liberia,oil-production-by-country,"0                        						
							bbl"
Luxembourg,oil-production-by-country,"0                        						
							bbl"
Madagascar,oil-production-by-country,"0                        						
							bbl"
Mali,oil-production-by-country,"0                        						
							bbl"
Mauritania,oil-production-by-country,"0                        						
							bbl"
Moldova,oil-production-by-country,"0                        						
							bbl"
Montenegro,oil-production-by-country,"0                        						
							bbl"
Mozambique,oil-production-by-country,"0                        						
							bbl"
Namibia,oil-production-by-country,"0                        						
							bbl"
Nepal,oil-production-by-country,"0                        						
							bbl"
North Korea,oil-production-by-country,"0                        						
							bbl"
North Macedonia,oil-production-by-country,"0                        						
							bbl"
Panama,oil-production-by-country,"0                        						
							bbl"
Sierra Leone,oil-production-by-country,"0                        						
							bbl"
Singapore,oil-production-by-country,"0                        						
							bbl"
Slovenia,oil-production-by-country,"0                        						
							bbl"
Somalia,oil-production-by-country,"0                        						
							bbl"
Sri Lanka,oil-production-by-country,"0                        						
							bbl"
Tanzania,oil-production-by-country,"0                        						
							bbl"
Uganda,oil-production-by-country,"0                        						
							bbl"
Zambia,oil-production-by-country,"0                        						
							bbl"
United States,oil-consumption-by-country,"20,245,000                        						
							bbl"
China,oil-consumption-by-country,"15,148,000                        						
							bbl"
India,oil-consumption-by-country,"5,049,000                        						
							bbl"
Russia,oil-consumption-by-country,"3,684,000                        						
							bbl"
Saudi Arabia,oil-consumption-by-country,"3,649,000                        						
							bbl"
Japan,oil-consumption-by-country,"3,289,000                        						
							bbl"
Brazil,oil-consumption-by-country,"3,027,000                        						
							bbl"
Canada,oil-consumption-by-country,"2,454,000                        						
							bbl"
South Korea,oil-consumption-by-country,"2,452,000                        						
							bbl"
Iran,oil-consumption-by-country,"2,136,000                        						
							bbl"
Germany,oil-consumption-by-country,"2,052,000                        						
							bbl"
Mexico,oil-consumption-by-country,"1,737,000                        						
							bbl"
Indonesia,oil-consumption-by-country,"1,728,000                        						
							bbl"
France,oil-consumption-by-country,"1,554,000                        						
							bbl"
Singapore,oil-consumption-by-country,"1,470,000                        						
							bbl"
United Kingdom,oil-consumption-by-country,"1,397,000                        						
							bbl"
Spain,oil-consumption-by-country,"1,269,000                        						
							bbl"
Thailand,oil-consumption-by-country,"1,248,000                        						
							bbl"
Italy,oil-consumption-by-country,"1,246,000                        						
							bbl"
Australia,oil-consumption-by-country,"1,123,000                        						
							bbl"
Turkiye,oil-consumption-by-country,"1,077,000                        						
							bbl"
Taiwan,oil-consumption-by-country,"1,022,000                        						
							bbl"
United Arab Emirates,oil-consumption-by-country,"939,000                        						
							bbl"
Iraq,oil-consumption-by-country,"918,000                        						
							bbl"
Netherlands,oil-consumption-by-country,"872,000                        						
							bbl"
Egypt,oil-consumption-by-country,"851,000                        						
							bbl"
Poland,oil-consumption-by-country,"722,000                        						
							bbl"
Malaysia,oil-consumption-by-country,"717,000                        						
							bbl"
Argentina,oil-consumption-by-country,"706,000                        						
							bbl"
South Africa,oil-consumption-by-country,"601,000                        						
							bbl"
Belgium,oil-consumption-by-country,"585,000                        						
							bbl"
Nigeria,oil-consumption-by-country,"515,000                        						
							bbl"
Vietnam,oil-consumption-by-country,"494,000                        						
							bbl"
Pakistan,oil-consumption-by-country,"473,000                        						
							bbl"
Philippines,oil-consumption-by-country,"453,000                        						
							bbl"
Algeria,oil-consumption-by-country,"428,000                        						
							bbl"
Chile,oil-consumption-by-country,"405,000                        						
							bbl"
Kuwait,oil-consumption-by-country,"372,000                        						
							bbl"
Venezuela,oil-consumption-by-country,"367,000                        						
							bbl"
Colombia,oil-consumption-by-country,"320,000                        						
							bbl"
Morocco,oil-consumption-by-country,"318,000                        						
							bbl"
Greece,oil-consumption-by-country,"303,000                        						
							bbl"
Qatar,oil-consumption-by-country,"297,000                        						
							bbl"
Kazakhstan,oil-consumption-by-country,"288,000                        						
							bbl"
Sweden,oil-consumption-by-country,"283,000                        						
							bbl"
Ukraine,oil-consumption-by-country,"248,000                        						
							bbl"
Austria,oil-consumption-by-country,"245,000                        						
							bbl"
Israel,oil-consumption-by-country,"230,000                        						
							bbl"
Libya,oil-consumption-by-country,"230,000                        						
							bbl"
Norway,oil-consumption-by-country,"229,000                        						
							bbl"
Ecuador,oil-consumption-by-country,"225,000                        						
							bbl"
Romania,oil-consumption-by-country,"221,000                        						
							bbl"
Czechia,oil-consumption-by-country,"211,000                        						
							bbl"
Oman,oil-consumption-by-country,"211,000                        						
							bbl"
Peru,oil-consumption-by-country,"210,000                        						
							bbl"
Switzerland,oil-consumption-by-country,"193,000                        						
							bbl"
Portugal,oil-consumption-by-country,"191,000                        						
							bbl"
Finland,oil-consumption-by-country,"175,000                        						
							bbl"
Hungary,oil-consumption-by-country,"175,000                        						
							bbl"
Lebanon,oil-consumption-by-country,"174,000                        						
							bbl"
Cuba,oil-consumption-by-country,"165,000                        						
							bbl"
Bangladesh,oil-consumption-by-country,"160,000                        						
							bbl"
Ireland,oil-consumption-by-country,"156,000                        						
							bbl"
New Zealand,oil-consumption-by-country,"154,000                        						
							bbl"
Denmark,oil-consumption-by-country,"152,000                        						
							bbl"
Turkmenistan,oil-consumption-by-country,"152,000                        						
							bbl"
Myanmar,oil-consumption-by-country,"148,000                        						
							bbl"
Panama,oil-consumption-by-country,"146,000                        						
							bbl"
Syria,oil-consumption-by-country,"138,000                        						
							bbl"
Dominican Republic,oil-consumption-by-country,"134,000                        						
							bbl"
Belarus,oil-consumption-by-country,"131,000                        						
							bbl"
Angola,oil-consumption-by-country,"127,000                        						
							bbl"
Sudan,oil-consumption-by-country,"127,000                        						
							bbl"
Sri Lanka,oil-consumption-by-country,"121,000                        						
							bbl"
Kenya,oil-consumption-by-country,"119,000                        						
							bbl"
Guatemala,oil-consumption-by-country,"115,000                        						
							bbl"
Ethiopia,oil-consumption-by-country,"110,000                        						
							bbl"
Ghana,oil-consumption-by-country,"110,000                        						
							bbl"
Tunisia,oil-consumption-by-country,"108,000                        						
							bbl"
Azerbaijan,oil-consumption-by-country,"105,000                        						
							bbl"
Bulgaria,oil-consumption-by-country,"101,000                        						
							bbl"
Jordan,oil-consumption-by-country,"97,000                        						
							bbl"
Slovakia,oil-consumption-by-country,"94,000                        						
							bbl"
Uzbekistan,oil-consumption-by-country,"91,000                        						
							bbl"
Bolivia,oil-consumption-by-country,"87,000                        						
							bbl"
Serbia,oil-consumption-by-country,"82,000                        						
							bbl"
Cambodia,oil-consumption-by-country,"73,000                        						
							bbl"
Bahrain,oil-consumption-by-country,"72,000                        						
							bbl"
Croatia,oil-consumption-by-country,"70,000                        						
							bbl"
Lithuania,oil-consumption-by-country,"68,000                        						
							bbl"
Honduras,oil-consumption-by-country,"67,000                        						
							bbl"
Nepal,oil-consumption-by-country,"62,000                        						
							bbl"
Ivory Coast,oil-consumption-by-country,"60,000                        						
							bbl"
Yemen,oil-consumption-by-country,"60,000                        						
							bbl"
El Salvador,oil-consumption-by-country,"58,000                        						
							bbl"
Tanzania,oil-consumption-by-country,"58,000                        						
							bbl"
Paraguay,oil-consumption-by-country,"57,000                        						
							bbl"
Senegal,oil-consumption-by-country,"55,000                        						
							bbl"
Uruguay,oil-consumption-by-country,"52,000                        						
							bbl"
Luxembourg,oil-consumption-by-country,"51,000                        						
							bbl"
Benin,oil-consumption-by-country,"46,000                        						
							bbl"
Mali,oil-consumption-by-country,"46,000                        						
							bbl"
Slovenia,oil-consumption-by-country,"45,000                        						
							bbl"
Uganda,oil-consumption-by-country,"43,000                        						
							bbl"
Cameroon,oil-consumption-by-country,"40,000                        						
							bbl"
Mozambique,oil-consumption-by-country,"40,000                        						
							bbl"
Bosnia and Herzegovina,oil-consumption-by-country,"36,000                        						
							bbl"
Burkina Faso,oil-consumption-by-country,"36,000                        						
							bbl"
Mongolia,oil-consumption-by-country,"36,000                        						
							bbl"
Nicaragua,oil-consumption-by-country,"36,000                        						
							bbl"
Latvia,oil-consumption-by-country,"35,000                        						
							bbl"
Zambia,oil-consumption-by-country,"34,000                        						
							bbl"
Georgia,oil-consumption-by-country,"32,000                        						
							bbl"
Kyrgyzstan,oil-consumption-by-country,"31,000                        						
							bbl"
Mauritania,oil-consumption-by-country,"29,000                        						
							bbl"
Zimbabwe,oil-consumption-by-country,"29,000                        						
							bbl"
Estonia,oil-consumption-by-country,"28,000                        						
							bbl"
Tajikistan,oil-consumption-by-country,"28,000                        						
							bbl"
Democratic Republic of the Congo,oil-consumption-by-country,"26,000                        						
							bbl"
Namibia,oil-consumption-by-country,"25,000                        						
							bbl"
Laos,oil-consumption-by-country,"24,000                        						
							bbl"
Moldova,oil-consumption-by-country,"22,000                        						
							bbl"
North Macedonia,oil-consumption-by-country,"22,000                        						
							bbl"
Botswana,oil-consumption-by-country,"21,000                        						
							bbl"
Madagascar,oil-consumption-by-country,"19,000                        						
							bbl"
Iceland,oil-consumption-by-country,"18,000                        						
							bbl"
North Korea,oil-consumption-by-country,"17,000                        						
							bbl"
Gabon,oil-consumption-by-country,"16,000                        						
							bbl"
Chad,oil-consumption-by-country,"15,000                        						
							bbl"
Kosovo,oil-consumption-by-country,"15,000                        						
							bbl"
Suriname,oil-consumption-by-country,"15,000                        						
							bbl"
Armenia,oil-consumption-by-country,"14,000                        						
							bbl"
South Sudan,oil-consumption-by-country,"14,000                        						
							bbl"
Niger,oil-consumption-by-country,"13,000                        						
							bbl"
Republic of the Congo,oil-consumption-by-country,"12,000                        						
							bbl"
Sierra Leone,oil-consumption-by-country,"9,000                        						
							bbl"
Montenegro,oil-consumption-by-country,"8,000                        						
							bbl"
Somalia,oil-consumption-by-country,"6,000                        						
							bbl"
Beliz,oil-consumption-by-country,"5,000                        						
							bbl"
Eritrea,oil-consumption-by-country,"4,000                        						
							bbl"
Liberia,oil-consumption-by-country,"4,000                        						
							bbl"
Bhutan,oil-consumption-by-country,"3,000                        						
							bbl"
Afghanistan,oil-consumption-by-country,"2,700                        						
							bbl"
Albania,oil-consumption-by-country,"2,600                        						
							bbl"
Central African Republic,oil-consumption-by-country,"2,000                        						
							bbl"
Venezuela,proven-oil-reserves-by-country,"303,806,000,000                        						
							bbl"
Saudi Arabia,proven-oil-reserves-by-country,"258,600,000,000                        						
							bbl"
Iran,proven-oil-reserves-by-country,"208,600,000,000                        						
							bbl"
Canada,proven-oil-reserves-by-country,"170,300,000,000                        						
							bbl"
Iraq,proven-oil-reserves-by-country,"145,019,000,000                        						
							bbl"
Kuwait,proven-oil-reserves-by-country,"101,500,000,000                        						
							bbl"
United Arab Emirates,proven-oil-reserves-by-country,"97,800,000,000                        						
							bbl"
Russia,proven-oil-reserves-by-country,"80,000,000,000                        						
							bbl"
Libya,proven-oil-reserves-by-country,"48,363,000,000                        						
							bbl"
United States,proven-oil-reserves-by-country,"38,212,000,000                        						
							bbl"
Nigeria,proven-oil-reserves-by-country,"36,890,000,000                        						
							bbl"
Kazakhstan,proven-oil-reserves-by-country,"30,000,000,000                        						
							bbl"
China,proven-oil-reserves-by-country,"26,023,000,000                        						
							bbl"
Brazil,proven-oil-reserves-by-country,"12,715,000,000                        						
							bbl"
Algeria,proven-oil-reserves-by-country,"12,200,000,000                        						
							bbl"
Ecuador,proven-oil-reserves-by-country,"8,273,000,000                        						
							bbl"
Norway,proven-oil-reserves-by-country,"8,122,200,000                        						
							bbl"
Angola,proven-oil-reserves-by-country,"7,783,000,000                        						
							bbl"
Azerbaijan,proven-oil-reserves-by-country,"7,000,000,000                        						
							bbl"
Mexico,proven-oil-reserves-by-country,"5,786,000,000                        						
							bbl"
Oman,proven-oil-reserves-by-country,"5,375,000,000                        						
							bbl"
India,proven-oil-reserves-by-country,"4,605,000,000                        						
							bbl"
Vietnam,proven-oil-reserves-by-country,"4,400,000,000                        						
							bbl"
South Sudan,proven-oil-reserves-by-country,"3,750,000,000                        						
							bbl"
Malaysia,proven-oil-reserves-by-country,"3,600,000,000                        						
							bbl"
Egypt,proven-oil-reserves-by-country,"3,300,000,000                        						
							bbl"
Yemen,proven-oil-reserves-by-country,"3,000,000,000                        						
							bbl"
Republic of the Congo,proven-oil-reserves-by-country,"2,885,000,000                        						
							bbl"
Syria,proven-oil-reserves-by-country,"2,500,000,000                        						
							bbl"
Uganda,proven-oil-reserves-by-country,"2,500,000,000                        						
							bbl"
United Kingdom,proven-oil-reserves-by-country,"2,500,000,000                        						
							bbl"
Argentina,proven-oil-reserves-by-country,"2,483,000,000                        						
							bbl"
Indonesia,proven-oil-reserves-by-country,"2,480,000,000                        						
							bbl"
Australia,proven-oil-reserves-by-country,"2,446,000,000                        						
							bbl"
Colombia,proven-oil-reserves-by-country,"2,036,000,000                        						
							bbl"
Gabon,proven-oil-reserves-by-country,"2,000,000,000                        						
							bbl"
Chad,proven-oil-reserves-by-country,"1,500,000,000                        						
							bbl"
Sudan,proven-oil-reserves-by-country,"1,250,000,000                        						
							bbl"
Peru,proven-oil-reserves-by-country,"858,890,000                        						
							bbl"
Ghana,proven-oil-reserves-by-country,"660,000,000                        						
							bbl"
Romania,proven-oil-reserves-by-country,"600,000,000                        						
							bbl"
Turkmenistan,proven-oil-reserves-by-country,"600,000,000                        						
							bbl"
Uzbekistan,proven-oil-reserves-by-country,"594,000,000                        						
							bbl"
Pakistan,proven-oil-reserves-by-country,"540,000,000                        						
							bbl"
Italy,proven-oil-reserves-by-country,"497,934,000                        						
							bbl"
Denmark,proven-oil-reserves-by-country,"441,000,000                        						
							bbl"
Tunisia,proven-oil-reserves-by-country,"425,000,000                        						
							bbl"
Ukraine,proven-oil-reserves-by-country,"395,000,000                        						
							bbl"
Turkiye,proven-oil-reserves-by-country,"366,000,000                        						
							bbl"
Thailand,proven-oil-reserves-by-country,"252,750,000                        						
							bbl"
Bolivia,proven-oil-reserves-by-country,"240,900,000                        						
							bbl"
Cameroon,proven-oil-reserves-by-country,"200,000,000                        						
							bbl"
Belarus,proven-oil-reserves-by-country,"198,000,000                        						
							bbl"
Bahrain,proven-oil-reserves-by-country,"186,500,000                        						
							bbl"
Democratic Republic of the Congo,proven-oil-reserves-by-country,"180,000,000                        						
							bbl"
Albania,proven-oil-reserves-by-country,"150,000,000                        						
							bbl"
Chile,proven-oil-reserves-by-country,"150,000,000                        						
							bbl"
Niger,proven-oil-reserves-by-country,"150,000,000                        						
							bbl"
Spain,proven-oil-reserves-by-country,"150,000,000                        						
							bbl"
Myanmar,proven-oil-reserves-by-country,"139,000,000                        						
							bbl"
Philippines,proven-oil-reserves-by-country,"138,500,000                        						
							bbl"
Netherlands,proven-oil-reserves-by-country,"137,747,000                        						
							bbl"
Cuba,proven-oil-reserves-by-country,"124,000,000                        						
							bbl"
Germany,proven-oil-reserves-by-country,"115,200,000                        						
							bbl"
Poland,proven-oil-reserves-by-country,"113,000,000                        						
							bbl"
Ivory Coast,proven-oil-reserves-by-country,"100,000,000                        						
							bbl"
Suriname,proven-oil-reserves-by-country,"89,000,000                        						
							bbl"
Guatemala,proven-oil-reserves-by-country,"86,110,000                        						
							bbl"
Serbia,proven-oil-reserves-by-country,"77,500,000                        						
							bbl"
Croatia,proven-oil-reserves-by-country,"71,000,000                        						
							bbl"
France,proven-oil-reserves-by-country,"61,719,000                        						
							bbl"
Japan,proven-oil-reserves-by-country,"44,115,000                        						
							bbl"
New Zealand,proven-oil-reserves-by-country,"40,993,000                        						
							bbl"
Kyrgyzstan,proven-oil-reserves-by-country,"40,000,000                        						
							bbl"
Austria,proven-oil-reserves-by-country,"35,200,000                        						
							bbl"
Georgia,proven-oil-reserves-by-country,"35,000,000                        						
							bbl"
Bangladesh,proven-oil-reserves-by-country,"28,000,000                        						
							bbl"
Qatar,proven-oil-reserves-by-country,"25,244,000                        						
							bbl"
Portugal,proven-oil-reserves-by-country,"22,440,000                        						
							bbl"
Mauritania,proven-oil-reserves-by-country,"20,000,000                        						
							bbl"
Bulgaria,proven-oil-reserves-by-country,"15,000,000                        						
							bbl"
Czechia,proven-oil-reserves-by-country,"15,000,000                        						
							bbl"
South Africa,proven-oil-reserves-by-country,"15,000,000                        						
							bbl"
Israel,proven-oil-reserves-by-country,"12,730,000                        						
							bbl"
Hungary,proven-oil-reserves-by-country,"12,100,000                        						
							bbl"
Lithuania,proven-oil-reserves-by-country,"12,000,000                        						
							bbl"
Tajikistan,proven-oil-reserves-by-country,"12,000,000                        						
							bbl"
Greece,proven-oil-reserves-by-country,"10,000,000                        						
							bbl"
Slovakia,proven-oil-reserves-by-country,"9,000,000                        						
							bbl"
Benin,proven-oil-reserves-by-country,"8,000,000                        						
							bbl"
Beliz,proven-oil-reserves-by-country,"6,700,000                        						
							bbl"
Taiwan,proven-oil-reserves-by-country,"2,380,000                        						
							bbl"
Jordan,proven-oil-reserves-by-country,"1,000,000                        						
							bbl"
Morocco,proven-oil-reserves-by-country,"684,000                        						
							bbl"
Ethiopia,proven-oil-reserves-by-country,"428,000                        						
							bbl"
Afghanistan,proven-oil-reserves-by-country,"0                        						
							bbl"
Armenia,proven-oil-reserves-by-country,"0                        						
							bbl"
Belgium,proven-oil-reserves-by-country,"0                        						
							bbl"
Bhutan,proven-oil-reserves-by-country,"0                        						
							bbl"
Bosnia and Herzegovina,proven-oil-reserves-by-country,"0                        						
							bbl"
Botswana,proven-oil-reserves-by-country,"0                        						
							bbl"
Burkina Faso,proven-oil-reserves-by-country,"0                        						
							bbl"
Cambodia,proven-oil-reserves-by-country,"0                        						
							bbl"
Central African Republic,proven-oil-reserves-by-country,"0                        						
							bbl"
Dominican Republic,proven-oil-reserves-by-country,"0                        						
							bbl"
El Salvador,proven-oil-reserves-by-country,"0                        						
							bbl"
Eritrea,proven-oil-reserves-by-country,"0                        						
							bbl"
Estonia,proven-oil-reserves-by-country,"0                        						
							bbl"
Finland,proven-oil-reserves-by-country,"0                        						
							bbl"
Honduras,proven-oil-reserves-by-country,"0                        						
							bbl"
Iceland,proven-oil-reserves-by-country,"0                        						
							bbl"
Ireland,proven-oil-reserves-by-country,"0                        						
							bbl"
Kenya,proven-oil-reserves-by-country,"0                        						
							bbl"
Kosovo,proven-oil-reserves-by-country,"0                        						
							bbl"
Laos,proven-oil-reserves-by-country,"0                        						
							bbl"
Latvia,proven-oil-reserves-by-country,"0                        						
							bbl"
Lebanon,proven-oil-reserves-by-country,"0                        						
							bbl"
Liberia,proven-oil-reserves-by-country,"0                        						
							bbl"
Luxembourg,proven-oil-reserves-by-country,"0                        						
							bbl"
Madagascar,proven-oil-reserves-by-country,"0                        						
							bbl"
Mali,proven-oil-reserves-by-country,"0                        						
							bbl"
Moldova,proven-oil-reserves-by-country,"0                        						
							bbl"
Mongolia,proven-oil-reserves-by-country,"0                        						
							bbl"
Montenegro,proven-oil-reserves-by-country,"0                        						
							bbl"
Mozambique,proven-oil-reserves-by-country,"0                        						
							bbl"
Namibia,proven-oil-reserves-by-country,"0                        						
							bbl"
Nepal,proven-oil-reserves-by-country,"0                        						
							bbl"
Nicaragua,proven-oil-reserves-by-country,"0                        						
							bbl"
North Korea,proven-oil-reserves-by-country,"0                        						
							bbl"
North Macedonia,proven-oil-reserves-by-country,"0                        						
							bbl"
Panama,proven-oil-reserves-by-country,"0                        						
							bbl"
Paraguay,proven-oil-reserves-by-country,"0                        						
							bbl"
Senegal,proven-oil-reserves-by-country,"0                        						
							bbl"
Sierra Leone,proven-oil-reserves-by-country,"0                        						
							bbl"
Singapore,proven-oil-reserves-by-country,"0                        						
							bbl"
Slovenia,proven-oil-reserves-by-country,"0                        						
							bbl"
Somalia,proven-oil-reserves-by-country,"0                        						
							bbl"
South Korea,proven-oil-reserves-by-country,"0                        						
							bbl"
Sri Lanka,proven-oil-reserves-by-country,"0                        						
							bbl"
Sweden,proven-oil-reserves-by-country,"0                        						
							bbl"
Switzerland,proven-oil-reserves-by-country,"0                        						
							bbl"
Tanzania,proven-oil-reserves-by-country,"0                        						
							bbl"
Uruguay,proven-oil-reserves-by-country,"0                        						
							bbl"
Zambia,proven-oil-reserves-by-country,"0                        						
							bbl"
Zimbabwe,proven-oil-reserves-by-country,"0                        						
							bbl"
United States,natural-gas-production-by-country,"1,029,000,000,000                        						
							Cu.M"
Russia,natural-gas-production-by-country,"617,830,000,000                        						
							Cu.M"
Iran,natural-gas-production-by-country,"263,280,000,000                        						
							Cu.M"
China,natural-gas-production-by-country,"225,341,000,000                        						
							Cu.M"
Canada,natural-gas-production-by-country,"187,686,000,000                        						
							Cu.M"
Qatar,natural-gas-production-by-country,"169,595,000,000                        						
							Cu.M"
Australia,natural-gas-production-by-country,"153,783,000,000                        						
							Cu.M"
Norway,natural-gas-production-by-country,"123,727,000,000                        						
							Cu.M"
Saudi Arabia,natural-gas-production-by-country,"121,870,000,000                        						
							Cu.M"
Algeria,natural-gas-production-by-country,"100,726,000,000                        						
							Cu.M"
Turkmenistan,natural-gas-production-by-country,"86,472,000,000                        						
							Cu.M"
Malaysia,natural-gas-production-by-country,"75,456,000,000                        						
							Cu.M"
Egypt,natural-gas-production-by-country,"64,817,000,000                        						
							Cu.M"
Indonesia,natural-gas-production-by-country,"57,410,000,000                        						
							Cu.M"
United Arab Emirates,natural-gas-production-by-country,"56,683,000,000                        						
							Cu.M"
Uzbekistan,natural-gas-production-by-country,"47,500,000,000                        						
							Cu.M"
Argentina,natural-gas-production-by-country,"43,280,000,000                        						
							Cu.M"
Oman,natural-gas-production-by-country,"40,754,000,000                        						
							Cu.M"
Nigeria,natural-gas-production-by-country,"39,951,000,000                        						
							Cu.M"
United Kingdom,natural-gas-production-by-country,"37,758,000,000                        						
							Cu.M"
Pakistan,natural-gas-production-by-country,"36,937,000,000                        						
							Cu.M"
Azerbaijan,natural-gas-production-by-country,"34,175,000,000                        						
							Cu.M"
India,natural-gas-production-by-country,"33,170,000,000                        						
							Cu.M"
Mexico,natural-gas-production-by-country,"31,422,000,000                        						
							Cu.M"
Thailand,natural-gas-production-by-country,"30,797,000,000                        						
							Cu.M"
Kazakhstan,natural-gas-production-by-country,"27,011,000,000                        						
							Cu.M"
Bangladesh,natural-gas-production-by-country,"24,620,000,000                        						
							Cu.M"
Israel,natural-gas-production-by-country,"22,886,000,000                        						
							Cu.M"
Brazil,natural-gas-production-by-country,"22,670,000,000                        						
							Cu.M"
Kuwait,natural-gas-production-by-country,"19,285,000,000                        						
							Cu.M"
Ukraine,natural-gas-production-by-country,"18,725,000,000                        						
							Cu.M"
Bahrain,natural-gas-production-by-country,"18,005,000,000                        						
							Cu.M"
Netherlands,natural-gas-production-by-country,"17,774,000,000                        						
							Cu.M"
Venezuela,natural-gas-production-by-country,"17,696,000,000                        						
							Cu.M"
Myanmar,natural-gas-production-by-country,"16,780,000,000                        						
							Cu.M"
Bolivia,natural-gas-production-by-country,"13,760,000,000                        						
							Cu.M"
Peru,natural-gas-production-by-country,"12,270,000,000                        						
							Cu.M"
Libya,natural-gas-production-by-country,"11,832,000,000                        						
							Cu.M"
Colombia,natural-gas-production-by-country,"11,290,000,000                        						
							Cu.M"
Iraq,natural-gas-production-by-country,"9,860,000,000                        						
							Cu.M"
Romania,natural-gas-production-by-country,"9,501,000,000                        						
							Cu.M"
Vietnam,natural-gas-production-by-country,"7,676,000,000                        						
							Cu.M"
Poland,natural-gas-production-by-country,"5,551,000,000                        						
							Cu.M"
Angola,natural-gas-production-by-country,"5,514,000,000                        						
							Cu.M"
Mozambique,natural-gas-production-by-country,"5,388,000,000                        						
							Cu.M"
Germany,natural-gas-production-by-country,"4,824,000,000                        						
							Cu.M"
New Zealand,natural-gas-production-by-country,"3,770,000,000                        						
							Cu.M"
Ghana,natural-gas-production-by-country,"3,192,000,000                        						
							Cu.M"
Italy,natural-gas-production-by-country,"3,117,000,000                        						
							Cu.M"
Syria,natural-gas-production-by-country,"3,085,000,000                        						
							Cu.M"
Ivory Coast,natural-gas-production-by-country,"2,635,000,000                        						
							Cu.M"
Cameroon,natural-gas-production-by-country,"2,595,000,000                        						
							Cu.M"
Philippines,natural-gas-production-by-country,"2,251,000,000                        						
							Cu.M"
Japan,natural-gas-production-by-country,"2,220,000,000                        						
							Cu.M"
Denmark,natural-gas-production-by-country,"1,879,000,000                        						
							Cu.M"
Tanzania,natural-gas-production-by-country,"1,808,000,000                        						
							Cu.M"
Hungary,natural-gas-production-by-country,"1,523,000,000                        						
							Cu.M"
Ireland,natural-gas-production-by-country,"1,447,000,000                        						
							Cu.M"
Tunisia,natural-gas-production-by-country,"1,323,000,000                        						
							Cu.M"
Chile,natural-gas-production-by-country,"1,200,000,000                        						
							Cu.M"
Croatia,natural-gas-production-by-country,"741,456,000                        						
							Cu.M"
Cuba,natural-gas-production-by-country,"659,434,000                        						
							Cu.M"
Austria,natural-gas-production-by-country,"618,209,000                        						
							Cu.M"
Gabon,natural-gas-production-by-country,"463,000,000                        						
							Cu.M"
Republic of the Congo,natural-gas-production-by-country,"423,000,000                        						
							Cu.M"
Turkiye,natural-gas-production-by-country,"379,701,000                        						
							Cu.M"
Serbia,natural-gas-production-by-country,"353,376,000                        						
							Cu.M"
Ecuador,natural-gas-production-by-country,"309,778,000                        						
							Cu.M"
Czechia,natural-gas-production-by-country,"224,725,000                        						
							Cu.M"
Yemen,natural-gas-production-by-country,"189,432,000                        						
							Cu.M"
Jordan,natural-gas-production-by-country,"187,262,000                        						
							Cu.M"
Morocco,natural-gas-production-by-country,"82,595,000                        						
							Cu.M"
Afghanistan,natural-gas-production-by-country,"80,200,000                        						
							Cu.M"
Belarus,natural-gas-production-by-country,"73,929,000                        						
							Cu.M"
Taiwan,natural-gas-production-by-country,"63,747,000                        						
							Cu.M"
South Africa,natural-gas-production-by-country,"59,128,000                        						
							Cu.M"
South Korea,natural-gas-production-by-country,"55,127,000                        						
							Cu.M"
Senegal,natural-gas-production-by-country,"54,646,000                        						
							Cu.M"
Slovakia,natural-gas-production-by-country,"52,556,000                        						
							Cu.M"
Albania,natural-gas-production-by-country,"50,623,000                        						
							Cu.M"
Spain,natural-gas-production-by-country,"41,009,000                        						
							Cu.M"
Kyrgyzstan,natural-gas-production-by-country,"31,026,000                        						
							Cu.M"
Niger,natural-gas-production-by-country,"29,509,000                        						
							Cu.M"
Bulgaria,natural-gas-production-by-country,"20,837,000                        						
							Cu.M"
France,natural-gas-production-by-country,"20,132,000                        						
							Cu.M"
Tajikistan,natural-gas-production-by-country,"18,476,000                        						
							Cu.M"
Belgium,natural-gas-production-by-country,"13,436,000                        						
							Cu.M"
Georgia,natural-gas-production-by-country,"8,760,000                        						
							Cu.M"
Suriname,natural-gas-production-by-country,"7,109,000                        						
							Cu.M"
Slovenia,natural-gas-production-by-country,"3,863,000                        						
							Cu.M"
Greece,natural-gas-production-by-country,"3,284,000                        						
							Cu.M"
Guatemala,natural-gas-production-by-country,"3,276,000                        						
							Cu.M"
Democratic Republic of the Congo,natural-gas-production-by-country,"380,000                        						
							Cu.M"
Moldova,natural-gas-production-by-country,"10,000                        						
							Cu.M"
Armenia,natural-gas-production-by-country,"0                        						
							Cu.M"
Beliz,natural-gas-production-by-country,"0                        						
							Cu.M"
Benin,natural-gas-production-by-country,"0                        						
							Cu.M"
Bhutan,natural-gas-production-by-country,"0                        						
							Cu.M"
Bosnia and Herzegovina,natural-gas-production-by-country,"0                        						
							Cu.M"
Botswana,natural-gas-production-by-country,"0                        						
							Cu.M"
Burkina Faso,natural-gas-production-by-country,"0                        						
							Cu.M"
Cambodia,natural-gas-production-by-country,"0                        						
							Cu.M"
Central African Republic,natural-gas-production-by-country,"0                        						
							Cu.M"
Chad,natural-gas-production-by-country,"0                        						
							Cu.M"
Dominican Republic,natural-gas-production-by-country,"0                        						
							Cu.M"
El Salvador,natural-gas-production-by-country,"0                        						
							Cu.M"
Eritrea,natural-gas-production-by-country,"0                        						
							Cu.M"
Estonia,natural-gas-production-by-country,"0                        						
							Cu.M"
Ethiopia,natural-gas-production-by-country,"0                        						
							Cu.M"
Finland,natural-gas-production-by-country,"0                        						
							Cu.M"
Honduras,natural-gas-production-by-country,"0                        						
							Cu.M"
Iceland,natural-gas-production-by-country,"0                        						
							Cu.M"
Kenya,natural-gas-production-by-country,"0                        						
							Cu.M"
Kosovo,natural-gas-production-by-country,"0                        						
							Cu.M"
Laos,natural-gas-production-by-country,"0                        						
							Cu.M"
Latvia,natural-gas-production-by-country,"0                        						
							Cu.M"
Lebanon,natural-gas-production-by-country,"0                        						
							Cu.M"
Liberia,natural-gas-production-by-country,"0                        						
							Cu.M"
Lithuania,natural-gas-production-by-country,"0                        						
							Cu.M"
Luxembourg,natural-gas-production-by-country,"0                        						
							Cu.M"
Madagascar,natural-gas-production-by-country,"0                        						
							Cu.M"
Mali,natural-gas-production-by-country,"0                        						
							Cu.M"
Mauritania,natural-gas-production-by-country,"0                        						
							Cu.M"
Mongolia,natural-gas-production-by-country,"0                        						
							Cu.M"
Montenegro,natural-gas-production-by-country,"0                        						
							Cu.M"
Namibia,natural-gas-production-by-country,"0                        						
							Cu.M"
Nepal,natural-gas-production-by-country,"0                        						
							Cu.M"
Nicaragua,natural-gas-production-by-country,"0                        						
							Cu.M"
North Korea,natural-gas-production-by-country,"0                        						
							Cu.M"
North Macedonia,natural-gas-production-by-country,"0                        						
							Cu.M"
Panama,natural-gas-production-by-country,"0                        						
							Cu.M"
Paraguay,natural-gas-production-by-country,"0                        						
							Cu.M"
Portugal,natural-gas-production-by-country,"0                        						
							Cu.M"
Sierra Leone,natural-gas-production-by-country,"0                        						
							Cu.M"
Singapore,natural-gas-production-by-country,"0                        						
							Cu.M"
Somalia,natural-gas-production-by-country,"0                        						
							Cu.M"
South Sudan,natural-gas-production-by-country,"0                        						
							Cu.M"
Sri Lanka,natural-gas-production-by-country,"0                        						
							Cu.M"
Sudan,natural-gas-production-by-country,"0                        						
							Cu.M"
Sweden,natural-gas-production-by-country,"0                        						
							Cu.M"
Switzerland,natural-gas-production-by-country,"0                        						
							Cu.M"
Uganda,natural-gas-production-by-country,"0                        						
							Cu.M"
Uruguay,natural-gas-production-by-country,"0                        						
							Cu.M"
Zambia,natural-gas-production-by-country,"0                        						
							Cu.M"
Zimbabwe,natural-gas-production-by-country,"0                        						
							Cu.M"
Russia,proven-natural-gas-reserves-by-country,"47,805,000,000,000                        						
							Cu.M"
Iran,proven-natural-gas-reserves-by-country,"33,987,000,000,000                        						
							Cu.M"
Qatar,proven-natural-gas-reserves-by-country,"23,861,000,000,000                        						
							Cu.M"
United States,proven-natural-gas-reserves-by-country,"13,402,000,000,000                        						
							Cu.M"
Turkmenistan,proven-natural-gas-reserves-by-country,"11,327,000,000,000                        						
							Cu.M"
Saudi Arabia,proven-natural-gas-reserves-by-country,"9,423,000,000,000                        						
							Cu.M"
China,proven-natural-gas-reserves-by-country,"6,654,000,000,000                        						
							Cu.M"
Nigeria,proven-natural-gas-reserves-by-country,"5,761,000,000,000                        						
							Cu.M"
Venezuela,proven-natural-gas-reserves-by-country,"5,674,000,000,000                        						
							Cu.M"
Algeria,proven-natural-gas-reserves-by-country,"4,504,000,000,000                        						
							Cu.M"
Iraq,proven-natural-gas-reserves-by-country,"3,729,000,000,000                        						
							Cu.M"
Australia,proven-natural-gas-reserves-by-country,"3,228,000,000,000                        						
							Cu.M"
Mozambique,proven-natural-gas-reserves-by-country,"2,832,000,000,000                        						
							Cu.M"
Kazakhstan,proven-natural-gas-reserves-by-country,"2,407,000,000,000                        						
							Cu.M"
Canada,proven-natural-gas-reserves-by-country,"2,067,126,000,000                        						
							Cu.M"
Uzbekistan,proven-natural-gas-reserves-by-country,"1,841,000,000,000                        						
							Cu.M"
Egypt,proven-natural-gas-reserves-by-country,"1,784,000,000,000                        						
							Cu.M"
Kuwait,proven-natural-gas-reserves-by-country,"1,784,000,000,000                        						
							Cu.M"
Azerbaijan,proven-natural-gas-reserves-by-country,"1,699,000,000,000                        						
							Cu.M"
Norway,proven-natural-gas-reserves-by-country,"1,544,455,000,000                        						
							Cu.M"
Libya,proven-natural-gas-reserves-by-country,"1,505,000,000,000                        						
							Cu.M"
Indonesia,proven-natural-gas-reserves-by-country,"1,408,000,000,000                        						
							Cu.M"
India,proven-natural-gas-reserves-by-country,"1,381,000,000,000                        						
							Cu.M"
Malaysia,proven-natural-gas-reserves-by-country,"1,189,000,000,000                        						
							Cu.M"
Ukraine,proven-natural-gas-reserves-by-country,"1,104,000,000,000                        						
							Cu.M"
Vietnam,proven-natural-gas-reserves-by-country,"699,426,000,000                        						
							Cu.M"
Oman,proven-natural-gas-reserves-by-country,"651,287,000,000                        						
							Cu.M"
Myanmar,proven-natural-gas-reserves-by-country,"637,129,000,000                        						
							Cu.M"
Pakistan,proven-natural-gas-reserves-by-country,"592,219,000,000                        						
							Cu.M"
Yemen,proven-natural-gas-reserves-by-country,"478,555,000,000                        						
							Cu.M"
Argentina,proven-natural-gas-reserves-by-country,"396,464,000,000                        						
							Cu.M"
Brazil,proven-natural-gas-reserves-by-country,"363,985,000,000                        						
							Cu.M"
Angola,proven-natural-gas-reserves-by-country,"343,002,000,000                        						
							Cu.M"
Bolivia,proven-natural-gas-reserves-by-country,"302,990,000,000                        						
							Cu.M"
Peru,proven-natural-gas-reserves-by-country,"300,159,000,000                        						
							Cu.M"
Republic of the Congo,proven-natural-gas-reserves-by-country,"283,990,000,000                        						
							Cu.M"
Syria,proven-natural-gas-reserves-by-country,"240,693,000,000                        						
							Cu.M"
United Kingdom,proven-natural-gas-reserves-by-country,"180,661,000,000                        						
							Cu.M"
Mexico,proven-natural-gas-reserves-by-country,"180,322,000,000                        						
							Cu.M"
Israel,proven-natural-gas-reserves-by-country,"176,018,000,000                        						
							Cu.M"
Thailand,proven-natural-gas-reserves-by-country,"138,243,000,000                        						
							Cu.M"
Cameroon,proven-natural-gas-reserves-by-country,"135,071,000,000                        						
							Cu.M"
Netherlands,proven-natural-gas-reserves-by-country,"132,608,000,000                        						
							Cu.M"
Bangladesh,proven-natural-gas-reserves-by-country,"126,293,000,000                        						
							Cu.M"
Romania,proven-natural-gas-reserves-by-country,"105,480,000,000                        						
							Cu.M"
Philippines,proven-natural-gas-reserves-by-country,"98,543,000,000                        						
							Cu.M"
Chile,proven-natural-gas-reserves-by-country,"97,976,000,000                        						
							Cu.M"
Poland,proven-natural-gas-reserves-by-country,"91,492,000,000                        						
							Cu.M"
Colombia,proven-natural-gas-reserves-by-country,"87,782,000,000                        						
							Cu.M"
Sudan,proven-natural-gas-reserves-by-country,"84,951,000,000                        						
							Cu.M"
Bahrain,proven-natural-gas-reserves-by-country,"81,382,000,000                        						
							Cu.M"
Portugal,proven-natural-gas-reserves-by-country,"72,000,000,000                        						
							Cu.M"
Cuba,proven-natural-gas-reserves-by-country,"70,792,000,000                        						
							Cu.M"
Tunisia,proven-natural-gas-reserves-by-country,"65,129,000,000                        						
							Cu.M"
Namibia,proven-natural-gas-reserves-by-country,"62,297,000,000                        						
							Cu.M"
Afghanistan,proven-natural-gas-reserves-by-country,"49,554,000,000                        						
							Cu.M"
Serbia,proven-natural-gas-reserves-by-country,"48,139,000,000                        						
							Cu.M"
Italy,proven-natural-gas-reserves-by-country,"45,750,000,000                        						
							Cu.M"
New Zealand,proven-natural-gas-reserves-by-country,"31,149,000,000                        						
							Cu.M"
Denmark,proven-natural-gas-reserves-by-country,"29,534,000,000                        						
							Cu.M"
Ivory Coast,proven-natural-gas-reserves-by-country,"28,317,000,000                        						
							Cu.M"
Mauritania,proven-natural-gas-reserves-by-country,"28,317,000,000                        						
							Cu.M"
Gabon,proven-natural-gas-reserves-by-country,"25,995,000,000                        						
							Cu.M"
Croatia,proven-natural-gas-reserves-by-country,"24,919,000,000                        						
							Cu.M"
Ethiopia,proven-natural-gas-reserves-by-country,"24,919,000,000                        						
							Cu.M"
Germany,proven-natural-gas-reserves-by-country,"23,390,000,000                        						
							Cu.M"
Ghana,proven-natural-gas-reserves-by-country,"22,653,000,000                        						
							Cu.M"
Japan,proven-natural-gas-reserves-by-country,"20,898,000,000                        						
							Cu.M"
Slovakia,proven-natural-gas-reserves-by-country,"14,158,000,000                        						
							Cu.M"
Uganda,proven-natural-gas-reserves-by-country,"14,158,000,000                        						
							Cu.M"
Ecuador,proven-natural-gas-reserves-by-country,"10,902,000,000                        						
							Cu.M"
Ireland,proven-natural-gas-reserves-by-country,"9,911,000,000                        						
							Cu.M"
Georgia,proven-natural-gas-reserves-by-country,"8,495,000,000                        						
							Cu.M"
France,proven-natural-gas-reserves-by-country,"7,787,000,000                        						
							Cu.M"
South Korea,proven-natural-gas-reserves-by-country,"7,079,000,000                        						
							Cu.M"
Tanzania,proven-natural-gas-reserves-by-country,"6,513,000,000                        						
							Cu.M"
Taiwan,proven-natural-gas-reserves-by-country,"6,230,000,000                        						
							Cu.M"
United Arab Emirates,proven-natural-gas-reserves-by-country,"6,091,000,000                        						
							Cu.M"
Jordan,proven-natural-gas-reserves-by-country,"6,031,000,000                        						
							Cu.M"
Albania,proven-natural-gas-reserves-by-country,"5,692,000,000                        						
							Cu.M"
Bulgaria,proven-natural-gas-reserves-by-country,"5,663,000,000                        						
							Cu.M"
Kyrgyzstan,proven-natural-gas-reserves-by-country,"5,663,000,000                        						
							Cu.M"
Somalia,proven-natural-gas-reserves-by-country,"5,663,000,000                        						
							Cu.M"
Tajikistan,proven-natural-gas-reserves-by-country,"5,663,000,000                        						
							Cu.M"
Austria,proven-natural-gas-reserves-by-country,"5,040,000,000                        						
							Cu.M"
Czechia,proven-natural-gas-reserves-by-country,"3,964,000,000                        						
							Cu.M"
Turkiye,proven-natural-gas-reserves-by-country,"3,794,000,000                        						
							Cu.M"
Hungary,proven-natural-gas-reserves-by-country,"3,738,000,000                        						
							Cu.M"
Belarus,proven-natural-gas-reserves-by-country,"2,832,000,000                        						
							Cu.M"
Spain,proven-natural-gas-reserves-by-country,"2,549,000,000                        						
							Cu.M"
Morocco,proven-natural-gas-reserves-by-country,"1,444,000,000                        						
							Cu.M"
Benin,proven-natural-gas-reserves-by-country,"1,133,000,000                        						
							Cu.M"
Democratic Republic of the Congo,proven-natural-gas-reserves-by-country,"991,090,000                        						
							Cu.M"
Greece,proven-natural-gas-reserves-by-country,"991,090,000                        						
							Cu.M"
Armenia,proven-natural-gas-reserves-by-country,"0                        						
							Cu.M"
Belgium,proven-natural-gas-reserves-by-country,"0                        						
							Cu.M"
Beliz,proven-natural-gas-reserves-by-country,"0                        						
							Cu.M"
Bhutan,proven-natural-gas-reserves-by-country,"0                        						
							Cu.M"
Bosnia and Herzegovina,proven-natural-gas-reserves-by-country,"0                        						
							Cu.M"
Botswana,proven-natural-gas-reserves-by-country,"0                        						
							Cu.M"
Burkina Faso,proven-natural-gas-reserves-by-country,"0                        						
							Cu.M"
Cambodia,proven-natural-gas-reserves-by-country,"0                        						
							Cu.M"
Central African Republic,proven-natural-gas-reserves-by-country,"0                        						
							Cu.M"
Chad,proven-natural-gas-reserves-by-country,"0                        						
							Cu.M"
Dominican Republic,proven-natural-gas-reserves-by-country,"0                        						
							Cu.M"
El Salvador,proven-natural-gas-reserves-by-country,"0                        						
							Cu.M"
Eritrea,proven-natural-gas-reserves-by-country,"0                        						
							Cu.M"
Estonia,proven-natural-gas-reserves-by-country,"0                        						
							Cu.M"
Finland,proven-natural-gas-reserves-by-country,"0                        						
							Cu.M"
Guatemala,proven-natural-gas-reserves-by-country,"0                        						
							Cu.M"
Honduras,proven-natural-gas-reserves-by-country,"0                        						
							Cu.M"
Iceland,proven-natural-gas-reserves-by-country,"0                        						
							Cu.M"
Kenya,proven-natural-gas-reserves-by-country,"0                        						
							Cu.M"
Kosovo,proven-natural-gas-reserves-by-country,"0                        						
							Cu.M"
Laos,proven-natural-gas-reserves-by-country,"0                        						
							Cu.M"
Latvia,proven-natural-gas-reserves-by-country,"0                        						
							Cu.M"
Lebanon,proven-natural-gas-reserves-by-country,"0                        						
							Cu.M"
Liberia,proven-natural-gas-reserves-by-country,"0                        						
							Cu.M"
Lithuania,proven-natural-gas-reserves-by-country,"0                        						
							Cu.M"
Luxembourg,proven-natural-gas-reserves-by-country,"0                        						
							Cu.M"
Madagascar,proven-natural-gas-reserves-by-country,"0                        						
							Cu.M"
Mali,proven-natural-gas-reserves-by-country,"0                        						
							Cu.M"
Moldova,proven-natural-gas-reserves-by-country,"0                        						
							Cu.M"
Mongolia,proven-natural-gas-reserves-by-country,"0                        						
							Cu.M"
Montenegro,proven-natural-gas-reserves-by-country,"0                        						
							Cu.M"
Nepal,proven-natural-gas-reserves-by-country,"0                        						
							Cu.M"
Nicaragua,proven-natural-gas-reserves-by-country,"0                        						
							Cu.M"
Niger,proven-natural-gas-reserves-by-country,"0                        						
							Cu.M"
North Korea,proven-natural-gas-reserves-by-country,"0                        						
							Cu.M"
North Macedonia,proven-natural-gas-reserves-by-country,"0                        						
							Cu.M"
Panama,proven-natural-gas-reserves-by-country,"0                        						
							Cu.M"
Paraguay,proven-natural-gas-reserves-by-country,"0                        						
							Cu.M"
Senegal,proven-natural-gas-reserves-by-country,"0                        						
							Cu.M"
Sierra Leone,proven-natural-gas-reserves-by-country,"0                        						
							Cu.M"
Singapore,proven-natural-gas-reserves-by-country,"0                        						
							Cu.M"
Slovenia,proven-natural-gas-reserves-by-country,"0                        						
							Cu.M"
South Africa,proven-natural-gas-reserves-by-country,"0                        						
							Cu.M"
South Sudan,proven-natural-gas-reserves-by-country,"0                        						
							Cu.M"
Sri Lanka,proven-natural-gas-reserves-by-country,"0                        						
							Cu.M"
Suriname,proven-natural-gas-reserves-by-country,"0                        						
							Cu.M"
Sweden,proven-natural-gas-reserves-by-country,"0                        						
							Cu.M"
Switzerland,proven-natural-gas-reserves-by-country,"0                        						
							Cu.M"
Uruguay,proven-natural-gas-reserves-by-country,"0                        						
							Cu.M"
Zambia,proven-natural-gas-reserves-by-country,"0                        						
							Cu.M"
Zimbabwe,proven-natural-gas-reserves-by-country,"0                        						
							Cu.M"
China,coal-production-by-country,"4,827,000,000                        						
							Cu.M"
India,coal-production-by-country,"985,671,000                        						
							Cu.M"
Indonesia,coal-production-by-country,"659,357,000                        						
							Cu.M"
United States,coal-production-by-country,"548,849,000                        						
							Cu.M"
Russia,coal-production-by-country,"508,190,000                        						
							Cu.M"
Australia,coal-production-by-country,"465,865,000                        						
							Cu.M"
South Africa,coal-production-by-country,"245,467,000                        						
							Cu.M"
Germany,coal-production-by-country,"138,981,000                        						
							Cu.M"
Kazakhstan,coal-production-by-country,"118,195,000                        						
							Cu.M"
Poland,coal-production-by-country,"116,682,000                        						
							Cu.M"
Turkiye,coal-production-by-country,"88,746,000                        						
							Cu.M"
Colombia,coal-production-by-country,"58,747,000                        						
							Cu.M"
Vietnam,coal-production-by-country,"43,614,000                        						
							Cu.M"
Canada,coal-production-by-country,"43,024,000                        						
							Cu.M"
Czechia,coal-production-by-country,"37,423,000                        						
							Cu.M"
Bulgaria,coal-production-by-country,"35,516,000                        						
							Cu.M"
Serbia,coal-production-by-country,"35,129,000                        						
							Cu.M"
Japan,coal-production-by-country,"29,141,000                        						
							Cu.M"
Mongolia,coal-production-by-country,"28,276,000                        						
							Cu.M"
North Korea,coal-production-by-country,"21,747,000                        						
							Cu.M"
Romania,coal-production-by-country,"18,160,000                        						
							Cu.M"
Brazil,coal-production-by-country,"15,644,000                        						
							Cu.M"
South Korea,coal-production-by-country,"15,595,000                        						
							Cu.M"
Laos,coal-production-by-country,"14,845,000                        						
							Cu.M"
Philippines,coal-production-by-country,"14,483,000                        						
							Cu.M"
Bosnia and Herzegovina,coal-production-by-country,"14,114,000                        						
							Cu.M"
Greece,coal-production-by-country,"13,703,000                        						
							Cu.M"
Thailand,coal-production-by-country,"13,642,000                        						
							Cu.M"
Pakistan,coal-production-by-country,"12,712,000                        						
							Cu.M"
Kosovo,coal-production-by-country,"9,074,000                        						
							Cu.M"
Mozambique,coal-production-by-country,"9,015,000                        						
							Cu.M"
Mexico,coal-production-by-country,"7,453,000                        						
							Cu.M"
Taiwan,coal-production-by-country,"5,608,000                        						
							Cu.M"
Hungary,coal-production-by-country,"5,450,000                        						
							Cu.M"
Uzbekistan,coal-production-by-country,"5,356,000                        						
							Cu.M"
North Macedonia,coal-production-by-country,"5,075,000                        						
							Cu.M"
Afghanistan,coal-production-by-country,"4,885,000                        						
							Cu.M"
Ukraine,coal-production-by-country,"4,248,000                        						
							Cu.M"
Zimbabwe,coal-production-by-country,"3,877,000                        						
							Cu.M"
Malaysia,coal-production-by-country,"3,731,000                        						
							Cu.M"
Kyrgyzstan,coal-production-by-country,"3,637,000                        						
							Cu.M"
Nigeria,coal-production-by-country,"3,043,000                        						
							Cu.M"
New Zealand,coal-production-by-country,"3,036,000                        						
							Cu.M"
Iran,coal-production-by-country,"2,791,000                        						
							Cu.M"
Botswana,coal-production-by-country,"2,634,000                        						
							Cu.M"
Tanzania,coal-production-by-country,"2,511,000                        						
							Cu.M"
France,coal-production-by-country,"2,419,000                        						
							Cu.M"
Slovenia,coal-production-by-country,"2,358,000                        						
							Cu.M"
Slovakia,coal-production-by-country,"2,343,000                        						
							Cu.M"
Tajikistan,coal-production-by-country,"2,175,000                        						
							Cu.M"
United Kingdom,coal-production-by-country,"1,891,000                        						
							Cu.M"
Netherlands,coal-production-by-country,"1,825,000                        						
							Cu.M"
Montenegro,coal-production-by-country,"1,734,000                        						
							Cu.M"
Italy,coal-production-by-country,"1,618,000                        						
							Cu.M"
Argentina,coal-production-by-country,"1,318,000                        						
							Cu.M"
Spain,coal-production-by-country,"1,293,000                        						
							Cu.M"
Austria,coal-production-by-country,"1,271,000                        						
							Cu.M"
Belgium,coal-production-by-country,"1,270,000                        						
							Cu.M"
Myanmar,coal-production-by-country,"1,268,000                        						
							Cu.M"
Sweden,coal-production-by-country,"1,115,000                        						
							Cu.M"
Zambia,coal-production-by-country,"831,000                        						
							Cu.M"
Finland,coal-production-by-country,"808,000                        						
							Cu.M"
Bangladesh,coal-production-by-country,"754,000                        						
							Cu.M"
Chile,coal-production-by-country,"499,000                        						
							Cu.M"
Niger,coal-production-by-country,"457,000                        						
							Cu.M"
Albania,coal-production-by-country,"379,000                        						
							Cu.M"
Egypt,coal-production-by-country,"289,000                        						
							Cu.M"
Georgia,coal-production-by-country,"256,000                        						
							Cu.M"
Venezuela,coal-production-by-country,"197,000                        						
							Cu.M"
Bhutan,coal-production-by-country,"177,000                        						
							Cu.M"
Peru,coal-production-by-country,"153,000                        						
							Cu.M"
Norway,coal-production-by-country,"117,000                        						
							Cu.M"
Cambodia,coal-production-by-country,"113,000                        						
							Cu.M"
Nepal,coal-production-by-country,"15,000                        						
							Cu.M"
Ethiopia,coal-production-by-country,"8,000                        						
							Cu.M"
Armenia,coal-production-by-country,"60                        						
							Cu.M"
Algeria,coal-production-by-country,"0                        						
							Cu.M"
Angola,coal-production-by-country,"0                        						
							Cu.M"
Azerbaijan,coal-production-by-country,"0                        						
							Cu.M"
Bahrain,coal-production-by-country,"0                        						
							Cu.M"
Belarus,coal-production-by-country,"0                        						
							Cu.M"
Beliz,coal-production-by-country,"0                        						
							Cu.M"
Benin,coal-production-by-country,"0                        						
							Cu.M"
Bolivia,coal-production-by-country,"0                        						
							Cu.M"
Burkina Faso,coal-production-by-country,"0                        						
							Cu.M"
Cameroon,coal-production-by-country,"0                        						
							Cu.M"
Central African Republic,coal-production-by-country,"0                        						
							Cu.M"
Chad,coal-production-by-country,"0                        						
							Cu.M"
Croatia,coal-production-by-country,"0                        						
							Cu.M"
Cuba,coal-production-by-country,"0                        						
							Cu.M"
Democratic Republic of the Congo,coal-production-by-country,"0                        						
							Cu.M"
Denmark,coal-production-by-country,"0                        						
							Cu.M"
Dominican Republic,coal-production-by-country,"0                        						
							Cu.M"
Ecuador,coal-production-by-country,"0                        						
							Cu.M"
El Salvador,coal-production-by-country,"0                        						
							Cu.M"
Eritrea,coal-production-by-country,"0                        						
							Cu.M"
Estonia,coal-production-by-country,"0                        						
							Cu.M"
Gabon,coal-production-by-country,"0                        						
							Cu.M"
Ghana,coal-production-by-country,"0                        						
							Cu.M"
Guatemala,coal-production-by-country,"0                        						
							Cu.M"
Honduras,coal-production-by-country,"0                        						
							Cu.M"
Iceland,coal-production-by-country,"0                        						
							Cu.M"
Iraq,coal-production-by-country,"0                        						
							Cu.M"
Ireland,coal-production-by-country,"0                        						
							Cu.M"
Israel,coal-production-by-country,"0                        						
							Cu.M"
Ivory Coast,coal-production-by-country,"0                        						
							Cu.M"
Jordan,coal-production-by-country,"0                        						
							Cu.M"
Kenya,coal-production-by-country,"0                        						
							Cu.M"
Kuwait,coal-production-by-country,"0                        						
							Cu.M"
Latvia,coal-production-by-country,"0                        						
							Cu.M"
Lebanon,coal-production-by-country,"0                        						
							Cu.M"
Liberia,coal-production-by-country,"0                        						
							Cu.M"
Libya,coal-production-by-country,"0                        						
							Cu.M"
Lithuania,coal-production-by-country,"0                        						
							Cu.M"
Luxembourg,coal-production-by-country,"0                        						
							Cu.M"
Madagascar,coal-production-by-country,"0                        						
							Cu.M"
Mali,coal-production-by-country,"0                        						
							Cu.M"
Mauritania,coal-production-by-country,"0                        						
							Cu.M"
Moldova,coal-production-by-country,"0                        						
							Cu.M"
Morocco,coal-production-by-country,"0                        						
							Cu.M"
Namibia,coal-production-by-country,"0                        						
							Cu.M"
Nicaragua,coal-production-by-country,"0                        						
							Cu.M"
Oman,coal-production-by-country,"0                        						
							Cu.M"
Panama,coal-production-by-country,"0                        						
							Cu.M"
Paraguay,coal-production-by-country,"0                        						
							Cu.M"
Portugal,coal-production-by-country,"0                        						
							Cu.M"
Qatar,coal-production-by-country,"0                        						
							Cu.M"
Republic of the Congo,coal-production-by-country,"0                        						
							Cu.M"
Saudi Arabia,coal-production-by-country,"0                        						
							Cu.M"
Senegal,coal-production-by-country,"0                        						
							Cu.M"
Sierra Leone,coal-production-by-country,"0                        						
							Cu.M"
Singapore,coal-production-by-country,"0                        						
							Cu.M"
Somalia,coal-production-by-country,"0                        						
							Cu.M"
South Sudan,coal-production-by-country,"0                        						
							Cu.M"
Sri Lanka,coal-production-by-country,"0                        						
							Cu.M"
Sudan,coal-production-by-country,"0                        						
							Cu.M"
Suriname,coal-production-by-country,"0                        						
							Cu.M"
Switzerland,coal-production-by-country,"0                        						
							Cu.M"
Syria,coal-production-by-country,"0                        						
							Cu.M"
Tunisia,coal-production-by-country,"0                        						
							Cu.M"
Turkmenistan,coal-production-by-country,"0                        						
							Cu.M"
Uganda,coal-production-by-country,"0                        						
							Cu.M"
United Arab Emirates,coal-production-by-country,"0                        						
							Cu.M"
Uruguay,coal-production-by-country,"0                        						
							Cu.M"
Yemen,coal-production-by-country,"0                        						
							Cu.M"
China,coal-consumption-by-country,"5,313,000,000                        						
							mt"
India,coal-consumption-by-country,"1,200,000,000                        						
							mt"
United States,coal-consumption-by-country,"476,044,000                        						
							mt"
Russia,coal-consumption-by-country,"310,958,000                        						
							mt"
Japan,coal-consumption-by-country,"216,332,000                        						
							mt"
Indonesia,coal-consumption-by-country,"202,283,000                        						
							mt"
Germany,coal-consumption-by-country,"186,725,000                        						
							mt"
South Africa,coal-consumption-by-country,"176,148,000                        						
							mt"
South Korea,coal-consumption-by-country,"136,413,000                        						
							mt"
Turkiye,coal-consumption-by-country,"123,976,000                        						
							mt"
Poland,coal-consumption-by-country,"123,782,000                        						
							mt"
Australia,coal-consumption-by-country,"107,624,000                        						
							mt"
Kazakhstan,coal-consumption-by-country,"84,852,000                        						
							mt"
Vietnam,coal-consumption-by-country,"83,116,000                        						
							mt"
Taiwan,coal-consumption-by-country,"66,855,000                        						
							mt"
Czechia,coal-consumption-by-country,"40,239,000                        						
							mt"
Serbia,coal-consumption-by-country,"38,297,000                        						
							mt"
Philippines,coal-consumption-by-country,"37,130,000                        						
							mt"
Thailand,coal-consumption-by-country,"36,030,000                        						
							mt"
Bulgaria,coal-consumption-by-country,"35,970,000                        						
							mt"
Malaysia,coal-consumption-by-country,"35,050,000                        						
							mt"
Pakistan,coal-consumption-by-country,"34,027,000                        						
							mt"
Brazil,coal-consumption-by-country,"32,787,000                        						
							mt"
North Korea,coal-consumption-by-country,"21,747,000                        						
							mt"
Romania,coal-consumption-by-country,"19,404,000                        						
							mt"
Mexico,coal-consumption-by-country,"18,423,000                        						
							mt"
Canada,coal-consumption-by-country,"17,138,000                        						
							mt"
Bosnia and Herzegovina,coal-consumption-by-country,"14,766,000                        						
							mt"
Greece,coal-consumption-by-country,"13,988,000                        						
							mt"
Laos,coal-consumption-by-country,"13,691,000                        						
							mt"
Italy,coal-consumption-by-country,"13,127,000                        						
							mt"
France,coal-consumption-by-country,"12,985,000                        						
							mt"
Morocco,coal-consumption-by-country,"11,940,000                        						
							mt"
Ukraine,coal-consumption-by-country,"10,953,000                        						
							mt"
Netherlands,coal-consumption-by-country,"10,610,000                        						
							mt"
Kosovo,coal-consumption-by-country,"8,927,000                        						
							mt"
Chile,coal-consumption-by-country,"8,637,000                        						
							mt"
United Kingdom,coal-consumption-by-country,"8,568,000                        						
							mt"
Spain,coal-consumption-by-country,"8,255,000                        						
							mt"
Colombia,coal-consumption-by-country,"7,880,000                        						
							mt"
Bangladesh,coal-consumption-by-country,"7,514,000                        						
							mt"
Uzbekistan,coal-consumption-by-country,"7,396,000                        						
							mt"
Israel,coal-consumption-by-country,"6,476,000                        						
							mt"
Mongolia,coal-consumption-by-country,"6,393,000                        						
							mt"
Hungary,coal-consumption-by-country,"6,180,000                        						
							mt"
Slovakia,coal-consumption-by-country,"5,794,000                        						
							mt"
North Macedonia,coal-consumption-by-country,"5,776,000                        						
							mt"
Austria,coal-consumption-by-country,"5,026,000                        						
							mt"
Belgium,coal-consumption-by-country,"4,869,000                        						
							mt"
Zimbabwe,coal-consumption-by-country,"4,479,000                        						
							mt"
Finland,coal-consumption-by-country,"4,141,000                        						
							mt"
Iran,coal-consumption-by-country,"3,531,000                        						
							mt"
Sweden,coal-consumption-by-country,"3,396,000                        						
							mt"
Argentina,coal-consumption-by-country,"3,391,000                        						
							mt"
Kyrgyzstan,coal-consumption-by-country,"3,352,000                        						
							mt"
United Arab Emirates,coal-consumption-by-country,"3,273,000                        						
							mt"
Egypt,coal-consumption-by-country,"3,083,000                        						
							mt"
Nigeria,coal-consumption-by-country,"3,044,000                        						
							mt"
Slovenia,coal-consumption-by-country,"2,553,000                        						
							mt"
New Zealand,coal-consumption-by-country,"2,441,000                        						
							mt"
Botswana,coal-consumption-by-country,"2,291,000                        						
							mt"
Tajikistan,coal-consumption-by-country,"2,245,000                        						
							mt"
Cambodia,coal-consumption-by-country,"2,215,000                        						
							mt"
Dominican Republic,coal-consumption-by-country,"2,188,000                        						
							mt"
Sri Lanka,coal-consumption-by-country,"2,084,000                        						
							mt"
Denmark,coal-consumption-by-country,"1,788,000                        						
							mt"
Afghanistan,coal-consumption-by-country,"1,545,000                        						
							mt"
Montenegro,coal-consumption-by-country,"1,517,000                        						
							mt"
Myanmar,coal-consumption-by-country,"1,453,000                        						
							mt"
Ireland,coal-consumption-by-country,"1,322,000                        						
							mt"
Guatemala,coal-consumption-by-country,"1,296,000                        						
							mt"
Norway,coal-consumption-by-country,"1,201,000                        						
							mt"
Kenya,coal-consumption-by-country,"1,168,000                        						
							mt"
Nepal,coal-consumption-by-country,"1,095,000                        						
							mt"
Panama,coal-consumption-by-country,"837,000                        						
							mt"
Zambia,coal-consumption-by-country,"823,000                        						
							mt"
Tanzania,coal-consumption-by-country,"802,000                        						
							mt"
Singapore,coal-consumption-by-country,"784,000                        						
							mt"
Belarus,coal-consumption-by-country,"778,000                        						
							mt"
Peru,coal-consumption-by-country,"712,000                        						
							mt"
Croatia,coal-consumption-by-country,"702,000                        						
							mt"
Ethiopia,coal-consumption-by-country,"660,000                        						
							mt"
Georgia,coal-consumption-by-country,"516,000                        						
							mt"
Madagascar,coal-consumption-by-country,"511,000                        						
							mt"
Senegal,coal-consumption-by-country,"502,000                        						
							mt"
Jordan,coal-consumption-by-country,"479,000                        						
							mt"
Niger,coal-consumption-by-country,"457,000                        						
							mt"
Albania,coal-consumption-by-country,"389,000                        						
							mt"
Bhutan,coal-consumption-by-country,"325,000                        						
							mt"
Lithuania,coal-consumption-by-country,"263,000                        						
							mt"
Lebanon,coal-consumption-by-country,"207,000                        						
							mt"
Honduras,coal-consumption-by-country,"190,000                        						
							mt"
Iceland,coal-consumption-by-country,"188,000                        						
							mt"
Algeria,coal-consumption-by-country,"167,000                        						
							mt"
Yemen,coal-consumption-by-country,"165,000                        						
							mt"
Saudi Arabia,coal-consumption-by-country,"164,000                        						
							mt"
Switzerland,coal-consumption-by-country,"161,000                        						
							mt"
Kuwait,coal-consumption-by-country,"145,000                        						
							mt"
Moldova,coal-consumption-by-country,"120,000                        						
							mt"
Ghana,coal-consumption-by-country,"85,000                        						
							mt"
Venezuela,coal-consumption-by-country,"82,000                        						
							mt"
Luxembourg,coal-consumption-by-country,"62,000                        						
							mt"
Azerbaijan,coal-consumption-by-country,"60,000                        						
							mt"
Syria,coal-consumption-by-country,"47,000                        						
							mt"
Benin,coal-consumption-by-country,"45,000                        						
							mt"
Namibia,coal-consumption-by-country,"32,000                        						
							mt"
Oman,coal-consumption-by-country,"31,000                        						
							mt"
Armenia,coal-consumption-by-country,"23,000                        						
							mt"
Democratic Republic of the Congo,coal-consumption-by-country,"23,000                        						
							mt"
Ecuador,coal-consumption-by-country,"21,000                        						
							mt"
Latvia,coal-consumption-by-country,"20,000                        						
							mt"
Uruguay,coal-consumption-by-country,"18,000                        						
							mt"
Mozambique,coal-consumption-by-country,"11,000                        						
							mt"
Bolivia,coal-consumption-by-country,"9,000                        						
							mt"
Estonia,coal-consumption-by-country,"3,000                        						
							mt"
Cuba,coal-consumption-by-country,"2,000                        						
							mt"
Tunisia,coal-consumption-by-country,"2,000                        						
							mt"
Paraguay,coal-consumption-by-country,"1,000                        						
							mt"
El Salvador,coal-consumption-by-country,"500                        						
							mt"
Angola,coal-consumption-by-country,"0                        						
							mt"
Bahrain,coal-consumption-by-country,"0                        						
							mt"
Beliz,coal-consumption-by-country,"0                        						
							mt"
Burkina Faso,coal-consumption-by-country,"0                        						
							mt"
Cameroon,coal-consumption-by-country,"0                        						
							mt"
Central African Republic,coal-consumption-by-country,"0                        						
							mt"
Chad,coal-consumption-by-country,"0                        						
							mt"
Eritrea,coal-consumption-by-country,"0                        						
							mt"
Gabon,coal-consumption-by-country,"0                        						
							mt"
Iraq,coal-consumption-by-country,"0                        						
							mt"
Ivory Coast,coal-consumption-by-country,"0                        						
							mt"
Liberia,coal-consumption-by-country,"0                        						
							mt"
Libya,coal-consumption-by-country,"0                        						
							mt"
Mali,coal-consumption-by-country,"0                        						
							mt"
Mauritania,coal-consumption-by-country,"0                        						
							mt"
Nicaragua,coal-consumption-by-country,"0                        						
							mt"
Portugal,coal-consumption-by-country,"0                        						
							mt"
Qatar,coal-consumption-by-country,"0                        						
							mt"
Republic of the Congo,coal-consumption-by-country,"0                        						
							mt"
Sierra Leone,coal-consumption-by-country,"0                        						
							mt"
Somalia,coal-consumption-by-country,"0                        						
							mt"
South Sudan,coal-consumption-by-country,"0                        						
							mt"
Sudan,coal-consumption-by-country,"0                        						
							mt"
Suriname,coal-consumption-by-country,"0                        						
							mt"
Turkmenistan,coal-consumption-by-country,"0                        						
							mt"
Uganda,coal-consumption-by-country,"0                        						
							mt"
United States,proven-coal-reserves-by-country,"248,941,000,000                        						
							Cu.M"
Russia,proven-coal-reserves-by-country,"162,166,000,000                        						
							Cu.M"
Australia,proven-coal-reserves-by-country,"150,227,000,000                        						
							Cu.M"
China,proven-coal-reserves-by-country,"143,197,000,000                        						
							Cu.M"
India,proven-coal-reserves-by-country,"111,052,000,000                        						
							Cu.M"
Germany,proven-coal-reserves-by-country,"35,900,000,000                        						
							Cu.M"
Indonesia,proven-coal-reserves-by-country,"34,869,000,000                        						
							Cu.M"
Ukraine,proven-coal-reserves-by-country,"34,375,000,000                        						
							Cu.M"
Poland,proven-coal-reserves-by-country,"28,531,000,000                        						
							Cu.M"
Kyrgyzstan,proven-coal-reserves-by-country,"28,499,000,000                        						
							Cu.M"
Kazakhstan,proven-coal-reserves-by-country,"25,605,000,000                        						
							Cu.M"
Turkiye,proven-coal-reserves-by-country,"11,525,000,000                        						
							Cu.M"
North Korea,proven-coal-reserves-by-country,"10,600,000,000                        						
							Cu.M"
South Africa,proven-coal-reserves-by-country,"9,893,000,000                        						
							Cu.M"
New Zealand,proven-coal-reserves-by-country,"7,575,000,000                        						
							Cu.M"
Serbia,proven-coal-reserves-by-country,"7,514,000,000                        						
							Cu.M"
Brazil,proven-coal-reserves-by-country,"6,596,000,000                        						
							Cu.M"
Canada,proven-coal-reserves-by-country,"6,582,000,000                        						
							Cu.M"
Colombia,proven-coal-reserves-by-country,"4,554,000,000                        						
							Cu.M"
Belgium,proven-coal-reserves-by-country,"4,100,000,000                        						
							Cu.M"
Tajikistan,proven-coal-reserves-by-country,"4,075,000,000                        						
							Cu.M"
Czechia,proven-coal-reserves-by-country,"3,595,000,000                        						
							Cu.M"
Vietnam,proven-coal-reserves-by-country,"3,360,000,000                        						
							Cu.M"
Bangladesh,proven-coal-reserves-by-country,"3,260,000,000                        						
							Cu.M"
Netherlands,proven-coal-reserves-by-country,"3,247,000,000                        						
							Cu.M"
Pakistan,proven-coal-reserves-by-country,"3,064,000,000                        						
							Cu.M"
Hungary,proven-coal-reserves-by-country,"2,909,000,000                        						
							Cu.M"
Greece,proven-coal-reserves-by-country,"2,876,000,000                        						
							Cu.M"
Mongolia,proven-coal-reserves-by-country,"2,520,000,000                        						
							Cu.M"
Bulgaria,proven-coal-reserves-by-country,"2,366,000,000                        						
							Cu.M"
Bosnia and Herzegovina,proven-coal-reserves-by-country,"2,264,000,000                        						
							Cu.M"
Nigeria,proven-coal-reserves-by-country,"2,144,000,000                        						
							Cu.M"
Mozambique,proven-coal-reserves-by-country,"1,792,000,000                        						
							Cu.M"
Botswana,proven-coal-reserves-by-country,"1,660,000,000                        						
							Cu.M"
Peru,proven-coal-reserves-by-country,"1,567,000,000                        						
							Cu.M"
Kosovo,proven-coal-reserves-by-country,"1,564,000,000                        						
							Cu.M"
Tanzania,proven-coal-reserves-by-country,"1,410,000,000                        						
							Cu.M"
Uzbekistan,proven-coal-reserves-by-country,"1,375,000,000                        						
							Cu.M"
Mexico,proven-coal-reserves-by-country,"1,211,000,000                        						
							Cu.M"
Iran,proven-coal-reserves-by-country,"1,203,000,000                        						
							Cu.M"
Spain,proven-coal-reserves-by-country,"1,187,000,000                        						
							Cu.M"
Chile,proven-coal-reserves-by-country,"1,181,000,000                        						
							Cu.M"
Thailand,proven-coal-reserves-by-country,"1,063,000,000                        						
							Cu.M"
Democratic Republic of the Congo,proven-coal-reserves-by-country,"987,999,000                        						
							Cu.M"
Zambia,proven-coal-reserves-by-country,"944,999,000                        						
							Cu.M"
Georgia,proven-coal-reserves-by-country,"900,999,000                        						
							Cu.M"
Turkmenistan,proven-coal-reserves-by-country,"800,000,000                        						
							Cu.M"
Uganda,proven-coal-reserves-by-country,"800,000,000                        						
							Cu.M"
Argentina,proven-coal-reserves-by-country,"799,999,000                        						
							Cu.M"
Venezuela,proven-coal-reserves-by-country,"730,999,000                        						
							Cu.M"
Italy,proven-coal-reserves-by-country,"609,999,000                        						
							Cu.M"
Albania,proven-coal-reserves-by-country,"522,000,000                        						
							Cu.M"
Zimbabwe,proven-coal-reserves-by-country,"502,000,000                        						
							Cu.M"
Philippines,proven-coal-reserves-by-country,"361,000,000                        						
							Cu.M"
Japan,proven-coal-reserves-by-country,"350,000,000                        						
							Cu.M"
Namibia,proven-coal-reserves-by-country,"350,000,000                        						
							Cu.M"
Montenegro,proven-coal-reserves-by-country,"337,000,000                        						
							Cu.M"
North Macedonia,proven-coal-reserves-by-country,"332,000,000                        						
							Cu.M"
South Korea,proven-coal-reserves-by-country,"326,000,000                        						
							Cu.M"
Armenia,proven-coal-reserves-by-country,"317,000,000                        						
							Cu.M"
Romania,proven-coal-reserves-by-country,"291,000,000                        						
							Cu.M"
Myanmar,proven-coal-reserves-by-country,"252,000,000                        						
							Cu.M"
Algeria,proven-coal-reserves-by-country,"233,000,000                        						
							Cu.M"
Malaysia,proven-coal-reserves-by-country,"226,000,000                        						
							Cu.M"
Egypt,proven-coal-reserves-by-country,"182,000,000                        						
							Cu.M"
France,proven-coal-reserves-by-country,"160,000,000                        						
							Cu.M"
Madagascar,proven-coal-reserves-by-country,"150,000,000                        						
							Cu.M"
Morocco,proven-coal-reserves-by-country,"96,000,000                        						
							Cu.M"
Slovenia,proven-coal-reserves-by-country,"95,000,000                        						
							Cu.M"
Niger,proven-coal-reserves-by-country,"90,000,000                        						
							Cu.M"
Afghanistan,proven-coal-reserves-by-country,"66,000,000                        						
							Cu.M"
Laos,proven-coal-reserves-by-country,"62,000,000                        						
							Cu.M"
Ireland,proven-coal-reserves-by-country,"40,000,000                        						
							Cu.M"
Portugal,proven-coal-reserves-by-country,"40,000,000                        						
							Cu.M"
United Kingdom,proven-coal-reserves-by-country,"26,000,000                        						
							Cu.M"
Ecuador,proven-coal-reserves-by-country,"24,000,000                        						
							Cu.M"
Slovakia,proven-coal-reserves-by-country,"19,000,000                        						
							Cu.M"
Nepal,proven-coal-reserves-by-country,"8,000,000                        						
							Cu.M"
Sweden,proven-coal-reserves-by-country,"5,000,000                        						
							Cu.M"
Central African Republic,proven-coal-reserves-by-country,"3,000,000                        						
							Cu.M"
Norway,proven-coal-reserves-by-country,"2,000,000                        						
							Cu.M"
Bolivia,proven-coal-reserves-by-country,"1,000,000                        						
							Cu.M"
Taiwan,proven-coal-reserves-by-country,"1,000,000                        						
							Cu.M"
Angola,proven-coal-reserves-by-country,"0                        						
							Cu.M"
Austria,proven-coal-reserves-by-country,"0                        						
							Cu.M"
Azerbaijan,proven-coal-reserves-by-country,"0                        						
							Cu.M"
Bahrain,proven-coal-reserves-by-country,"0                        						
							Cu.M"
Belarus,proven-coal-reserves-by-country,"0                        						
							Cu.M"
Beliz,proven-coal-reserves-by-country,"0                        						
							Cu.M"
Benin,proven-coal-reserves-by-country,"0                        						
							Cu.M"
Bhutan,proven-coal-reserves-by-country,"0                        						
							Cu.M"
Burkina Faso,proven-coal-reserves-by-country,"0                        						
							Cu.M"
Cambodia,proven-coal-reserves-by-country,"0                        						
							Cu.M"
Cameroon,proven-coal-reserves-by-country,"0                        						
							Cu.M"
Chad,proven-coal-reserves-by-country,"0                        						
							Cu.M"
Croatia,proven-coal-reserves-by-country,"0                        						
							Cu.M"
Cuba,proven-coal-reserves-by-country,"0                        						
							Cu.M"
Denmark,proven-coal-reserves-by-country,"0                        						
							Cu.M"
Dominican Republic,proven-coal-reserves-by-country,"0                        						
							Cu.M"
El Salvador,proven-coal-reserves-by-country,"0                        						
							Cu.M"
Eritrea,proven-coal-reserves-by-country,"0                        						
							Cu.M"
Estonia,proven-coal-reserves-by-country,"0                        						
							Cu.M"
Ethiopia,proven-coal-reserves-by-country,"0                        						
							Cu.M"
Finland,proven-coal-reserves-by-country,"0                        						
							Cu.M"
Gabon,proven-coal-reserves-by-country,"0                        						
							Cu.M"
Ghana,proven-coal-reserves-by-country,"0                        						
							Cu.M"
Guatemala,proven-coal-reserves-by-country,"0                        						
							Cu.M"
Honduras,proven-coal-reserves-by-country,"0                        						
							Cu.M"
Iceland,proven-coal-reserves-by-country,"0                        						
							Cu.M"
Iraq,proven-coal-reserves-by-country,"0                        						
							Cu.M"
Israel,proven-coal-reserves-by-country,"0                        						
							Cu.M"
Ivory Coast,proven-coal-reserves-by-country,"0                        						
							Cu.M"
Jordan,proven-coal-reserves-by-country,"0                        						
							Cu.M"
Kenya,proven-coal-reserves-by-country,"0                        						
							Cu.M"
Kuwait,proven-coal-reserves-by-country,"0                        						
							Cu.M"
Latvia,proven-coal-reserves-by-country,"0                        						
							Cu.M"
Lebanon,proven-coal-reserves-by-country,"0                        						
							Cu.M"
Liberia,proven-coal-reserves-by-country,"0                        						
							Cu.M"
Libya,proven-coal-reserves-by-country,"0                        						
							Cu.M"
Lithuania,proven-coal-reserves-by-country,"0                        						
							Cu.M"
Luxembourg,proven-coal-reserves-by-country,"0                        						
							Cu.M"
Mali,proven-coal-reserves-by-country,"0                        						
							Cu.M"
Mauritania,proven-coal-reserves-by-country,"0                        						
							Cu.M"
Moldova,proven-coal-reserves-by-country,"0                        						
							Cu.M"
Nicaragua,proven-coal-reserves-by-country,"0                        						
							Cu.M"
Oman,proven-coal-reserves-by-country,"0                        						
							Cu.M"
Panama,proven-coal-reserves-by-country,"0                        						
							Cu.M"
Paraguay,proven-coal-reserves-by-country,"0                        						
							Cu.M"
Qatar,proven-coal-reserves-by-country,"0                        						
							Cu.M"
Republic of the Congo,proven-coal-reserves-by-country,"0                        						
							Cu.M"
Saudi Arabia,proven-coal-reserves-by-country,"0                        						
							Cu.M"
Senegal,proven-coal-reserves-by-country,"0                        						
							Cu.M"
Sierra Leone,proven-coal-reserves-by-country,"0                        						
							Cu.M"
Singapore,proven-coal-reserves-by-country,"0                        						
							Cu.M"
Somalia,proven-coal-reserves-by-country,"0                        						
							Cu.M"
South Sudan,proven-coal-reserves-by-country,"0                        						
							Cu.M"
Sri Lanka,proven-coal-reserves-by-country,"0                        						
							Cu.M"
Sudan,proven-coal-reserves-by-country,"0                        						
							Cu.M"
Suriname,proven-coal-reserves-by-country,"0                        						
							Cu.M"
Switzerland,proven-coal-reserves-by-country,"0                        						
							Cu.M"
Syria,proven-coal-reserves-by-country,"0                        						
							Cu.M"
Tunisia,proven-coal-reserves-by-country,"0                        						
							Cu.M"
United Arab Emirates,proven-coal-reserves-by-country,"0                        						
							Cu.M"
Uruguay,proven-coal-reserves-by-country,"0                        						
							Cu.M"
Yemen,proven-coal-reserves-by-country,"0                        						
							Cu.M"
Canada,coastline-coverage,"202,080                        						
							km"
Indonesia,coastline-coverage,"54,716                        						
							km"
Russia,coastline-coverage,"37,653                        						
							km"
Philippines,coastline-coverage,"36,289                        						
							km"
Japan,coastline-coverage,"29,751                        						
							km"
Australia,coastline-coverage,"25,760                        						
							km"
Norway,coastline-coverage,"25,148                        						
							km"
United States,coastline-coverage,"19,924                        						
							km"
New Zealand,coastline-coverage,"15,134                        						
							km"
China,coastline-coverage,"14,500                        						
							km"
Greece,coastline-coverage,"13,676                        						
							km"
United Kingdom,coastline-coverage,"12,429                        						
							km"
Mexico,coastline-coverage,"9,330                        						
							km"
Italy,coastline-coverage,"7,600                        						
							km"
Brazil,coastline-coverage,"7,491                        						
							km"
Denmark,coastline-coverage,"7,314                        						
							km"
Turkiye,coastline-coverage,"7,200                        						
							km"
India,coastline-coverage,"7,000                        						
							km"
Chile,coastline-coverage,"6,435                        						
							km"
Croatia,coastline-coverage,"5,835                        						
							km"
Argentina,coastline-coverage,"4,989                        						
							km"
Iceland,coastline-coverage,"4,970                        						
							km"
Spain,coastline-coverage,"4,964                        						
							km"
France,coastline-coverage,"4,853                        						
							km"
Madagascar,coastline-coverage,"4,828                        						
							km"
Malaysia,coastline-coverage,"4,675                        						
							km"
Estonia,coastline-coverage,"3,794                        						
							km"
Cuba,coastline-coverage,"3,735                        						
							km"
Vietnam,coastline-coverage,"3,444                        						
							km"
Thailand,coastline-coverage,"3,219                        						
							km"
Sweden,coastline-coverage,"3,218                        						
							km"
Colombia,coastline-coverage,"3,208                        						
							km"
Somalia,coastline-coverage,"3,025                        						
							km"
Venezuela,coastline-coverage,"2,800                        						
							km"
South Africa,coastline-coverage,"2,798                        						
							km"
Ukraine,coastline-coverage,"2,782                        						
							km"
Saudi Arabia,coastline-coverage,"2,640                        						
							km"
North Korea,coastline-coverage,"2,495                        						
							km"
Panama,coastline-coverage,"2,490                        						
							km"
Mozambique,coastline-coverage,"2,470                        						
							km"
Egypt,coastline-coverage,"2,450                        						
							km"
Iran,coastline-coverage,"2,440                        						
							km"
Peru,coastline-coverage,"2,414                        						
							km"
South Korea,coastline-coverage,"2,413                        						
							km"
Germany,coastline-coverage,"2,389                        						
							km"
Ecuador,coastline-coverage,"2,237                        						
							km"
Eritrea,coastline-coverage,"2,234                        						
							km"
Oman,coastline-coverage,"2,092                        						
							km"
Myanmar,coastline-coverage,"1,930                        						
							km"
Yemen,coastline-coverage,"1,906                        						
							km"
Morocco,coastline-coverage,"1,835                        						
							km"
Portugal,coastline-coverage,"1,793                        						
							km"
Libya,coastline-coverage,"1,770                        						
							km"
Turkmenistan,coastline-coverage,"1,768                        						
							km"
Angola,coastline-coverage,"1,600                        						
							km"
Namibia,coastline-coverage,"1,572                        						
							km"
Taiwan,coastline-coverage,"1,566                        						
							km"
Ireland,coastline-coverage,"1,448                        						
							km"
Tanzania,coastline-coverage,"1,424                        						
							km"
Sri Lanka,coastline-coverage,"1,340                        						
							km"
United Arab Emirates,coastline-coverage,"1,318                        						
							km"
Dominican Republic,coastline-coverage,"1,288                        						
							km"
Finland,coastline-coverage,"1,250                        						
							km"
Tunisia,coastline-coverage,"1,148                        						
							km"
Pakistan,coastline-coverage,"1,046                        						
							km"
Algeria,coastline-coverage,"998                        						
							km"
Nicaragua,coastline-coverage,"910                        						
							km"
Gabon,coastline-coverage,"885                        						
							km"
Nigeria,coastline-coverage,"853                        						
							km"
Sudan,coastline-coverage,"853                        						
							km"
Honduras,coastline-coverage,"832                        						
							km"
Mauritania,coastline-coverage,"754                        						
							km"
Azerbaijan,coastline-coverage,"713                        						
							km"
Uruguay,coastline-coverage,"660                        						
							km"
Bangladesh,coastline-coverage,"580                        						
							km"
Liberia,coastline-coverage,"579                        						
							km"
Qatar,coastline-coverage,"563                        						
							km"
Ghana,coastline-coverage,"539                        						
							km"
Kenya,coastline-coverage,"536                        						
							km"
Senegal,coastline-coverage,"531                        						
							km"
Ivory Coast,coastline-coverage,"515                        						
							km"
Kuwait,coastline-coverage,"499                        						
							km"
Latvia,coastline-coverage,"498                        						
							km"
Netherlands,coastline-coverage,"451                        						
							km"
Cambodia,coastline-coverage,"443                        						
							km"
Poland,coastline-coverage,"440                        						
							km"
Uzbekistan,coastline-coverage,"420                        						
							km"
Sierra Leone,coastline-coverage,"402                        						
							km"
Cameroon,coastline-coverage,"400                        						
							km"
Guatemala,coastline-coverage,"400                        						
							km"
Beliz,coastline-coverage,"386                        						
							km"
Suriname,coastline-coverage,"386                        						
							km"
Albania,coastline-coverage,"362                        						
							km"
Bulgaria,coastline-coverage,"354                        						
							km"
Georgia,coastline-coverage,"310                        						
							km"
El Salvador,coastline-coverage,"307                        						
							km"
Montenegro,coastline-coverage,"294                        						
							km"
Israel,coastline-coverage,"273                        						
							km"
Lebanon,coastline-coverage,"225                        						
							km"
Romania,coastline-coverage,"225                        						
							km"
Singapore,coastline-coverage,"193                        						
							km"
Syria,coastline-coverage,"193                        						
							km"
Republic of the Congo,coastline-coverage,"169                        						
							km"
Bahrain,coastline-coverage,"161                        						
							km"
Benin,coastline-coverage,"121                        						
							km"
Lithuania,coastline-coverage,"90                        						
							km"
Belgium,coastline-coverage,"67                        						
							km"
Iraq,coastline-coverage,"58                        						
							km"
Slovenia,coastline-coverage,"47                        						
							km"
Democratic Republic of the Congo,coastline-coverage,"37                        						
							km"
Jordan,coastline-coverage,"26                        						
							km"
Kazakhstan,coastline-coverage,"26                        						
							km"
Bosnia and Herzegovina,coastline-coverage,"20                        						
							km"
Afghanistan,coastline-coverage,"0                        						
							km"
Armenia,coastline-coverage,"0                        						
							km"
Austria,coastline-coverage,"0                        						
							km"
Belarus,coastline-coverage,"0                        						
							km"
Bhutan,coastline-coverage,"0                        						
							km"
Bolivia,coastline-coverage,"0                        						
							km"
Botswana,coastline-coverage,"0                        						
							km"
Burkina Faso,coastline-coverage,"0                        						
							km"
Central African Republic,coastline-coverage,"0                        						
							km"
Chad,coastline-coverage,"0                        						
							km"
Czechia,coastline-coverage,"0                        						
							km"
Ethiopia,coastline-coverage,"0                        						
							km"
Hungary,coastline-coverage,"0                        						
							km"
Kosovo,coastline-coverage,"0                        						
							km"
Kyrgyzstan,coastline-coverage,"0                        						
							km"
Laos,coastline-coverage,"0                        						
							km"
Luxembourg,coastline-coverage,"0                        						
							km"
Mali,coastline-coverage,"0                        						
							km"
Moldova,coastline-coverage,"0                        						
							km"
Mongolia,coastline-coverage,"0                        						
							km"
Nepal,coastline-coverage,"0                        						
							km"
Niger,coastline-coverage,"0                        						
							km"
North Macedonia,coastline-coverage,"0                        						
							km"
Paraguay,coastline-coverage,"0                        						
							km"
Serbia,coastline-coverage,"0                        						
							km"
Slovakia,coastline-coverage,"0                        						
							km"
South Sudan,coastline-coverage,"0                        						
							km"
Switzerland,coastline-coverage,"0                        						
							km"
Tajikistan,coastline-coverage,"0                        						
							km"
Uganda,coastline-coverage,"0                        						
							km"
Zambia,coastline-coverage,"0                        						
							km"
Zimbabwe,coastline-coverage,"0                        						
							km"
China,border-coverage,"22,457                        						
							km"
Russia,border-coverage,"22,407                        						
							km"
Brazil,border-coverage,"16,145                        						
							km"
India,border-coverage,"13,888                        						
							km"
Kazakhstan,border-coverage,"13,364                        						
							km"
United States,border-coverage,"12,002                        						
							km"
Argentina,border-coverage,"11,968                        						
							km"
Democratic Republic of the Congo,border-coverage,"10,481                        						
							km"
Canada,border-coverage,"8,893                        						
							km"
Mongolia,border-coverage,"8,082                        						
							km"
Mali,border-coverage,"7,908                        						
							km"
Chile,border-coverage,"7,801                        						
							km"
Pakistan,border-coverage,"7,257                        						
							km"
Bolivia,border-coverage,"7,252                        						
							km"
Peru,border-coverage,"7,062                        						
							km"
Uzbekistan,border-coverage,"6,893                        						
							km"
Sudan,border-coverage,"6,819                        						
							km"
Algeria,border-coverage,"6,734                        						
							km"
Colombia,border-coverage,"6,672                        						
							km"
Myanmar,border-coverage,"6,522                        						
							km"
Chad,border-coverage,"6,406                        						
							km"
Zambia,border-coverage,"6,043                        						
							km"
South Sudan,border-coverage,"6,018                        						
							km"
Afghanistan,border-coverage,"5,987                        						
							km"
Ethiopia,border-coverage,"5,925                        						
							km"
Central African Republic,border-coverage,"5,920                        						
							km"
Iran,border-coverage,"5,894                        						
							km"
Niger,border-coverage,"5,834                        						
							km"
Thailand,border-coverage,"5,673                        						
							km"
Ukraine,border-coverage,"5,581                        						
							km"
Angola,border-coverage,"5,369                        						
							km"
Laos,border-coverage,"5,274                        						
							km"
Venezuela,border-coverage,"5,267                        						
							km"
South Africa,border-coverage,"5,244                        						
							km"
Cameroon,border-coverage,"5,018                        						
							km"
Republic of the Congo,border-coverage,"5,008                        						
							km"
Mauritania,border-coverage,"5,002                        						
							km"
Mozambique,border-coverage,"4,783                        						
							km"
Paraguay,border-coverage,"4,655                        						
							km"
Vietnam,border-coverage,"4,616                        						
							km"
Kyrgyzstan,border-coverage,"4,573                        						
							km"
Nigeria,border-coverage,"4,477                        						
							km"
Bangladesh,border-coverage,"4,413                        						
							km"
Mexico,border-coverage,"4,389                        						
							km"
Botswana,border-coverage,"4,347                        						
							km"
Libya,border-coverage,"4,339                        						
							km"
Saudi Arabia,border-coverage,"4,272                        						
							km"
Namibia,border-coverage,"4,220                        						
							km"
Tanzania,border-coverage,"4,161                        						
							km"
Turkmenistan,border-coverage,"4,158                        						
							km"
Tajikistan,border-coverage,"4,130                        						
							km"
France,border-coverage,"4,072                        						
							km"
Iraq,border-coverage,"3,809                        						
							km"
Germany,border-coverage,"3,694                        						
							km"
Burkina Faso,border-coverage,"3,611                        						
							km"
Belarus,border-coverage,"3,599                        						
							km"
Ivory Coast,border-coverage,"3,458                        						
							km"
Kenya,border-coverage,"3,457                        						
							km"
Gabon,border-coverage,"3,261                        						
							km"
Zimbabwe,border-coverage,"3,229                        						
							km"
Nepal,border-coverage,"3,159                        						
							km"
Indonesia,border-coverage,"2,958                        						
							km"
Poland,border-coverage,"2,845                        						
							km"
Romania,border-coverage,"2,844                        						
							km"
Turkiye,border-coverage,"2,816                        						
							km"
Malaysia,border-coverage,"2,742                        						
							km"
Uganda,border-coverage,"2,729                        						
							km"
Senegal,border-coverage,"2,684                        						
							km"
Egypt,border-coverage,"2,612                        						
							km"
Norway,border-coverage,"2,566                        						
							km"
Finland,border-coverage,"2,563                        						
							km"
Cambodia,border-coverage,"2,530                        						
							km"
Austria,border-coverage,"2,524                        						
							km"
Azerbaijan,border-coverage,"2,468                        						
							km"
Ghana,border-coverage,"2,420                        						
							km"
Somalia,border-coverage,"2,385                        						
							km"
Syria,border-coverage,"2,363                        						
							km"
Morocco,border-coverage,"2,363                        						
							km"
Serbia,border-coverage,"2,322                        						
							km"
Croatia,border-coverage,"2,237                        						
							km"
Ecuador,border-coverage,"2,237                        						
							km"
Sweden,border-coverage,"2,211                        						
							km"
Benin,border-coverage,"2,123                        						
							km"
Hungary,border-coverage,"2,106                        						
							km"
Czechia,border-coverage,"2,046                        						
							km"
Spain,border-coverage,"1,953                        						
							km"
Suriname,border-coverage,"1,907                        						
							km"
Moldova,border-coverage,"1,885                        						
							km"
Eritrea,border-coverage,"1,840                        						
							km"
Italy,border-coverage,"1,836                        						
							km"
Georgia,border-coverage,"1,814                        						
							km"
Bulgaria,border-coverage,"1,806                        						
							km"
Switzerland,border-coverage,"1,770                        						
							km"
Jordan,border-coverage,"1,744                        						
							km"
Guatemala,border-coverage,"1,667                        						
							km"
Liberia,border-coverage,"1,667                        						
							km"
North Korea,border-coverage,"1,607                        						
							km"
Yemen,border-coverage,"1,601                        						
							km"
Uruguay,border-coverage,"1,591                        						
							km"
Slovakia,border-coverage,"1,587                        						
							km"
Honduras,border-coverage,"1,575                        						
							km"
Armenia,border-coverage,"1,570                        						
							km"
Oman,border-coverage,"1,561                        						
							km"
Lithuania,border-coverage,"1,545                        						
							km"
Bosnia and Herzegovina,border-coverage,"1,543                        						
							km"
Tunisia,border-coverage,"1,495                        						
							km"
Latvia,border-coverage,"1,370                        						
							km"
Belgium,border-coverage,"1,297                        						
							km"
Nicaragua,border-coverage,"1,253                        						
							km"
Portugal,border-coverage,"1,224                        						
							km"
Slovenia,border-coverage,"1,211                        						
							km"
Bhutan,border-coverage,"1,136                        						
							km"
Greece,border-coverage,"1,110                        						
							km"
Sierra Leone,border-coverage,"1,093                        						
							km"
Israel,border-coverage,"1,068                        						
							km"
United Arab Emirates,border-coverage,"1,066                        						
							km"
Netherlands,border-coverage,"1,053                        						
							km"
North Macedonia,border-coverage,"838                        						
							km"
Kosovo,border-coverage,"714                        						
							km"
Albania,border-coverage,"691                        						
							km"
Panama,border-coverage,"687                        						
							km"
Montenegro,border-coverage,"680                        						
							km"
Estonia,border-coverage,"657                        						
							km"
El Salvador,border-coverage,"590                        						
							km"
Beliz,border-coverage,"542                        						
							km"
Lebanon,border-coverage,"484                        						
							km"
Kuwait,border-coverage,"475                        						
							km"
United Kingdom,border-coverage,"443                        						
							km"
Ireland,border-coverage,"443                        						
							km"
Dominican Republic,border-coverage,"376                        						
							km"
Luxembourg,border-coverage,"327                        						
							km"
South Korea,border-coverage,"237                        						
							km"
Denmark,border-coverage,"140                        						
							km"
Qatar,border-coverage,"87                        						
							km"
Cuba,border-coverage,"29                        						
							km"
Singapore,border-coverage,"0                        						
							km"
New Zealand,border-coverage,"0                        						
							km"
Australia,border-coverage,"0                        						
							km"
Madagascar,border-coverage,"0                        						
							km"
Japan,border-coverage,"0                        						
							km"
Philippines,border-coverage,"0                        						
							km"
Sri Lanka,border-coverage,"0                        						
							km"
Iceland,border-coverage,"0                        						
							km"
Bahrain,border-coverage,"0                        						
							km"
Taiwan,border-coverage,"0                        						
							km"
Russia,waterway-coverage,"102,000                        						
							km"
Brazil,waterway-coverage,"50,000                        						
							km"
Vietnam,waterway-coverage,"47,130                        						
							km"
Kazakhstan,waterway-coverage,"43,983                        						
							km"
United States,waterway-coverage,"41,009                        						
							km"
China,waterway-coverage,"27,700                        						
							km"
Colombia,waterway-coverage,"24,725                        						
							km"
Indonesia,waterway-coverage,"21,579                        						
							km"
Democratic Republic of the Congo,waterway-coverage,"15,000                        						
							km"
India,waterway-coverage,"14,500                        						
							km"
Myanmar,waterway-coverage,"12,800                        						
							km"
Chad,waterway-coverage,"12,400                        						
							km"
Chile,waterway-coverage,"12,290                        						
							km"
Argentina,waterway-coverage,"11,000                        						
							km"
Bolivia,waterway-coverage,"10,000                        						
							km"
Peru,waterway-coverage,"8,808                        						
							km"
Nigeria,waterway-coverage,"8,600                        						
							km"
France,waterway-coverage,"8,501                        						
							km"
Bangladesh,waterway-coverage,"8,370                        						
							km"
Finland,waterway-coverage,"8,000                        						
							km"
Germany,waterway-coverage,"7,300                        						
							km"
Malaysia,waterway-coverage,"7,200                        						
							km"
Venezuela,waterway-coverage,"7,100                        						
							km"
Netherlands,waterway-coverage,"6,237                        						
							km"
Iraq,waterway-coverage,"5,279                        						
							km"
Croatia,waterway-coverage,"4,714                        						
							km"
Laos,waterway-coverage,"4,600                        						
							km"
Sudan,waterway-coverage,"4,068                        						
							km"
Thailand,waterway-coverage,"4,000                        						
							km"
Poland,waterway-coverage,"3,997                        						
							km"
Cambodia,waterway-coverage,"3,700                        						
							km"
Egypt,waterway-coverage,"3,500                        						
							km"
Philippines,waterway-coverage,"3,219                        						
							km"
United Kingdom,waterway-coverage,"3,200                        						
							km"
Paraguay,waterway-coverage,"3,100                        						
							km"
Mexico,waterway-coverage,"2,900                        						
							km"
Central African Republic,waterway-coverage,"2,800                        						
							km"
Belarus,waterway-coverage,"2,500                        						
							km"
Italy,waterway-coverage,"2,400                        						
							km"
North Korea,waterway-coverage,"2,250                        						
							km"
Nicaragua,waterway-coverage,"2,220                        						
							km"
Sweden,waterway-coverage,"2,052                        						
							km"
Belgium,waterway-coverage,"2,043                        						
							km"
Australia,waterway-coverage,"2,000                        						
							km"
Mali,waterway-coverage,"1,800                        						
							km"
Japan,waterway-coverage,"1,770                        						
							km"
Romania,waterway-coverage,"1,731                        						
							km"
Ukraine,waterway-coverage,"1,672                        						
							km"
Hungary,waterway-coverage,"1,622                        						
							km"
Gabon,waterway-coverage,"1,600                        						
							km"
South Korea,waterway-coverage,"1,600                        						
							km"
Uruguay,waterway-coverage,"1,600                        						
							km"
Norway,waterway-coverage,"1,577                        						
							km"
Ecuador,waterway-coverage,"1,500                        						
							km"
Angola,waterway-coverage,"1,300                        						
							km"
Turkmenistan,waterway-coverage,"1,300                        						
							km"
Ghana,waterway-coverage,"1,293                        						
							km"
Switzerland,waterway-coverage,"1,292                        						
							km"
Afghanistan,waterway-coverage,"1,200                        						
							km"
Suriname,waterway-coverage,"1,200                        						
							km"
Turkiye,waterway-coverage,"1,200                        						
							km"
Republic of the Congo,waterway-coverage,"1,120                        						
							km"
Uzbekistan,waterway-coverage,"1,100                        						
							km"
Mauritania,waterway-coverage,"1,086                        						
							km"
Senegal,waterway-coverage,"1,000                        						
							km"
Spain,waterway-coverage,"1,000                        						
							km"
Bosnia and Herzegovina,waterway-coverage,"990                        						
							km"
Guatemala,waterway-coverage,"990                        						
							km"
Ivory Coast,waterway-coverage,"980                        						
							km"
Ireland,waterway-coverage,"956                        						
							km"
Syria,waterway-coverage,"900                        						
							km"
Iran,waterway-coverage,"850                        						
							km"
Beliz,waterway-coverage,"825                        						
							km"
Panama,waterway-coverage,"800                        						
							km"
Sierra Leone,waterway-coverage,"800                        						
							km"
Portugal,waterway-coverage,"764                        						
							km"
Slovenia,waterway-coverage,"710                        						
							km"
Czechia,waterway-coverage,"664                        						
							km"
Canada,waterway-coverage,"636                        						
							km"
Madagascar,waterway-coverage,"600                        						
							km"
Serbia,waterway-coverage,"587                        						
							km"
Mongolia,waterway-coverage,"580                        						
							km"
Kyrgyzstan,waterway-coverage,"576                        						
							km"
Moldova,waterway-coverage,"558                        						
							km"
Bulgaria,waterway-coverage,"470                        						
							km"
Honduras,waterway-coverage,"465                        						
							km"
Mozambique,waterway-coverage,"460                        						
							km"
Lithuania,waterway-coverage,"441                        						
							km"
El Salvador,waterway-coverage,"422                        						
							km"
Denmark,waterway-coverage,"400                        						
							km"
Austria,waterway-coverage,"358                        						
							km"
Estonia,waterway-coverage,"335                        						
							km"
Latvia,waterway-coverage,"300                        						
							km"
Niger,waterway-coverage,"300                        						
							km"
Cuba,waterway-coverage,"240                        						
							km"
Tajikistan,waterway-coverage,"200                        						
							km"
Slovakia,waterway-coverage,"172                        						
							km"
Sri Lanka,waterway-coverage,"160                        						
							km"
Benin,waterway-coverage,"150                        						
							km"
Albania,waterway-coverage,"41                        						
							km"
Luxembourg,waterway-coverage,"37                        						
							km"
Greece,waterway-coverage,"6                        						
							km"
Algeria,waterway-coverage,"0                        						
							km"
Armenia,waterway-coverage,"0                        						
							km"
Azerbaijan,waterway-coverage,"0                        						
							km"
Bahrain,waterway-coverage,"0                        						
							km"
Bhutan,waterway-coverage,"0                        						
							km"
Botswana,waterway-coverage,"0                        						
							km"
Burkina Faso,waterway-coverage,"0                        						
							km"
Cameroon,waterway-coverage,"0                        						
							km"
Dominican Republic,waterway-coverage,"0                        						
							km"
Eritrea,waterway-coverage,"0                        						
							km"
Ethiopia,waterway-coverage,"0                        						
							km"
Georgia,waterway-coverage,"0                        						
							km"
Iceland,waterway-coverage,"0                        						
							km"
Israel,waterway-coverage,"0                        						
							km"
Jordan,waterway-coverage,"0                        						
							km"
Kenya,waterway-coverage,"0                        						
							km"
Kosovo,waterway-coverage,"0                        						
							km"
Kuwait,waterway-coverage,"0                        						
							km"
Lebanon,waterway-coverage,"0                        						
							km"
Liberia,waterway-coverage,"0                        						
							km"
Libya,waterway-coverage,"0                        						
							km"
Montenegro,waterway-coverage,"0                        						
							km"
Morocco,waterway-coverage,"0                        						
							km"
Namibia,waterway-coverage,"0                        						
							km"
Nepal,waterway-coverage,"0                        						
							km"
New Zealand,waterway-coverage,"0                        						
							km"
North Macedonia,waterway-coverage,"0                        						
							km"
Oman,waterway-coverage,"0                        						
							km"
Pakistan,waterway-coverage,"0                        						
							km"
Qatar,waterway-coverage,"0                        						
							km"
Saudi Arabia,waterway-coverage,"0                        						
							km"
Singapore,waterway-coverage,"0                        						
							km"
Somalia,waterway-coverage,"0                        						
							km"
South Africa,waterway-coverage,"0                        						
							km"
South Sudan,waterway-coverage,"0                        						
							km"
Taiwan,waterway-coverage,"0                        						
							km"
Tanzania,waterway-coverage,"0                        						
							km"
Tunisia,waterway-coverage,"0                        						
							km"
Uganda,waterway-coverage,"0                        						
							km"
United Arab Emirates,waterway-coverage,"0                        						
							km"
Yemen,waterway-coverage,"0                        						
							km"
Zambia,waterway-coverage,"0                        						
							km"
Zimbabwe,waterway-coverage,"0                        						
							km"
