country,total_population_by_country,total_population_by_country_rank,available_military_manpower,available_military_manpower_rank,manpower_fit_for_military_service,manpower_fit_for_military_service_rank,manpower_reaching_military_age_annually,manpower_reaching_military_age_annually_rank,active_military_manpower,active_military_manpower_rank,active_reserve_military_manpower,active_reserve_military_manpower_rank,manpower_paramilitary,manpower_paramilitary_rank,aircraft_total,aircraft_total_rank,aircraft_total_fighters,aircraft_total_fighters_rank,aircraft_total_attack_types,aircraft_total_attack_types_rank,aircraft_total_transports,aircraft_total_transports_rank,aircraft_total_trainers,aircraft_total_trainers_rank,aircraft_total_special_mission,aircraft_total_special_mission_rank,aircraft_total_tanker_fleet,aircraft_total_tanker_fleet_rank,aircraft_helicopters_total,aircraft_helicopters_total_rank,aircraft_helicopters_attack,aircraft_helicopters_attack_rank,armor_tanks_total,armor_tanks_total_rank,armor_apc_total,armor_apc_total_rank,armor_self_propelled_guns_total,armor_self_propelled_guns_total_rank,armor_towed_artillery_total,armor_towed_artillery_total_rank,armor_mlrs_total,armor_mlrs_total_rank,navy_ships,navy_ships_rank,navy_force_by_tonnage,navy_force_by_tonnage_rank,navy_aircraft_carriers,navy_aircraft_carriers_rank,navy_helo_carriers,navy_helo_carriers_rank,navy_submarines,navy_submarines_rank,navy_destroyers,navy_destroyers_rank,navy_frigates,navy_frigates_rank,navy_corvettes,navy_corvettes_rank,navy_patrol_coastal_craft,navy_patrol_coastal_craft_rank,navy_mine_warfare_craft,navy_mine_warfare_craft_rank,defense_spending_budget,defense_spending_budget_rank,external_debt_by_country,external_debt_by_country_rank,purchasing_power_parity,purchasing_power_parity_rank,reserves_of_foreign_exchange_and_gold,reserves_of_foreign_exchange_and_gold_rank,major_serviceable_airports_by_country,major_serviceable_airports_by_country_rank,labor_force_by_country,labor_force_by_country_rank,major_ports_and_terminals,major_ports_and_terminals_rank,merchant_marine_strength_by_country,merchant_marine_strength_by_country_rank,railway_coverage,railway_coverage_rank,roadway_coverage,roadway_coverage_rank,oil_production_by_country,oil_production_by_country_rank,oil_consumption_by_country,oil_consumption_by_country_rank,proven_oil_reserves_by_country,proven_oil_reserves_by_country_rank,natural_gas_production_by_country,natural_gas_production_by_country_rank,natural_gas_consumption_by_country,natural_gas_consumption_by_country_rank,proven_natural_gas_reserves_by_country,proven_natural_gas_reserves_by_country_rank,coal_production_by_country,coal_production_by_country_rank,coal_consumption_by_country,coal_consumption_by_country_rank,proven_coal_reserves_by_country,proven_coal_reserves_by_country_rank,square_land_area,square_land_area_rank,coastline_coverage,coastline_coverage_rank,border_coverage,border_coverage_rank,waterway_coverage,waterway_coverage_rank
China,"1,415,043,270",1,"764,123,366",1,"626,864,169",1,"19,810,606",2,"2,035,000",1,"510,000",14,"625,000",4,"3,309",3,"1,212",2,371,3,289,3,402,4,112,4,10,7,913,3,281,3,"6,800",1,"144,017",3,"3,490",2,"1,000",9,"2,750",2,754,1,"2,857,143",2,3,2,4,2,61,3,50,2,47,1,72,2,150,5,36,2,"$                        							266,850,000,000",2,"$                        							1,218,458,500,000",16,"$                        							31,227,000,000,000",1,"$                        							3,450,000,000,000",1,531,14,"779,246,000",1,66,13,"8,314",2,"150,000                        						
							km",2,"5,200,000                        						
							km",3,"4,984,000                        						
							bbl",5,"15,148,000                        						
							bbl",2,"26,023,000,000                        						
							bbl",13,"225,341,000,000                        						
							Cu.M",4,"366,160,000,000                        						
							Cu.M",3,"6,654,000,000,000                        						
							Cu.M",7,"4,827,000,000                        						
							Cu.M",1,"5,313,000,000                        						
							mt",1,"143,197,000,000                        						
							Cu.M",4,"9,596,960                        						
							km",4,"14,500                        						
							km",10,"22,457                        						
							km",1,"27,700                        						
							km",6
India,"1,409,128,296",2,"662,290,299",2,"522,786,598",2,"23,955,181",1,"1,455,550",2,"1,155,000",7,"2,527,000",2,"2,229",4,513,4,130,4,270,4,351,6,74,5,6,14,899,4,80,9,"4,201",5,"148,594",2,100,32,"3,975",3,264,18,293,6,"593,603",5,2,3,0,47,18,7,13,4,14,5,18,5,135,8,0,78,"$                        							75,000,000,000",4,"$                        							371,020,500,000",30,"$                        							13,104,000,000,000",3,"$                        							627,793,000,000",5,311,20,"593,729,000",2,56,16,"1,859",12,"65,554                        						
							km",4,"6,371,847                        						
							km",2,"795,000                        						
							bbl",23,"5,049,000                        						
							bbl",3,"4,605,000,000                        						
							bbl",22,"33,170,000,000                        						
							Cu.M",23,"58,867,000,000                        						
							Cu.M",15,"1,381,000,000,000                        						
							Cu.M",23,"985,671,000                        						
							Cu.M",2,"1,200,000,000                        						
							mt",2,"111,052,000,000                        						
							Cu.M",5,"3,287,263                        						
							km",7,"7,000                        						
							km",18,"13,888                        						
							km",4,"14,500                        						
							km",10
United States,"341,963,408",3,"150,463,900",3,"124,816,644",3,"4,445,524",5,"1,328,000",3,"799,500",10,0,145,"13,043",1,"1,790",1,889,1,918,1,"2,647",1,647,1,605,1,"5,843",1,"1,002",1,"4,640",3,"391,963",1,671,8,"1,212",8,641,5,440,2,"4,168,037",1,11,1,9,1,70,1,81,1,0,115,26,3,0,117,8,16,"$                        							895,000,000,000",1,"$                        							22,303,546,100,000",1,"$                        							24,662,000,000,000",2,"$                        							773,426,000,000",4,"15,873",1,"170,549,000",3,666,1,"3,533",6,"293,564                        						
							km",1,"6,586,610                        						
							km",1,"20,879,000                        						
							bbl",1,"20,245,000                        						
							bbl",1,"38,212,000,000                        						
							bbl",10,"1,029,000,000,000                        						
							Cu.M",1,"914,301,000,000                        						
							Cu.M",1,"13,402,000,000,000                        						
							Cu.M",4,"548,849,000                        						
							Cu.M",4,"476,044,000                        						
							mt",3,"248,941,000,000                        						
							Cu.M",1,"9,833,517                        						
							km",3,"19,924                        						
							km",8,"12,002                        						
							km",6,"41,009                        						
							km",5
Indonesia,"281,562,465",4,"137,965,608",4,"114,595,923",4,"4,786,562",4,"400,000",13,"400,000",17,"250,000",8,459,26,41,44,34,21,70,10,112,24,17,23,1,29,214,22,15,38,331,38,"20,440",22,153,23,396,31,63,41,331,4,"304,168",11,0,48,0,48,4,28,0,51,7,23,25,4,211,2,12,11,"$                        							10,600,000,000",29,"$                        							440,000,000,000",25,"$                        							3,906,000,000,000",8,"$                        							146,359,000,000",22,513,15,"140,931,000",4,123,6,"11,422",1,"8,159                        						
							km",26,"496,607                        						
							km",15,"865,000                        						
							bbl",20,"1,728,000                        						
							bbl",13,"2,480,000,000                        						
							bbl",33,"57,410,000,000                        						
							Cu.M",14,"36,061,000,000                        						
							Cu.M",26,"1,408,000,000,000                        						
							Cu.M",22,"659,357,000                        						
							Cu.M",3,"202,283,000                        						
							mt",6,"34,869,000,000                        						
							Cu.M",7,"1,904,569                        						
							km",14,"54,716                        						
							km",2,"2,958                        						
							km",62,"21,579                        						
							km",8
Pakistan,"252,363,571",5,"108,516,336",7,"85,803,614",7,"4,794,908",3,"654,000",7,"550,000",13,"500,000",6,"1,399",7,328,6,90,8,64,11,565,3,27,12,4,19,373,10,57,12,"2,627",7,"17,516",30,662,9,"2,629",4,600,6,121,27,"111,715",28,0,81,0,81,8,16,0,82,9,15,9,8,69,17,3,40,"$                        							7,640,000,000",38,"$                        							92,426,000,000",52,"$                        							1,347,000,000,000",25,"$                        							13,730,000,000",71,116,43,"80,990,000",6,3,95,60,84,"11,881                        						
							km",19,"264,175                        						
							km",22,"101,000                        						
							bbl",43,"473,000                        						
							bbl",34,"540,000,000                        						
							bbl",44,"36,937,000,000                        						
							Cu.M",21,"46,448,000,000                        						
							Cu.M",19,"592,219,000,000                        						
							Cu.M",29,"12,712,000                        						
							Cu.M",29,"34,027,000                        						
							mt",22,"3,064,000,000                        						
							Cu.M",26,"796,095                        						
							km",35,"1,046                        						
							km",65,"7,257                        						
							km",13,"0                        						
							km",131
Nigeria,"236,747,130",6,"125,475,979",5,"90,437,404",5,"4,261,448",6,"230,000",22,0,127,"50,000",44,163,54,14,66,24,32,23,36,28,64,11,31,0,106,66,55,15,39,330,39,"8,962",43,40,59,339,33,37,50,133,23,,,0,77,0,77,0,91,0,78,1,50,0,95,109,10,2,46,"$                        							3,160,000,000",59,"$                        							32,455,500,000",76,"$                        							1,275,000,000,000",26,"$                        							41,349,000,000",48,47,87,"75,721,000",7,28,30,928,21,"3,798                        						
							km",51,"195,000                        						
							km",29,"1,541,000                        						
							bbl",15,"515,000                        						
							bbl",32,"36,890,000,000                        						
							bbl",11,"39,951,000,000                        						
							Cu.M",19,"20,719,000,000                        						
							Cu.M",36,"5,761,000,000,000                        						
							Cu.M",8,"3,043,000                        						
							Cu.M",42,"3,044,000                        						
							mt",58,"2,144,000,000                        						
							Cu.M",32,"923,768                        						
							km",31,"853                        						
							km",69,"4,477                        						
							km",42,"8,600                        						
							km",17
Brazil,"220,051,512",7,"112,226,271",6,"88,680,759",6,"3,520,824",7,"360,000",15,"340,000",22,"200,000",13,513,22,43,40,38,16,109,6,133,22,25,16,0,48,191,25,0,90,294,45,"22,464",19,109,30,412,30,38,49,64,46,"135,737",22,0,22,1,8,4,24,0,25,6,28,2,35,23,50,3,39,"$                        							26,157,300,000",19,"$                        							432,224,000,000",26,"$                        							4,016,000,000,000",7,"$                        							355,021,000,000",11,"4,919",2,"108,695,000",5,45,19,888,22,"29,850                        						
							km",7,"2,000,000                        						
							km",4,"4,221,000                        						
							bbl",7,"3,027,000                        						
							bbl",7,"12,715,000,000                        						
							bbl",14,"22,670,000,000                        						
							Cu.M",29,"31,654,000,000                        						
							Cu.M",29,"363,985,000,000                        						
							Cu.M",32,"15,644,000                        						
							Cu.M",22,"32,787,000                        						
							mt",23,"6,596,000,000                        						
							Cu.M",17,"8,515,770                        						
							km",5,"7,491                        						
							km",15,"16,145                        						
							km",3,"50,000                        						
							km",2
Bangladesh,"168,697,184",8,"82,661,620",8,"66,129,296",8,"3,205,246",8,"163,000",36,0,99,"6,800,000",1,214,44,42,43,0,72,17,42,86,31,4,46,0,39,65,56,0,82,320,41,"11,584",38,56,45,546,21,110,33,118,28,"75,280",34,0,16,0,17,2,36,0,19,7,21,6,19,61,20,5,23,"$                        							4,374,000,000",56,"$                        							51,965,000,000",60,"$                        							1,413,000,000,000",23,"$                        							21,860,000,000",60,17,124,"74,914,000",8,2,98,558,33,"2,460                        						
							km",66,"369,105                        						
							km",20,"13,000                        						
							bbl",70,"160,000                        						
							bbl",62,"28,000,000                        						
							bbl",77,"24,620,000,000                        						
							Cu.M",27,"30,384,000,000                        						
							Cu.M",30,"126,293,000,000                        						
							Cu.M",44,"754,000                        						
							Cu.M",63,"7,514,000                        						
							mt",41,"3,260,000,000                        						
							Cu.M",24,"148,460                        						
							km",89,"580                        						
							km",75,"4,413                        						
							km",43,"8,370                        						
							km",19
Russia,"140,820,810",9,"69,002,197",9,"46,189,226",10,"1,267,387",18,"1,320,000",5,"2,000,000",4,"250,000",9,"4,292",2,833,3,689,2,456,2,611,2,141,3,19,3,"1,651",2,557,2,"5,750",2,"131,527",4,"5,168",1,"8,505",1,"3,005",1,419,3,"1,260,447",3,1,7,0,91,63,2,10,7,12,9,83,1,123,9,47,1,"$                        							126,000,000,000",3,"$                        							317,650,500,000",31,"$                        							5,816,000,000,000",4,"$                        							597,217,000,000",6,904,7,"72,408,000",9,67,11,"2,910",8,"85,494                        						
							km",3,"1,283,387                        						
							km",5,"10,727,000                        						
							bbl",3,"3,684,000                        						
							bbl",4,"80,000,000,000                        						
							bbl",8,"617,830,000,000                        						
							Cu.M",2,"472,239,000,000                        						
							Cu.M",2,"47,805,000,000,000                        						
							Cu.M",1,"508,190,000                        						
							Cu.M",5,"310,958,000                        						
							mt",4,"162,166,000,000                        						
							Cu.M",2,"17,098,242                        						
							km",1,"37,653                        						
							km",3,"22,407                        						
							km",2,"102,000                        						
							km",1
Mexico,"130,739,927",10,"61,447,766",10,"49,811,912",9,"2,222,579",11,"412,000",12,"98,655",44,"120,000",20,433,28,3,87,33,22,41,22,176,13,25,17,0,94,178,26,0,120,0,133,"19,658",24,20,77,70,73,0,125,167,19,,,0,68,0,68,0,84,5,9,1,49,3,32,140,7,0,91,"$                        							7,600,000,000",39,"$                        							371,359,000,000",29,"$                        							2,873,000,000,000",13,"$                        							214,317,000,000",16,"1,485",4,"60,042,000",12,35,26,674,28,"23,389                        						
							km",10,"704,884                        						
							km",12,"2,101,000                        						
							bbl",11,"1,737,000                        						
							bbl",12,"5,786,000,000                        						
							bbl",20,"31,422,000,000                        						
							Cu.M",24,"90,566,000,000                        						
							Cu.M",8,"180,322,000,000                        						
							Cu.M",39,"7,453,000                        						
							Cu.M",32,"18,423,000                        						
							mt",26,"1,211,000,000                        						
							Cu.M",39,"1,964,375                        						
							km",13,"9,330                        						
							km",13,"4,389                        						
							km",44,"2,900                        						
							km",36
Japan,"123,201,945",11,"52,976,836",13,"42,874,277",12,"1,108,818",20,"247,150",21,"56,000",55,"25,000",54,"1,443",6,217,13,38,18,55,14,401,5,141,2,10,8,596,6,119,4,521,25,"31,964",16,149,24,480,25,54,43,159,20,"769,882",4,0,54,4,3,24,5,42,3,6,29,0,78,6,91,22,4,"$                        							57,000,000,000",7,"$                        							4,679,698,100,000",7,"$                        							5,761,000,000,000",5,"$                        							1,295,000,000,000",2,279,23,"69,349,000",10,163,4,"5,229",4,"27,311                        						
							km",9,"1,218,772                        						
							km",6,"8,000                        						
							bbl",81,"3,289,000                        						
							bbl",6,"44,115,000                        						
							bbl",72,"2,220,000,000                        						
							Cu.M",54,"92,843,000,000                        						
							Cu.M",7,"20,898,000,000                        						
							Cu.M",68,"29,141,000                        						
							Cu.M",18,"216,332,000                        						
							mt",5,"350,000,000                        						
							Cu.M",55,"377,915                        						
							km",60,"29,751                        						
							km",5,"0                        						
							km",140,"1,770                        						
							km",46
Ethiopia,"118,550,298",12,"56,904,143",11,"35,327,989",17,"2,726,657",9,"162,000",37,0,109,0,132,103,70,25,56,0,89,8,71,34,57,0,101,0,66,33,76,7,53,338,37,"7,256",53,35,63,309,34,40,48,0,128,,,0,128,0,128,0,128,0,128,0,128,0,128,0,128,0,128,"$                        							2,097,575,000",71,"$                        							25,761,000,000",83,"$                        							354,604,000,000",55,"$                        							3,131,288,000",112,57,78,"61,664,000",11,0,123,12,109,"659                        						
							km",103,"120,171                        						
							km",41,"0                        						
							bbl",119,"110,000                        						
							bbl",77,"428,000                        						
							bbl",95,"0                        						
							Cu.M",109,"0                        						
							Cu.M",120,"24,919,000,000                        						
							Cu.M",65,"8,000                        						
							Cu.M",75,"660,000                        						
							mt",82,"0                        						
							Cu.M",103,"1,104,300                        						
							km",26,"0                        						
							km",125,"5,925                        						
							km",25,"0                        						
							km",113
Philippines,"118,277,063",13,"50,859,137",14,"41,751,803",13,"2,128,987",12,"150,000",39,"1,200,000",5,"35,000",52,202,46,0,136,25,30,26,34,23,69,8,38,0,114,122,33,2,75,10,107,"11,878",36,12,85,294,36,0,134,113,30,"76,313",33,0,85,0,85,0,95,0,86,2,46,1,44,58,23,0,102,"$                        							4,380,000,000",55,"$                        							90,200,000,000",54,"$                        							1,138,000,000,000",31,"$                        							103,742,000,000",29,246,26,"49,477,000",14,70,9,"2,203",9,"77                        						
							km",124,"216,387                        						
							km",25,"10,000                        						
							bbl",78,"453,000                        						
							bbl",35,"138,500,000                        						
							bbl",61,"2,251,000,000                        						
							Cu.M",53,"2,251,000,000                        						
							Cu.M",77,"98,543,000,000                        						
							Cu.M",46,"14,483,000                        						
							Cu.M",25,"37,130,000                        						
							mt",18,"361,000,000                        						
							Cu.M",54,"300,000                        						
							km",71,"36,289                        						
							km",4,"0                        						
							km",141,"3,219                        						
							km",33
Democratic Republic of the Congo,"115,403,027",14,"39,237,029",18,"31,389,623",18,"2,538,867",10,"166,580",34,"31,000",69,"10,000",80,46,91,1,91,6,56,6,81,1,113,0,97,0,58,32,78,8,50,105,69,916,112,8,89,60,76,25,60,16,89,,,0,31,0,31,0,56,0,34,0,63,0,60,16,65,0,68,"$                        							796,560,000",95,"$                        							4,994,000,000",120,"$                        							154,012,000,000",81,"$                        							3,898,125,000",103,272,24,"35,983,000",17,3,91,24,102,"4,007                        						
							km",47,"152,373                        						
							km",34,"19,000                        						
							bbl",64,"26,000                        						
							bbl",119,"180,000,000                        						
							bbl",55,"380,000                        						
							Cu.M",93,"380,000                        						
							Cu.M",110,"991,090,000                        						
							Cu.M",93,"0                        						
							Cu.M",91,"23,000                        						
							mt",109,"987,999,000                        						
							Cu.M",44,"2,344,858                        						
							km",11,"37                        						
							km",110,"10,481                        						
							km",8,"15,000                        						
							km",9
Egypt,"111,247,248",15,"45,611,372",16,"38,269,053",15,"1,668,709",14,"440,000",11,"480,000",15,"300,000",7,"1,093",8,238,11,90,7,61,13,345,7,11,30,0,62,348,11,100,7,"3,620",6,"41,012",12,"1,056",5,962,10,528,8,150,22,"235,989",13,0,35,2,6,8,14,0,38,13,6,7,13,62,19,17,6,"$                        							5,879,500,000",46,"$                        							103,750,000,000",50,"$                        							1,912,000,000,000",17,"$                        							33,070,000,000",54,73,68,"33,431,000",20,31,28,441,38,"5,085                        						
							km",37,"65,050                        						
							km",73,"667,000                        						
							bbl",26,"851,000                        						
							bbl",26,"3,300,000,000                        						
							bbl",26,"64,817,000,000                        						
							Cu.M",13,"60,089,000,000                        						
							Cu.M",13,"1,784,000,000,000                        						
							Cu.M",17,"289,000                        						
							Cu.M",67,"3,083,000                        						
							mt",57,"182,000,000                        						
							Cu.M",65,"1,001,450                        						
							km",29,"2,450                        						
							km",41,"2,612                        						
							km",69,"3,500                        						
							km",32
Vietnam,"105,758,975",16,"54,994,667",12,"45,053,323",11,"1,797,903",13,"600,000",10,"5,000,000",1,"250,000",10,246,40,41,45,32,24,9,70,60,43,3,56,0,142,101,38,0,144,"1,374",13,"11,912",35,40,60,535,22,474,9,110,33,"107,813",29,0,116,0,116,9,13,0,116,9,16,16,6,35,36,8,17,"$                        							8,594,000,000",35,"$                        							110,000,000,000",49,"$                        							1,354,000,000,000",24,"$                        							97,955,500,000",31,42,94,"56,149,000",13,16,47,"1,973",11,"2,600                        						
							km",65,"195,468                        						
							km",28,"187,000                        						
							bbl",36,"494,000                        						
							bbl",33,"4,400,000,000                        						
							bbl",23,"7,676,000,000                        						
							Cu.M",42,"7,676,000,000                        						
							Cu.M",51,"699,426,000,000                        						
							Cu.M",26,"43,614,000                        						
							Cu.M",13,"83,116,000                        						
							mt",14,"3,360,000,000                        						
							Cu.M",23,"331,210                        						
							km",64,"3,444                        						
							km",29,"4,616                        						
							km",40,"47,130                        						
							km",3
Iran,"88,386,937",17,"49,496,685",15,"41,541,860",14,"1,414,191",16,"610,000",8,"350,000",20,"220,000",11,551,20,188,15,21,34,87,7,103,26,10,34,6,15,128,32,13,41,"1,713",10,"65,825",8,392,15,"2,070",5,"1,517",3,107,35,"223,395",15,0,49,0,49,25,4,0,52,7,24,3,31,21,54,1,51,"$                        							15,450,000,000",25,"$                        							4,134,926,000",123,"$                        							1,440,000,000,000",22,"$                        							120,600,000,000",24,173,32,"29,159,000",24,18,39,965,20,"8,484                        						
							km",24,"223,485                        						
							km",23,"3,985,000                        						
							bbl",9,"2,136,000                        						
							bbl",10,"208,600,000,000                        						
							bbl",3,"263,280,000,000                        						
							Cu.M",3,"244,890,000,000                        						
							Cu.M",4,"33,987,000,000,000                        						
							Cu.M",2,"2,791,000                        						
							Cu.M",44,"3,531,000                        						
							mt",52,"1,203,000,000                        						
							Cu.M",40,"1,648,195                        						
							km",17,"2,440                        						
							km",42,"5,894                        						
							km",27,"850                        						
							km",72
Turkiye,"84,119,531",18,"42,985,080",17,"36,087,279",16,"1,430,032",15,"355,200",16,"378,700",19,"150,000",18,"1,083",9,201,14,0,141,84,9,287,9,28,10,7,11,508,7,111,6,"2,238",8,"61,173",10,"1,038",6,"1,707",6,296,13,182,17,"325,729",10,0,109,1,10,13,9,0,109,17,4,9,10,41,30,11,12,"$                        							47,000,000,000",13,"$                        							294,441,000,000",32,"$                        							2,936,000,000,000",12,"$                        							140,858,000,000",23,115,44,"35,071,000",19,54,17,"1,170",18,"11,497                        						
							km",20,"67,333                        						
							km",71,"83,000                        						
							bbl",45,"1,077,000                        						
							bbl",21,"366,000,000                        						
							bbl",49,"379,701,000                        						
							Cu.M",66,"2,887,000,000                        						
							Cu.M",69,"3,794,000,000                        						
							Cu.M",87,"88,746,000                        						
							Cu.M",11,"123,976,000                        						
							mt",10,"11,525,000,000                        						
							Cu.M",12,"783,562                        						
							km",36,"7,200                        						
							km",17,"2,816                        						
							km",65,"1,200                        						
							km",61
Germany,"84,119,100",19,"38,694,786",19,"30,955,829",19,"841,191",27,"181,600",31,"34,000",66,0,134,584,18,129,18,63,11,50,18,35,55,26,14,3,22,309,12,54,13,296,44,"83,260",6,134,27,0,124,33,53,61,51,"228,552",14,0,42,0,41,6,19,0,45,11,11,5,25,0,113,12,10,"$                        							50,000,000,000",11,"$                        							6,238,609,300,000",4,"$                        							5,230,000,000,000",6,"$                        							322,700,000,000",12,838,8,"44,784,000",15,35,24,595,31,"39,379                        						
							km",5,"830,000                        						
							km",10,"131,000                        						
							bbl",39,"2,052,000                        						
							bbl",11,"115,200,000                        						
							bbl",64,"4,824,000,000                        						
							Cu.M",46,"77,516,000,000                        						
							Cu.M",9,"23,390,000,000                        						
							Cu.M",66,"138,981,000                        						
							Cu.M",8,"186,725,000                        						
							mt",7,"35,900,000,000                        						
							Cu.M",6,"357,022                        						
							km",61,"2,389                        						
							km",45,"3,694                        						
							km",54,"7,300                        						
							km",21
Thailand,"69,920,998",20,"36,358,919",20,"27,968,399",20,"1,118,736",19,"360,850",14,"200,000",29,"25,000",57,493,23,72,27,20,35,54,15,135,21,26,15,0,136,258,17,7,54,635,23,"16,935",31,50,48,589,19,26,59,293,7,"130,988",23,0,107,1,9,0,110,0,107,7,27,6,24,49,28,5,28,"$                        							5,887,883,500",45,"$                        							102,694,000,000",51,"$                        							1,516,000,000,000",21,"$                        							224,470,000,000",15,108,48,"40,814,000",16,21,35,884,23,"4,127                        						
							km",43,"180,053                        						
							km",30,"386,000                        						
							bbl",31,"1,248,000                        						
							bbl",18,"252,750,000                        						
							bbl",50,"30,797,000,000                        						
							Cu.M",25,"48,898,000,000                        						
							Cu.M",17,"138,243,000,000                        						
							Cu.M",41,"13,642,000                        						
							Cu.M",28,"36,030,000                        						
							mt",19,"1,063,000,000                        						
							Cu.M",43,"513,120                        						
							km",51,"3,219                        						
							km",30,"5,673                        						
							km",29,"4,000                        						
							km",29
United Kingdom,"68,459,055",21,"31,491,165",21,"25,192,932",21,"753,050",29,"184,860",30,"924,000",8,0,144,631,15,113,19,31,25,29,32,203,11,28,11,9,9,266,15,37,19,227,50,"38,200",13,71,41,126,56,29,55,109,34,"394,043",7,2,5,0,113,9,12,6,8,8,19,0,115,26,47,7,19,"$                        							71,500,540,000",6,"$                        							9,593,749,000,000",2,"$                        							3,700,000,000,000",10,"$                        							177,915,000,000",20,"1,043",6,"35,275,000",18,185,3,868,24,"16,390                        						
							km",17,"394,428                        						
							km",19,"753,000                        						
							bbl",25,"1,397,000                        						
							bbl",16,"2,500,000,000                        						
							bbl",31,"37,758,000,000                        						
							Cu.M",20,"70,141,000,000                        						
							Cu.M",10,"180,661,000,000                        						
							Cu.M",38,"1,891,000                        						
							Cu.M",51,"8,568,000                        						
							mt",38,"26,000,000                        						
							Cu.M",75,"243,610                        						
							km",76,"12,429                        						
							km",12,"443                        						
							km",128,"3,200                        						
							km",34
France,"68,374,591",22,"30,084,820",23,"23,794,358",22,"752,121",31,"200,000",26,"26,000",73,"150,000",16,976,10,226,12,0,91,119,5,141,18,44,6,16,4,448,8,68,11,215,52,"110,932",5,96,34,0,122,9,89,129,25,"428,765",6,1,6,3,4,9,11,11,6,11,10,0,67,20,56,17,7,"$                        							55,000,000,000",9,"$                        							6,992,104,900,000",3,"$                        							3,764,000,000,000",9,"$                        							240,792,000,000",14,689,10,"31,825,000",21,66,14,553,34,"27,860                        						
							km",8,"1,053,215                        						
							km",7,"80,000                        						
							bbl",46,"1,554,000                        						
							bbl",14,"61,719,000                        						
							bbl",71,"20,132,000                        						
							Cu.M",85,"37,001,000,000                        						
							Cu.M",25,"7,787,000,000                        						
							Cu.M",74,"2,419,000                        						
							Cu.M",47,"12,985,000                        						
							mt",32,"160,000,000                        						
							Cu.M",66,"643,801                        						
							km",43,"4,853                        						
							km",24,"4,072                        						
							km",52,"8,501                        						
							km",18
Tanzania,"67,462,121",23,"12,143,182",52,"6,678,750",58,"607,159",42,"27,000",93,"80,000",48,"6,500",86,39,101,14,67,0,139,6,84,7,103,0,139,0,135,12,112,0,141,62,77,"1,072",111,0,142,0,144,0,143,12,96,,,0,106,0,107,0,109,0,106,0,109,0,110,10,80,0,113,"$                        							1,406,745,334",78,"$                        							18,983,500,000",90,"$                        							234,050,000,000",69,"$                        							5,693,050,000",92,206,28,"31,219,000",22,8,63,381,42,"4,097                        						
							km",44,"145,203                        						
							km",35,"0                        						
							bbl",143,"58,000                        						
							bbl",96,"0                        						
							bbl",142,"1,808,000,000                        						
							Cu.M",56,"1,808,000,000                        						
							Cu.M",79,"6,513,000,000                        						
							Cu.M",76,"2,511,000                        						
							Cu.M",46,"802,000                        						
							mt",77,"1,410,000,000                        						
							Cu.M",37,"947,300                        						
							km",30,"1,424                        						
							km",59,"4,161                        						
							km",49,"0                        						
							km",139
Italy,"60,964,931",24,"27,434,219",25,"22,191,235",23,"548,684",46,"165,500",35,"18,500",79,"105,000",22,729,14,89,25,67,10,30,30,162,15,23,19,8,10,392,9,37,18,200,57,"73,480",7,64,43,108,60,21,69,196,14,"359,417",8,2,4,0,53,8,15,3,13,10,13,0,76,19,60,10,14,"$                        							30,890,000,000",16,"$                        							2,750,000,000,000",10,"$                        							3,097,000,000,000",11,"$                        							247,396,000,000",13,636,12,"25,669,000",26,123,7,"1,276",15,"18,475                        						
							km",14,"487,700                        						
							km",16,"116,000                        						
							bbl",42,"1,246,000                        						
							bbl",19,"497,934,000                        						
							bbl",45,"3,117,000,000                        						
							Cu.M",49,"68,735,000,000                        						
							Cu.M",11,"45,750,000,000                        						
							Cu.M",58,"1,618,000                        						
							Cu.M",54,"13,127,000                        						
							mt",31,"609,999,000                        						
							Cu.M",51,"301,340                        						
							km",70,"7,600                        						
							km",14,"1,836                        						
							km",90,"2,400                        						
							km",39
South Africa,"60,442,647",25,"27,803,618",24,"14,989,776",35,"1,027,525",22,"71,235",60,"29,350",71,"50,000",46,182,50,2,90,0,131,12,58,81,33,0,134,0,125,87,42,10,45,252,48,"18,692",27,49,49,134,54,101,35,49,56,"40,186",39,0,98,0,99,3,34,0,99,4,38,0,104,33,39,2,47,"$                        							2,266,800,000",69,"$                        							58,773,000,000",56,"$                        							862,981,000,000",33,"$                        							62,492,000,000",38,575,13,"25,158,000",28,8,61,110,66,"20,986                        						
							km",12,"750,000                        						
							km",11,"95,000                        						
							bbl",44,"601,000                        						
							bbl",30,"15,000,000                        						
							bbl",83,"59,128,000                        						
							Cu.M",76,"4,487,000,000                        						
							Cu.M",60,"0                        						
							Cu.M",137,"245,467,000                        						
							Cu.M",7,"176,148,000                        						
							mt",8,"9,893,000,000                        						
							Cu.M",14,"1,219,090                        						
							km",24,"2,798                        						
							km",35,"5,244                        						
							km",34,"0                        						
							km",136
Kenya,"58,246,378",26,"21,551,160",31,"14,037,377",37,"931,942",24,"50,000",72,0,115,"25,000",55,156,55,17,62,0,99,21,37,31,61,2,64,0,81,85,44,2,71,188,58,"4,128",72,18,80,53,78,0,117,23,78,,,0,57,0,57,0,74,0,59,0,81,0,81,7,86,0,84,"$                        							1,307,383,850",81,"$                        							30,514,500,000",77,"$                        							314,063,000,000",59,"$                        							7,342,000,000",86,370,18,"25,502,000",27,4,85,26,100,"3,819                        						
							km",50,"161,452                        						
							km",32,"0                        						
							bbl",121,"119,000                        						
							bbl",75,"0                        						
							bbl",113,"0                        						
							Cu.M",113,"0                        						
							Cu.M",123,"0                        						
							Cu.M",113,"0                        						
							Cu.M",108,"1,168,000                        						
							mt",73,"0                        						
							Cu.M",114,"580,367                        						
							km",49,"536                        						
							km",79,"3,457                        						
							km",58,"0                        						
							km",118
Myanmar,"57,527,139",27,"30,489,384",22,"21,975,367",24,"1,035,489",21,"150,000",38,"20,000",78,"55,000",37,317,33,58,34,26,28,30,31,119,23,5,42,0,99,83,45,9,48,445,28,"5,980",61,95,35,210,43,180,26,232,11,"89,240",30,0,72,0,72,3,32,0,73,6,31,3,33,146,6,2,45,"$                        							2,948,000,000",62,"$                        							7,253,400,000",111,"$                        							290,507,000,000",62,"$                        							8,590,400,000",82,73,69,"22,884,000",30,7,67,101,68,"5,031                        						
							km",38,"157,000                        						
							km",33,"7,000                        						
							bbl",82,"148,000                        						
							bbl",67,"139,000,000                        						
							bbl",60,"16,780,000,000                        						
							Cu.M",35,"3,788,000,000                        						
							Cu.M",64,"637,129,000,000                        						
							Cu.M",28,"1,268,000                        						
							Cu.M",59,"1,453,000                        						
							mt",69,"252,000,000                        						
							Cu.M",62,"676,578                        						
							km",40,"1,930                        						
							km",49,"6,522                        						
							km",20,"12,800                        						
							km",11
South Korea,"52,081,799",28,"26,040,900",27,"21,353,538",25,"416,654",53,"600,000",9,"3,100,000",2,"120,000",21,"1,592",5,315,7,98,6,41,23,318,8,36,7,4,20,807,5,111,5,"2,236",9,"58,880",11,"3,270",3,"4,400",2,426,11,227,12,"344,786",9,0,99,2,7,22,6,13,5,17,3,5,27,35,35,14,8,"$                        							46,300,000,000",14,"$                        							503,519,500,000",24,"$                        							2,615,000,000,000",14,"$                        							420,930,000,000",9,89,57,"29,611,000",23,15,48,"2,149",10,"3,979                        						
							km",48,"100,428                        						
							km",47,"38,000                        						
							bbl",56,"2,452,000                        						
							bbl",9,"0                        						
							bbl",138,"55,127,000                        						
							Cu.M",77,"59,480,000,000                        						
							Cu.M",14,"7,079,000,000                        						
							Cu.M",75,"15,595,000                        						
							Cu.M",23,"136,413,000                        						
							mt",9,"326,000,000                        						
							Cu.M",59,"99,720                        						
							km",104,"2,413                        						
							km",44,"237                        						
							km",132,"1,600                        						
							km",51
Sudan,"50,467,278",29,"26,747,657",26,"17,108,407",31,"1,312,149",17,"92,000",55,"85,000",47,"17,500",65,165,52,37,46,27,26,13,54,15,79,0,136,0,129,64,59,35,20,224,51,"2,900",85,100,33,287,39,192,24,6,106,,,0,101,0,102,0,106,0,102,0,105,0,107,6,93,0,111,"$                        							342,000,000",118,"$                        							37,846,000,000",72,"$                        							136,039,000,000",86,"$                        							206,763,700",141,41,96,"13,590,000",46,4,88,14,107,"7,251                        						
							km",30,"31,000                        						
							km",96,"68,000                        						
							bbl",49,"127,000                        						
							bbl",73,"1,250,000,000                        						
							bbl",38,"0                        						
							Cu.M",139,"0                        						
							Cu.M",142,"84,951,000,000                        						
							Cu.M",50,"0                        						
							Cu.M",136,"0                        						
							mt",142,"0                        						
							Cu.M",138,"1,861,484                        						
							km",15,"853                        						
							km",70,"6,819                        						
							km",17,"4,068                        						
							km",28
Colombia,"49,588,357",30,"24,298,295",28,"19,190,694",26,"843,002",25,"293,200",19,"35,000",64,"150,000",15,436,27,16,63,24,31,86,8,72,38,23,18,1,28,257,18,0,96,0,121,"3,460",78,6,90,110,59,0,108,233,10,"31,090",43,0,28,0,28,4,27,0,31,7,22,2,36,217,1,0,67,"$                        							10,541,500,000",30,"$                        							116,779,500,000",47,"$                        							978,024,000,000",32,"$                        							59,041,000,000",41,662,11,"26,003,000",25,14,49,153,57,"2,141                        						
							km",71,"205,379                        						
							km",26,"800,000                        						
							bbl",22,"320,000                        						
							bbl",40,"2,036,000,000                        						
							bbl",35,"11,290,000,000                        						
							Cu.M",39,"11,451,000,000                        						
							Cu.M",46,"87,782,000,000                        						
							Cu.M",49,"58,747,000                        						
							Cu.M",12,"7,880,000                        						
							mt",40,"4,554,000,000                        						
							Cu.M",19,"1,138,910                        						
							km",25,"3,208                        						
							km",32,"6,672                        						
							km",19,"24,725                        						
							km",7
Uganda,"49,283,041",31,"16,756,234",39,"9,905,891",46,"985,661",23,"45,000",77,0,140,"10,000",83,51,89,6,83,0,142,0,145,12,88,0,141,0,139,30,83,6,59,259,47,"3,862",74,6,91,26,92,12,84,0,117,,,0,111,0,110,0,113,0,111,0,112,0,113,0,116,0,116,"$                        							985,400,000",88,"$                        							11,818,000,000",99,"$                        							135,668,000,000",87,"$                        							3,506,500,000",108,39,101,"18,881,000",34,0,142,0,143,"1,244                        						
							km",86,"20,544                        						
							km",108,"0                        						
							bbl",144,"43,000                        						
							bbl",104,"2,500,000,000                        						
							bbl",30,"0                        						
							Cu.M",142,"0                        						
							Cu.M",143,"14,158,000,000                        						
							Cu.M",70,"0                        						
							Cu.M",142,"0                        						
							mt",145,"800,000,000                        						
							Cu.M",48,"241,038                        						
							km",77,"0                        						
							km",143,"2,729                        						
							km",67,"0                        						
							km",141
Spain,"47,280,433",32,"21,748,999",30,"17,635,602",28,"330,963",62,"133,282",41,"15,150",80,"78,470",30,461,25,137,17,12,46,51,17,140,19,8,39,0,127,153,28,17,33,317,42,"17,626",29,95,36,287,38,0,139,152,21,"215,346",17,1,8,0,100,2,40,0,100,11,12,0,105,22,53,6,22,"$                        							23,397,000,000",22,"$                        							2,572,738,300,000",11,"$                        							2,242,000,000,000",15,"$                        							103,089,000,000",30,363,19,"24,108,000",29,52,18,503,35,"15,489                        						
							km",18,"683,175                        						
							km",13,"47,000                        						
							bbl",55,"1,269,000                        						
							bbl",17,"150,000,000                        						
							bbl",59,"41,009,000                        						
							Cu.M",81,"32,833,000,000                        						
							Cu.M",28,"2,549,000,000                        						
							Cu.M",90,"1,293,000                        						
							Cu.M",56,"8,255,000                        						
							mt",39,"1,187,000,000                        						
							Cu.M",41,"505,370                        						
							km",52,"4,964                        						
							km",23,"1,953                        						
							km",86,"1,000                        						
							km",66
Algeria,"47,022,473",33,"22,570,787",29,"19,185,169",27,"752,360",30,"325,000",18,"135,000",34,"150,000",14,608,17,102,21,42,15,63,12,87,30,10,33,5,16,299,13,74,10,"1,485",11,"26,000",17,224,20,483,24,266,17,110,32,"82,880",31,0,10,0,12,6,17,0,15,8,17,8,11,75,15,2,43,"$                        							25,000,000,000",21,"$                        							3,335,624,000",128,"$                        							699,947,000,000",40,"$                        							81,217,000,000",33,85,59,"13,425,000",47,17,42,119,63,"4,020                        						
							km",46,"104,000                        						
							km",46,"1,443,000                        						
							bbl",16,"428,000                        						
							bbl",36,"12,200,000,000                        						
							bbl",15,"100,726,000,000                        						
							Cu.M",10,"47,963,000,000                        						
							Cu.M",18,"4,504,000,000,000                        						
							Cu.M",10,"0                        						
							Cu.M",77,"167,000                        						
							mt",94,"233,000,000                        						
							Cu.M",63,"2,381,740                        						
							km",10,"998                        						
							km",66,"6,734                        						
							km",18,"0                        						
							km",103
Argentina,"46,994,384",34,"20,677,529",32,"17,575,900",29,"704,916",34,"108,000",48,0,98,"20,000",61,239,41,23,60,11,48,52,16,71,40,13,27,2,25,94,39,0,80,342,35,"21,724",20,55,46,172,46,26,58,44,57,"122,128",25,0,12,0,14,2,35,3,11,0,54,6,18,13,69,0,57,"$                        							928,897,000",89,"$                        							178,940,000,000",41,"$                        							1,235,000,000,000",29,"$                        							23,081,000,000",59,756,9,"21,906,000",32,37,22,201,50,"17,866                        						
							km",15,"281,290                        						
							km",21,"807,000                        						
							bbl",21,"706,000                        						
							bbl",29,"2,483,000,000                        						
							bbl",32,"43,280,000,000                        						
							Cu.M",17,"46,228,000,000                        						
							Cu.M",20,"396,464,000,000                        						
							Cu.M",31,"1,318,000                        						
							Cu.M",55,"3,391,000                        						
							mt",54,"799,999,000                        						
							Cu.M",49,"2,780,400                        						
							km",8,"4,989                        						
							km",21,"11,968                        						
							km",7,"11,000                        						
							km",14
Iraq,"42,083,436",35,"17,675,043",38,"14,308,368",36,"715,418",33,"193,000",28,0,113,"100,000",23,391,29,26,54,36,19,15,47,139,20,17,24,0,76,197,24,39,16,"1,025",17,"37,288",14,434,13,610,18,572,7,68,43,,,0,50,0,50,0,69,0,53,0,75,2,37,26,46,0,79,"$                        							7,923,000,000",37,"$                        							45,032,500,000",67,"$                        							572,939,000,000",45,"$                        							112,233,000,000",27,71,70,"11,812,000",50,6,70,74,77,"2,272                        						
							km",68,"59,623                        						
							km",76,"4,437,000                        						
							bbl",6,"918,000                        						
							bbl",24,"145,019,000,000                        						
							bbl",5,"9,860,000,000                        						
							Cu.M",40,"19,298,000,000                        						
							Cu.M",38,"3,729,000,000,000                        						
							Cu.M",11,"0                        						
							Cu.M",103,"0                        						
							mt",129,"0                        						
							Cu.M",110,"438,317                        						
							km",57,"58                        						
							km",108,"3,809                        						
							km",53,"5,279                        						
							km",25
Afghanistan,"40,121,552",36,"15,647,405",43,"8,826,741",49,"842,553",26,0,143,0,96,"80,000",28,9,127,0,93,0,68,3,105,0,117,0,79,0,32,6,128,1,76,0,113,"5,202",65,0,96,0,112,0,98,0,118,,,0,118,0,118,0,118,0,118,0,118,0,118,0,118,0,118,"$                        							290,000,000",125,"$                        							1,142,500,000",142,"$                        							54,772,700,000",117,"$                        							8,852,092,000",81,67,71,"8,921,000",60,0,111,0,124,"0                        						
							km",128,"34,903                        						
							km",91,"0                        						
							bbl",108,"2,700                        						
							bbl",143,"0                        						
							bbl",96,"80,200,000                        						
							Cu.M",73,"80,200,000                        						
							Cu.M",103,"49,554,000,000                        						
							Cu.M",56,"4,885,000                        						
							Cu.M",37,"1,545,000                        						
							mt",67,"66,000,000                        						
							Cu.M",71,"652,230                        						
							km",41,"0                        						
							km",114,"5,987                        						
							km",24,"1,200                        						
							km",59
Canada,"38,794,813",37,"16,681,770",40,"13,500,595",38,"426,743",51,"68,000",61,"27,000",72,"5,500",87,351,30,66,31,0,82,28,33,95,28,33,8,6,13,145,30,0,93,74,75,"21,704",21,0,106,0,117,0,106,73,40,"119,637",27,0,26,0,26,4,25,0,29,12,8,0,57,24,49,0,65,"$                        							41,000,000,000",15,"$                        							2,337,375,700,000",12,"$                        							2,238,000,000,000",16,"$                        							117,551,000,000",25,"1,425",5,"22,110,000",31,284,2,716,26,"4,942                        						
							km",39,"1,042,300                        						
							km",8,"5,692,000                        						
							bbl",4,"2,454,000                        						
							bbl",8,"170,300,000,000                        						
							bbl",4,"187,686,000,000                        						
							Cu.M",5,"130,316,000,000                        						
							Cu.M",5,"2,067,126,000,000                        						
							Cu.M",15,"43,024,000                        						
							Cu.M",14,"17,138,000                        						
							mt",27,"6,582,000,000                        						
							Cu.M",18,"9,984,670                        						
							km",2,"202,080                        						
							km",1,"8,893                        						
							km",9,"636                        						
							km",79
Poland,"38,746,310",38,"18,985,692",35,"15,576,017",33,"464,956",49,"202,100",25,"350,000",21,"50,000",45,479,24,59,33,44,14,49,19,105,25,11,32,0,115,216,21,29,27,614,24,"23,138",18,677,7,0,137,196,23,62,50,,,0,86,0,86,1,41,0,87,2,47,2,39,3,103,26,3,"$                        							48,700,000,000",12,"$                        							386,947,000,000",28,"$                        							1,616,000,000,000",19,"$                        							193,783,000,000",18,288,22,"18,387,000",36,10,57,152,58,"19,461                        						
							km",13,"420,000                        						
							km",18,"24,000                        						
							bbl",63,"722,000                        						
							bbl",27,"113,000,000                        						
							bbl",65,"5,551,000,000                        						
							Cu.M",43,"20,056,000,000                        						
							Cu.M",37,"91,492,000,000                        						
							Cu.M",48,"116,682,000                        						
							Cu.M",10,"123,782,000                        						
							mt",11,"28,531,000,000                        						
							Cu.M",9,"312,685                        						
							km",68,"440                        						
							km",86,"2,845                        						
							km",63,"3,997                        						
							km",30
Morocco,"37,387,585",39,"17,946,041",37,"15,254,135",34,"635,589",36,"195,800",27,"150,000",32,"50,000",43,260,37,83,26,0,112,31,29,75,35,4,47,2,26,78,48,0,124,903,18,"7,877",48,396,14,153,49,129,31,111,31,,,0,70,0,70,0,86,0,71,6,30,1,43,105,12,0,93,"$                        							13,400,000,000",27,"$                        							45,645,000,000",66,"$                        							337,480,000,000",56,"$                        							36,328,000,000",51,49,86,"12,284,000",48,12,52,94,72,"2,067                        						
							km",72,"57,300                        						
							km",79,"25                        						
							bbl",104,"318,000                        						
							bbl",41,"684,000                        						
							bbl",94,"82,595,000                        						
							Cu.M",72,"243,201,000                        						
							Cu.M",97,"1,444,000,000                        						
							Cu.M",91,"0                        						
							Cu.M",120,"11,940,000                        						
							mt",33,"96,000,000                        						
							Cu.M",68,"715,550                        						
							km",39,"1,835                        						
							km",51,"2,363                        						
							km",78,"0                        						
							km",125
Angola,"37,202,061",40,"7,440,412",67,"3,720,206",85,"372,021",58,"107,000",49,0,97,"10,000",78,298,34,71,28,12,43,31,28,66,41,2,57,0,34,116,34,15,37,309,43,"5,500",63,25,69,575,20,113,32,31,68,,,0,11,0,13,0,44,0,16,0,53,0,47,29,42,0,56,"$                        							1,101,360,000",85,"$                        							45,774,500,000",65,"$                        							265,868,000,000",64,"$                        							13,942,000,000",69,106,49,"15,223,000",41,21,33,64,83,"2,761                        						
							km",61,"26,000                        						
							km",100,"1,175,000                        						
							bbl",18,"127,000                        						
							bbl",72,"7,783,000,000                        						
							bbl",18,"5,514,000,000                        						
							Cu.M",44,"1,397,000,000                        						
							Cu.M",81,"343,002,000,000                        						
							Cu.M",33,"0                        						
							Cu.M",78,"0                        						
							mt",120,"0                        						
							Cu.M",84,"1,246,700                        						
							km",22,"1,600                        						
							km",55,"5,369                        						
							km",31,"1,300                        						
							km",55
Saudi Arabia,"36,544,431",41,"19,003,104",33,"17,468,238",30,"621,255",39,"257,000",20,0,131,"150,000",17,917,11,283,9,81,9,49,20,202,12,16,25,22,2,264,16,34,22,840,20,"19,040",25,332,19,467,26,321,12,32,67,"49,727",37,0,91,0,92,0,99,0,92,7,26,9,9,9,82,3,41,"$                        							74,760,000,000",5,"$                        							225,610,000,000",35,"$                        							1,831,000,000,000",18,"$                        							457,949,000,000",8,86,58,"16,934,000",38,16,45,433,39,"5,410                        						
							km",34,"221,372                        						
							km",24,"11,113,000                        						
							bbl",2,"3,649,000                        						
							bbl",5,"258,600,000,000                        						
							bbl",2,"121,870,000,000                        						
							Cu.M",9,"121,870,000,000                        						
							Cu.M",6,"9,423,000,000,000                        						
							Cu.M",6,"0                        						
							Cu.M",129,"164,000                        						
							mt",96,"0                        						
							Cu.M",131,"2,149,690                        						
							km",12,"2,640                        						
							km",37,"4,272                        						
							km",47,"0                        						
							km",133
Uzbekistan,"36,520,593",42,"18,990,708",34,"15,959,499",32,"730,412",32,"48,000",74,0,142,"20,000",63,192,48,58,35,13,42,13,55,7,104,0,142,0,141,101,37,34,23,340,36,"2,970",84,147,25,236,41,108,34,0,143,,,0,143,0,143,0,143,0,143,0,143,0,143,0,143,0,143,"$                        							2,803,500,000",63,"$                        							19,652,500,000",87,"$                        							319,174,000,000",58,"$                        							34,558,000,000",53,74,67,"14,270,000",45,0,143,0,144,"4,642                        						
							km",41,"86,496                        						
							km",57,"64,000                        						
							bbl",51,"91,000                        						
							bbl",84,"594,000,000                        						
							bbl",43,"47,500,000,000                        						
							Cu.M",16,"43,227,000,000                        						
							Cu.M",21,"1,841,000,000,000                        						
							Cu.M",16,"5,356,000                        						
							Cu.M",35,"7,396,000                        						
							mt",42,"1,375,000,000                        						
							Cu.M",38,"447,400                        						
							km",56,"420                        						
							km",87,"6,893                        						
							km",16,"1,100                        						
							km",63
Ukraine,"35,661,826",43,"18,187,531",36,"12,731,272",42,"392,280",55,"900,000",6,"1,200,000",6,"100,000",27,324,32,70,30,36,20,24,35,73,37,3,54,0,140,136,31,39,17,"1,114",16,"18,920",26,658,10,615,17,279,15,89,39,"28,138",44,0,112,0,111,0,114,0,112,0,113,0,114,33,40,3,42,"$                        							53,700,000,000",10,"$                        							132,000,000,000",44,"$                        							559,981,000,000",46,"$                        							40,510,000,000",50,148,34,"20,312,000",33,26,31,410,40,"21,733                        						
							km",11,"169,694                        						
							km",31,"3,000                        						
							bbl",91,"248,000                        						
							bbl",46,"395,000,000                        						
							bbl",48,"18,725,000,000                        						
							Cu.M",31,"22,856,000,000                        						
							Cu.M",33,"1,104,000,000,000                        						
							Cu.M",25,"4,248,000                        						
							Cu.M",38,"10,953,000                        						
							mt",34,"34,375,000,000                        						
							Cu.M",8,"603,550                        						
							km",46,"2,782                        						
							km",36,"5,581                        						
							km",30,"1,672                        						
							km",48
Ghana,"34,589,092",44,"14,873,310",47,"9,961,658",45,"622,604",38,"15,500",114,0,111,0,135,19,121,0,110,0,93,2,118,5,106,2,62,0,70,10,116,0,105,0,125,"1,824",97,0,111,6,110,6,92,28,72,,,0,43,0,42,0,65,0,46,0,71,0,70,27,43,0,74,"$                        							308,500,000",122,"$                        							22,550,000,000",85,"$                        							229,639,000,000",70,"$                        							3,624,000,000",105,11,130,"14,887,000",43,4,84,52,88,"947                        						
							km",92,"65,725                        						
							km",72,"174,000                        						
							bbl",37,"110,000                        						
							bbl",78,"660,000,000                        						
							bbl",40,"3,192,000,000                        						
							Cu.M",48,"3,912,000,000                        						
							Cu.M",62,"22,653,000,000                        						
							Cu.M",67,"0                        						
							Cu.M",99,"85,000                        						
							mt",100,"0                        						
							Cu.M",106,"238,533                        						
							km",78,"539                        						
							km",78,"2,420                        						
							km",75,"1,293                        						
							km",57
Malaysia,"34,564,810",45,"16,245,461",41,"13,480,276",39,"553,037",45,"113,000",45,"51,600",57,"100,000",25,135,61,26,55,12,44,16,43,31,62,6,40,4,18,45,66,0,118,48,83,"13,506",34,0,121,196,44,36,51,100,36,"67,735",35,0,66,0,66,2,38,0,68,2,43,6,21,71,16,4,34,"$                        							4,800,000,000",50,"$                        							247,500,000,000",34,"$                        							1,152,000,000,000",30,"$                        							113,438,000,000",26,102,50,"17,308,000",37,35,25,"1,750",13,"1,851                        						
							km",77,"144,403                        						
							km",36,"582,000                        						
							bbl",28,"717,000                        						
							bbl",28,"3,600,000,000                        						
							bbl",25,"75,456,000,000                        						
							Cu.M",12,"42,499,000,000                        						
							Cu.M",22,"1,189,000,000,000                        						
							Cu.M",24,"3,731,000                        						
							Cu.M",40,"35,050,000                        						
							mt",21,"226,000,000                        						
							Cu.M",64,"329,847                        						
							km",65,"4,675                        						
							km",26,"2,742                        						
							km",66,"7,200                        						
							km",22
Mozambique,"33,350,954",46,"14,674,420",48,"7,770,772",53,"533,615",47,"11,200",123,0,122,"3,000",106,22,116,8,81,0,113,4,100,1,115,1,74,0,98,8,123,2,73,30,98,872,114,0,126,52,80,6,93,33,65,,,0,71,0,71,0,87,0,72,0,92,0,91,33,38,0,94,"$                        							412,400,000",110,"$                        							12,100,000,000",98,"$                        							50,631,000,000",121,"$                        							3,515,000,000",107,92,55,"15,191,000",42,11,54,36,94,"4,787                        						
							km",40,"31,083                        						
							km",95,"0                        						
							bbl",132,"40,000                        						
							bbl",106,"0                        						
							bbl",125,"5,388,000,000                        						
							Cu.M",45,"1,347,000,000                        						
							Cu.M",82,"2,832,000,000,000                        						
							Cu.M",13,"9,015,000                        						
							Cu.M",31,"11,000                        						
							mt",113,"1,792,000,000                        						
							Cu.M",33,"799,380                        						
							km",34,"2,470                        						
							km",40,"4,783                        						
							km",38,"460                        						
							km",87
Peru,"32,600,249",47,"15,648,120",42,"12,681,497",43,"619,405",40,"120,000",43,"385,000",18,"60,000",32,256,38,15,65,22,33,38,25,72,39,12,29,0,113,111,35,16,36,240,49,"6,560",58,12,84,290,37,49,44,71,42,"170,344",20,0,84,0,84,4,29,0,85,7,25,8,12,13,70,0,101,"$                        							3,420,000,000",58,"$                        							59,400,000,000",55,"$                        							517,644,000,000",49,"$                        							71,394,000,000",36,166,33,"18,529,000",35,20,37,111,65,"1,855                        						
							km",76,"18,699                        						
							km",115,"118,000                        						
							bbl",41,"210,000                        						
							bbl",55,"858,890,000                        						
							bbl",39,"12,270,000,000                        						
							Cu.M",37,"7,185,000,000                        						
							Cu.M",53,"300,159,000,000                        						
							Cu.M",35,"153,000                        						
							Cu.M",71,"712,000                        						
							mt",80,"1,567,000,000                        						
							Cu.M",35,"1,285,216                        						
							km",19,"2,414                        						
							km",43,"7,062                        						
							km",15,"8,808                        						
							km",16
Yemen,"32,140,443",48,"12,213,368",51,"9,031,464",48,"610,668",41,"66,700",62,0,143,"20,000",64,84,78,27,53,12,47,2,121,15,81,0,143,0,143,30,84,7,55,0,145,550,127,0,144,15,99,10,87,33,66,,,0,117,0,117,0,117,0,117,0,117,1,45,12,74,1,54,"$                        							810,375,000",94,"$                        							6,343,500,000",114,"$                        							67,003,300,000",106,"$                        							923,361,750",129,36,106,"6,883,000",68,10,58,30,97,"0                        						
							km",145,"71,300                        						
							km",67,"15,000                        						
							bbl",68,"60,000                        						
							bbl",94,"3,000,000,000                        						
							bbl",27,"189,432,000                        						
							Cu.M",70,"189,432,000                        						
							Cu.M",99,"478,555,000,000                        						
							Cu.M",30,"0                        						
							Cu.M",145,"165,000                        						
							mt",95,"0                        						
							Cu.M",145,"527,968                        						
							km",50,"1,906                        						
							km",50,"1,601                        						
							km",98,"0                        						
							km",143
Venezuela,"31,250,306",49,"15,625,153",44,"12,812,625",41,"625,006",37,"109,000",47,"8,000",84,"220,000",12,229,43,30,50,0,143,49,21,75,36,3,55,1,31,88,40,10,47,172,59,"8,802",45,48,53,100,63,36,52,34,64,,,0,115,0,115,1,42,0,115,1,51,0,117,25,48,0,117,"$                        							4,093,120,000",57,"$                        							110,330,000,000",48,"$                        							295,974,800,000",61,"$                        							10,095,500,000",77,502,16,"11,548,000",51,31,29,272,47,"447                        						
							km",111,"96,189                        						
							km",50,"761,000                        						
							bbl",24,"367,000                        						
							bbl",39,"303,806,000,000                        						
							bbl",1,"17,696,000,000                        						
							Cu.M",34,"17,696,000,000                        						
							Cu.M",40,"5,674,000,000,000                        						
							Cu.M",9,"197,000                        						
							Cu.M",69,"82,000                        						
							mt",101,"730,999,000                        						
							Cu.M",50,"912,050                        						
							km",32,"2,800                        						
							km",34,"5,267                        						
							km",33,"7,100                        						
							km",23
Nepal,"31,122,387",50,"15,249,970",46,"11,733,140",44,"778,060",28,"95,000",54,0,124,"15,000",69,15,124,0,128,0,115,5,88,0,138,0,123,0,101,10,119,0,125,0,136,"1,108",108,0,128,14,100,0,126,0,136,,,0,136,0,136,0,136,0,136,0,136,0,136,0,136,0,136,"$                        							409,100,000",111,"$                        							5,838,500,000",116,"$                        							144,310,000,000",83,"$                        							12,456,000,000",74,51,83,"8,937,000",59,0,133,0,136,"59                        						
							km",125,"27,990                        						
							km",98,"0                        						
							bbl",134,"62,000                        						
							bbl",92,"0                        						
							bbl",127,"0                        						
							Cu.M",127,"0                        						
							Cu.M",134,"0                        						
							Cu.M",126,"15,000                        						
							Cu.M",74,"1,095,000                        						
							mt",74,"8,000,000                        						
							Cu.M",78,"147,181                        						
							km",90,"0                        						
							km",134,"3,159                        						
							km",61,"0                        						
							km",127
Cameroon,"30,966,105",51,"10,528,476",56,"6,224,187",61,"495,458",48,"40,000",82,0,105,"12,500",73,35,104,0,102,0,81,6,80,6,105,2,59,0,52,21,94,0,92,0,119,430,133,18,79,52,79,20,72,51,53,,,0,25,0,25,0,53,0,28,0,61,0,56,51,24,0,64,"$                        							554,952,283",102,"$                        							9,506,000,000",104,"$                        							138,925,000,000",85,"$                        							5,754,093,000",91,37,103,"11,965,000",49,7,66,198,52,"987                        						
							km",89,"77,589                        						
							km",64,"54,000                        						
							bbl",54,"40,000                        						
							bbl",105,"200,000,000                        						
							bbl",52,"2,595,000,000                        						
							Cu.M",52,"877,058,000                        						
							Cu.M",85,"135,071,000,000                        						
							Cu.M",42,"0                        						
							Cu.M",86,"0                        						
							mt",124,"0                        						
							Cu.M",94,"475,440                        						
							km",54,"400                        						
							km",89,"5,018                        						
							km",35,"0                        						
							km",110
Ivory Coast,"29,981,758",52,"12,292,521",49,"7,855,221",52,"569,653",43,"22,000",105,0,114,"5,500",88,19,122,0,114,0,98,4,99,2,111,3,51,0,78,10,117,3,70,5,111,656,121,0,116,2,111,3,96,3,112,,,0,53,0,54,0,71,0,56,0,78,0,77,3,102,0,82,"$                        							669,600,935",99,"$                        							19,311,500,000",89,"$                        							202,758,000,000",76,"$                        							7,583,484,000",84,29,111,"10,954,000",53,5,77,25,101,"660                        						
							km",102,"81,996                        						
							km",60,"29,000                        						
							bbl",61,"60,000                        						
							bbl",93,"100,000,000                        						
							bbl",66,"2,635,000,000                        						
							Cu.M",51,"2,635,000,000                        						
							Cu.M",73,"28,317,000,000                        						
							Cu.M",61,"0                        						
							Cu.M",106,"0                        						
							mt",130,"0                        						
							Cu.M",112,"322,463                        						
							km",67,"515                        						
							km",81,"3,458                        						
							km",57,"980                        						
							km",69
Madagascar,"29,452,714",53,"11,192,031",54,"7,952,233",51,"559,602",44,"13,500",118,0,119,"8,100",84,5,135,0,123,0,108,0,139,0,135,0,118,0,91,5,130,0,117,6,108,158,140,0,120,9,107,0,123,6,104,,,0,65,0,65,0,82,0,67,0,89,0,88,4,98,0,89,"$                        							112,210,000",139,"$                        							3,028,500,000",131,"$                        							51,255,000,000",119,"$                        							2,632,000,000",117,91,56,"15,830,000",40,13,51,29,98,"836                        						
							km",95,"31,640                        						
							km",94,"0                        						
							bbl",127,"19,000                        						
							bbl",125,"0                        						
							bbl",120,"0                        						
							Cu.M",121,"0                        						
							Cu.M",128,"0                        						
							Cu.M",121,"0                        						
							Cu.M",116,"511,000                        						
							mt",84,"150,000,000                        						
							Cu.M",67,"587,040                        						
							km",47,"4,828                        						
							km",25,"0                        						
							km",139,"600                        						
							km",80
Australia,"26,768,598",54,"11,242,811",53,"9,208,398",47,"294,455",70,"57,350",68,"32,050",68,0,120,327,31,24,57,62,12,38,24,98,27,30,9,6,12,69,51,22,29,59,78,"15,648",33,0,98,48,83,0,99,44,58,"185,648",18,0,13,2,5,6,18,3,12,7,20,0,48,10,76,3,38,"$                        							55,700,000,000",8,"$                        							3,427,504,300,000",8,"$                        							1,584,000,000,000",20,"$                        							61,703,000,000",39,"2,180",3,"14,501,000",44,66,12,604,30,"36,064                        						
							km",6,"873,573                        						
							km",9,"386,000                        						
							bbl",30,"1,123,000                        						
							bbl",20,"2,446,000,000                        						
							bbl",34,"153,783,000,000                        						
							Cu.M",7,"50,188,000,000                        						
							Cu.M",16,"3,228,000,000,000                        						
							Cu.M",12,"465,865,000                        						
							Cu.M",6,"107,624,000                        						
							mt",12,"150,227,000,000                        						
							Cu.M",3,"7,741,220                        						
							km",6,"25,760                        						
							km",6,"0                        						
							km",138,"2,000                        						
							km",44
Niger,"26,342,784",55,"7,902,835",65,"5,294,900",65,"447,827",50,"25,000",97,0,126,"5,000",98,26,108,0,131,2,66,7,77,0,139,2,66,0,105,13,111,1,77,0,138,456,132,0,131,0,134,0,129,0,137,,,0,137,0,137,0,137,0,137,0,137,0,137,0,137,0,137,"$                        							336,400,000",119,"$                        							3,844,000,000",126,"$                        							44,561,000,000",127,"$                        							1,442,772,000",125,26,116,"10,237,000",54,0,134,0,137,"0                        						
							km",137,"18,949                        						
							km",114,"6,000                        						
							bbl",86,"13,000                        						
							bbl",134,"150,000,000                        						
							bbl",58,"29,509,000                        						
							Cu.M",83,"29,858,000                        						
							Cu.M",107,"0                        						
							Cu.M",128,"457,000                        						
							Cu.M",65,"457,000                        						
							mt",87,"90,000,000                        						
							Cu.M",70,"1,267,000                        						
							km",21,"0                        						
							km",135,"5,834                        						
							km",28,"300                        						
							km",94
North Korea,"26,298,666",56,"9,467,520",57,"5,312,331",64,"420,779",52,"1,320,000",4,"560,000",12,"100,000",26,861,12,368,5,114,5,1,125,173,14,0,126,0,107,205,23,20,31,"4,344",4,"18,288",28,"1,300",4,700,12,"1,500",4,207,13,"143,304",21,0,78,0,78,13,8,0,79,2,45,4,28,155,4,1,53,"$                        							4,736,000,000",51,"$                        							5,500,000,000",119,"$                        							72,000,000,000",102,"$                        							5,500,000,000",93,83,62,"15,837,000",39,10,56,264,48,"7,435                        						
							km",28,"25,554                        						
							km",101,"0                        						
							bbl",135,"17,000                        						
							bbl",127,"0                        						
							bbl",129,"0                        						
							Cu.M",129,"0                        						
							Cu.M",136,"0                        						
							Cu.M",129,"21,747,000                        						
							Cu.M",20,"21,747,000                        						
							mt",24,"10,600,000,000                        						
							Cu.M",13,"120,538                        						
							km",94,"2,495                        						
							km",38,"1,607                        						
							km",97,"2,250                        						
							km",40
Syria,"23,865,423",57,"15,273,871",45,"13,245,310",40,"668,232",35,"170,000",32,"50,000",58,"50,000",47,207,45,104,20,9,51,3,114,15,80,1,78,0,132,77,49,14,40,365,32,"11,148",39,90,38,641,16,204,22,27,74,,,0,104,0,105,0,108,0,105,0,108,0,109,16,66,4,37,"$                        							291,850,000",124,"$                        							4,309,500,000",122,"$                        							55,935,900,000",116,"$                        							341,962,500",138,39,99,"6,315,000",71,3,97,24,103,"2,052                        						
							km",73,"69,873                        						
							km",69,"75,000                        						
							bbl",47,"138,000                        						
							bbl",69,"2,500,000,000                        						
							bbl",29,"3,085,000,000                        						
							Cu.M",50,"3,084,000,000                        						
							Cu.M",66,"240,693,000,000                        						
							Cu.M",37,"0                        						
							Cu.M",139,"47,000                        						
							mt",104,"0                        						
							Cu.M",141,"187,437                        						
							km",84,"193                        						
							km",102,"2,363                        						
							km",77,"900                        						
							km",71
Taiwan,"23,595,274",58,"12,269,542",50,"1,061,787",129,"306,739",68,"215,000",24,"2,310,000",3,"55,000",38,761,13,285,8,0,137,19,41,232,10,18,22,0,133,236,20,91,8,888,19,"19,921",23,488,12,"1,360",7,234,20,97,38,"250,414",12,0,105,0,106,4,31,4,10,22,2,7,17,37,33,14,9,"$                        							19,740,000,000",23,"$                        							209,000,000,000",39,"$                        							1,257,300,000,000",27,"$                        							492,635,000,000",7,53,82,"11,498,000",52,8,62,465,37,"1,613                        						
							km",81,"43,206                        						
							km",86,"800                        						
							bbl",96,"1,022,000                        						
							bbl",22,"2,380,000                        						
							bbl",92,"63,747,000                        						
							Cu.M",75,"21,157,000,000                        						
							Cu.M",35,"6,230,000,000                        						
							Cu.M",77,"5,608,000                        						
							Cu.M",33,"66,855,000                        						
							mt",15,"1,000,000                        						
							Cu.M",83,"35,980                        						
							km",128,"1,566                        						
							km",57,"0                        						
							km",145,"0                        						
							km",138
Burkina Faso,"23,042,199",59,"8,525,614",61,"6,060,098",62,"368,675",59,"12,000",122,0,103,"4,500",103,25,109,0,100,3,65,2,115,0,123,2,58,0,50,18,101,5,61,0,118,491,130,0,105,8,109,9,88,0,124,,,0,124,0,124,0,124,0,124,0,124,0,124,0,124,0,124,"$                        							81,280,000",142,"$                        							3,145,000,000",130,"$                        							57,152,000,000",114,"$                        							47,138,000",144,49,85,"8,577,000",63,0,119,0,129,"622                        						
							km",106,"15,304                        						
							km",120,"0                        						
							bbl",114,"36,000                        						
							bbl",108,"0                        						
							bbl",102,"0                        						
							Cu.M",101,"0                        						
							Cu.M",115,"0                        						
							Cu.M",101,"0                        						
							Cu.M",85,"0                        						
							mt",123,"0                        						
							Cu.M",92,"274,200                        						
							km",73,"0                        						
							km",121,"3,611                        						
							km",55,"0                        						
							km",109
Mali,"21,990,607",60,"6,817,088",71,"4,288,168",69,"351,850",61,"40,000",84,0,120,"4,800",102,43,93,9,80,12,45,7,75,4,107,1,73,0,92,10,118,8,52,10,106,570,126,0,122,10,106,20,74,0,133,,,0,133,0,133,0,133,0,133,0,133,0,133,0,133,0,133,"$                        							650,386,000",100,"$                        							4,057,500,000",125,"$                        							57,235,000,000",113,"$                        							647,800,000",133,30,110,"8,277,000",65,0,130,0,135,"593                        						
							km",107,"139,107                        						
							km",38,"0                        						
							bbl",128,"46,000                        						
							bbl",102,"0                        						
							bbl",121,"0                        						
							Cu.M",122,"0                        						
							Cu.M",129,"0                        						
							Cu.M",122,"0                        						
							Cu.M",117,"0                        						
							mt",133,"0                        						
							Cu.M",122,"1,240,192                        						
							km",23,"0                        						
							km",131,"7,908                        						
							km",11,"1,800                        						
							km",45
Sri Lanka,"21,982,608",61,"10,551,652",55,"8,551,235",50,"307,757",66,"346,000",17,"90,000",46,0,143,85,77,5,84,0,133,14,49,8,101,3,52,0,128,55,61,9,49,44,91,"3,190",81,0,140,96,65,28,56,270,8,"27,136",45,0,100,0,101,0,105,0,101,5,35,0,106,59,22,0,110,"$                        							1,265,400,000",82,"$                        							46,409,500,000",64,"$                        							287,132,000,000",63,"$                        							3,450,700,000",109,18,122,"8,707,000",62,6,75,96,70,"1,562                        						
							km",82,"114,093                        						
							km",44,"0                        						
							bbl",142,"121,000                        						
							bbl",74,"0                        						
							bbl",139,"0                        						
							Cu.M",138,"0                        						
							Cu.M",141,"0                        						
							Cu.M",139,"0                        						
							Cu.M",135,"2,084,000                        						
							mt",65,"0                        						
							Cu.M",137,"65,610                        						
							km",116,"1,340                        						
							km",60,"0                        						
							km",142,"160                        						
							km",98
Zambia,"20,799,116",62,"7,279,691",68,"4,139,024",70,"374,384",57,"15,150",115,0,144,"1,200",114,77,81,0,145,0,144,13,56,34,58,0,144,0,144,32,79,0,145,35,95,424,135,12,86,30,89,25,64,0,144,,,0,144,0,144,0,144,0,144,0,144,0,144,0,144,0,144,"$                        							394,240,000",113,"$                        							13,200,000,000",96,"$                        							76,493,000,000",101,"$                        							2,861,000,000",115,119,42,"7,051,000",67,0,144,2,120,"3,126                        						
							km",58,"67,671                        						
							km",70,"0                        						
							bbl",145,"34,000                        						
							bbl",112,"0                        						
							bbl",144,"0                        						
							Cu.M",144,"0                        						
							Cu.M",144,"0                        						
							Cu.M",144,"831,000                        						
							Cu.M",61,"823,000                        						
							mt",76,"944,999,000                        						
							Cu.M",45,"752,618                        						
							km",38,"0                        						
							km",144,"6,043                        						
							km",22,"0                        						
							km",144
Kazakhstan,"20,260,006",63,"9,117,003",59,"6,928,922",56,"283,640",71,"110,000",46,"135,000",35,"55,000",35,198,47,63,32,25,29,19,39,26,67,0,107,0,80,65,57,12,42,350,34,"7,736",50,126,29,194,45,287,14,26,75,,,0,56,0,56,0,73,0,58,0,80,0,80,23,51,2,44,"$                        							2,048,700,000",72,"$                        							91,321,500,000",53,"$                        							705,520,000,000",39,"$                        							35,965,000,000",52,132,38,"9,587,000",57,0,125,122,62,"16,636                        						
							km",16,"96,167                        						
							km",51,"1,955,000                        						
							bbl",13,"288,000                        						
							bbl",44,"30,000,000,000                        						
							bbl",12,"27,011,000,000                        						
							Cu.M",26,"22,623,000,000                        						
							Cu.M",34,"2,407,000,000,000                        						
							Cu.M",14,"118,195,000                        						
							Cu.M",9,"84,852,000                        						
							mt",13,"25,605,000,000                        						
							Cu.M",11,"2,724,900                        						
							km",9,"26                        						
							km",112,"13,364                        						
							km",5,"43,983                        						
							km",4
Chad,"19,093,595",64,"6,873,694",70,"3,856,906",80,"381,872",56,"33,250",88,0,107,"5,000",94,40,96,0,104,7,53,7,74,8,98,2,60,0,54,16,103,3,69,90,72,"3,316",80,10,87,10,105,20,73,0,126,,,0,126,0,126,0,126,0,126,0,126,0,126,0,126,0,126,"$                        							381,350,000",115,"$                        							2,038,000,000",139,"$                        							32,446,000,000",131,"$                        							211,591,000",140,42,93,"5,806,000",74,0,121,0,131,"0                        						
							km",133,"40,000                        						
							km",87,"124,000                        						
							bbl",40,"15,000                        						
							bbl",129,"1,500,000,000                        						
							bbl",37,"0                        						
							Cu.M",104,"0                        						
							Cu.M",118,"0                        						
							Cu.M",104,"0                        						
							Cu.M",88,"0                        						
							mt",126,"0                        						
							Cu.M",95,"1,284,000                        						
							km",20,"0                        						
							km",123,"6,406                        						
							km",21,"12,400                        						
							km",12
Senegal,"18,847,519",65,"7,162,057",69,"4,089,912",74,"395,798",54,"17,000",111,0,132,0,139,40,98,0,137,0,125,5,90,23,71,1,76,0,119,20,98,5,62,0,141,"1,740",100,0,136,20,96,6,94,4,111,,,0,92,0,93,0,100,0,93,0,100,0,99,4,101,0,106,"$                        							465,150,000",107,"$                        							11,326,000,000",101,"$                        							77,382,000,000",100,"$                        							889,295,000",130,19,120,"5,257,000",80,6,73,36,95,"906                        						
							km",93,"16,665                        						
							km",117,"9,000                        						
							bbl",79,"55,000                        						
							bbl",98,"0                        						
							bbl",133,"54,646,000                        						
							Cu.M",78,"54,498,000                        						
							Cu.M",105,"0                        						
							Cu.M",133,"0                        						
							Cu.M",130,"502,000                        						
							mt",85,"0                        						
							Cu.M",132,"196,722                        						
							km",83,"531                        						
							km",80,"2,684                        						
							km",68,"1,000                        						
							km",65
Chile,"18,664,652",66,"8,959,033",60,"7,521,855",55,"298,634",69,"80,000",58,"40,000",61,"50,000",41,277,35,45,37,0,83,32,27,92,29,21,20,5,17,87,41,0,95,386,30,"8,832",44,48,51,249,40,8,90,130,24,"176,065",19,0,27,0,27,4,26,0,30,8,18,0,58,40,31,0,66,"$                        							5,032,500,000",48,"$                        							214,500,000,000",36,"$                        							579,201,000,000",44,"$                        							46,377,000,000",45,374,17,"9,848,000",56,39,21,249,49,"7,282                        						
							km",29,"77,801                        						
							km",62,"11,000                        						
							bbl",75,"405,000                        						
							bbl",37,"150,000,000                        						
							bbl",57,"1,200,000,000                        						
							Cu.M",60,"6,916,000,000                        						
							Cu.M",54,"97,976,000,000                        						
							Cu.M",47,"499,000                        						
							Cu.M",64,"8,637,000                        						
							mt",37,"1,181,000,000                        						
							Cu.M",42,"756,102                        						
							km",37,"6,435                        						
							km",19,"7,801                        						
							km",12,"12,290                        						
							km",13
Ecuador,"18,309,984",67,"8,422,593",62,"6,738,074",57,"329,580",64,"41,250",81,"118,000",40,"1,500",113,102,71,0,106,0,86,20,38,34,56,8,36,0,61,46,64,0,100,54,81,"5,204",64,5,93,106,62,24,66,30,70,,,0,34,0,34,2,37,0,37,2,42,6,20,5,94,0,70,"$                        							2,376,000,000",67,"$                        							44,898,000,000",68,"$                        							260,213,000,000",66,"$                        							4,442,000,000",102,310,21,"8,893,000",61,6,69,154,56,"965                        						
							km",91,"43,950                        						
							km",85,"480,000                        						
							bbl",29,"225,000                        						
							bbl",51,"8,273,000,000                        						
							bbl",16,"309,778,000                        						
							Cu.M",68,"309,778,000                        						
							Cu.M",95,"10,902,000,000                        						
							Cu.M",71,"0                        						
							Cu.M",94,"21,000                        						
							mt",110,"24,000,000                        						
							Cu.M",76,"283,560                        						
							km",72,"2,237                        						
							km",46,"2,237                        						
							km",81,"1,500                        						
							km",54
Guatemala,"18,255,216",68,"7,484,639",66,"6,279,794",60,"182,552",76,"106,114",50,"90,000",45,"35,000",49,36,103,0,111,4,63,10,65,0,127,0,104,0,72,21,95,0,106,5,110,688,119,0,112,50,82,0,112,25,76,,,0,45,0,44,0,66,0,48,0,72,0,72,20,57,0,75,"$                        							408,635,000",112,"$                        							27,500,000,000",79,"$                        							223,183,000,000",71,"$                        							21,311,000,000",61,58,77,"7,258,000",66,3,94,9,113,"800                        						
							km",96,"17,440                        						
							km",116,"6,000                        						
							bbl",84,"115,000                        						
							bbl",76,"86,110,000                        						
							bbl",68,"3,276,000                        						
							Cu.M",92,"2,986,000                        						
							Cu.M",109,"0                        						
							Cu.M",110,"0                        						
							Cu.M",100,"1,296,000                        						
							mt",71,"0                        						
							Cu.M",107,"108,889                        						
							km",101,"400                        						
							km",90,"1,667                        						
							km",95,"990                        						
							km",68
Romania,"18,148,155",69,"9,437,041",58,"7,731,114",54,"199,630",74,"81,300",57,"55,000",56,"15,000",71,140,60,21,61,0,124,14,48,44,46,2,68,0,118,65,58,0,133,328,40,"10,774",41,0,135,720,11,243,19,20,82,,,0,90,0,90,0,98,0,91,3,39,7,15,3,104,5,26,"$                        							9,700,000,000",33,"$                        							132,000,000,000",45,"$                        							772,107,000,000",34,"$                        							73,000,000,000",35,82,63,"8,282,000",64,11,55,127,60,"10,628                        						
							km",22,"84,185                        						
							km",58,"67,000                        						
							bbl",50,"221,000                        						
							bbl",52,"600,000,000                        						
							bbl",41,"9,501,000,000                        						
							Cu.M",41,"10,055,000,000                        						
							Cu.M",47,"105,480,000,000                        						
							Cu.M",45,"18,160,000                        						
							Cu.M",21,"19,404,000                        						
							mt",25,"291,000,000                        						
							Cu.M",61,"238,391                        						
							km",79,"225                        						
							km",100,"2,844                        						
							km",64,"1,731                        						
							km",47
Netherlands,"17,772,378",70,"7,997,570",64,"6,486,918",59,"195,496",75,"41,380",80,"6,765",85,"5,000",97,120,65,32,48,0,116,4,101,21,74,0,124,0,102,63,60,12,43,18,103,"2,755",88,46,55,0,132,2,97,64,48,"124,962",24,0,74,0,74,3,33,0,75,6,32,0,92,4,99,4,35,"$                        							27,000,000,000",18,"$                        							4,779,954,300,000",5,"$                        							1,240,000,000,000",28,"$                        							69,830,000,000",37,45,89,"9,999,000",55,18,40,"1,187",17,"3,055                        						
							km",59,"139,124                        						
							km",37,"70,000                        						
							bbl",48,"872,000                        						
							bbl",25,"137,747,000                        						
							bbl",62,"17,774,000,000                        						
							Cu.M",33,"33,243,000,000                        						
							Cu.M",27,"132,608,000,000                        						
							Cu.M",43,"1,825,000                        						
							Cu.M",52,"10,610,000                        						
							mt",35,"3,247,000,000                        						
							Cu.M",25,"41,543                        						
							km",125,"451                        						
							km",84,"1,053                        						
							km",117,"6,237                        						
							km",24
Zimbabwe,"17,150,352",71,"6,517,134",72,"3,721,626",84,"360,157",60,"29,000",91,0,145,"21,800",60,95,74,13,68,0,145,14,50,40,50,0,145,0,145,28,85,6,60,15,104,828,116,0,145,0,145,0,145,0,145,,,0,145,0,145,0,145,0,145,0,145,0,145,0,145,0,145,"$                        							530,800,000",104,"$                        							11,000,000,000",103,"$                        							58,583,000,000",110,"$                        							115,530,000",143,144,36,"6,561,000",70,0,145,0,145,"3,427                        						
							km",56,"97,267                        						
							km",49,"800                        						
							bbl",97,"29,000                        						
							bbl",116,"0                        						
							bbl",145,"0                        						
							Cu.M",145,"0                        						
							Cu.M",145,"0                        						
							Cu.M",145,"3,877,000                        						
							Cu.M",39,"4,479,000                        						
							mt",50,"502,000,000                        						
							Cu.M",53,"390,757                        						
							km",59,"0                        						
							km",145,"3,229                        						
							km",60,"0                        						
							km",145
Cambodia,"17,063,669",72,"8,190,561",63,"5,733,393",63,"307,146",67,"221,000",23,0,104,"10,000",79,25,110,0,101,0,80,4,94,0,124,0,93,0,51,21,93,0,91,644,22,"3,627",77,30,66,430,29,463,10,20,81,,,0,24,0,24,0,52,0,27,0,60,0,55,20,55,0,63,"$                        							860,000,000",92,"$                        							13,200,000,000",97,"$                        							85,900,000,000",97,"$                        							17,801,000,000",62,13,127,"9,175,000",58,2,101,195,53,"642                        						
							km",105,"47,263                        						
							km",83,"0                        						
							bbl",115,"73,000                        						
							bbl",87,"0                        						
							bbl",103,"0                        						
							Cu.M",102,"0                        						
							Cu.M",116,"0                        						
							Cu.M",102,"113,000                        						
							Cu.M",73,"2,215,000                        						
							mt",63,"0                        						
							Cu.M",93,"181,035                        						
							km",85,"443                        						
							km",85,"2,530                        						
							km",72,"3,700                        						
							km",31
Benin,"14,697,052",73,"5,584,880",77,"3,189,260",90,"308,638",65,"4,750",137,0,100,0,124,5,133,0,96,0,75,0,128,0,120,0,87,0,43,5,129,0,85,0,116,92,144,0,101,16,98,0,103,2,113,,,0,19,0,20,0,48,0,22,0,57,0,52,2,106,0,60,"$                        							98,350,000",140,"$                        							4,066,500,000",124,"$                        							52,510,000,000",118,"$                        							698,900,000",132,10,133,"4,964,000",84,1,107,6,115,"438                        						
							km",112,"16,000                        						
							km",118,"0                        						
							bbl",110,"46,000                        						
							bbl",101,"8,000,000                        						
							bbl",90,"0                        						
							Cu.M",97,"182,131,000                        						
							Cu.M",100,"1,133,000,000                        						
							Cu.M",92,"0                        						
							Cu.M",83,"45,000                        						
							mt",105,"0                        						
							Cu.M",90,"112,622                        						
							km",96,"121                        						
							km",105,"2,123                        						
							km",83,"150                        						
							km",99
Somalia,"13,017,273",74,"2,993,973",103,"1,796,384",111,"130,173",86,"15,000",116,0,135,"2,000",111,0,145,0,140,0,130,0,143,0,143,0,133,0,124,0,145,0,137,0,143,682,120,0,139,0,139,0,138,10,97,,,0,97,0,98,0,104,0,98,0,104,0,103,10,79,0,109,"$                        							171,002,350",134,"$                        							5,830,000,000",117,"$                        							26,351,000,000",134,"$                        							16,747,500",145,38,102,"3,277,000",95,6,74,4,119,"0                        						
							km",142,"15,000                        						
							km",121,"0                        						
							bbl",141,"6,000                        						
							bbl",138,"0                        						
							bbl",137,"0                        						
							Cu.M",136,"0                        						
							Cu.M",139,"5,663,000,000                        						
							Cu.M",83,"0                        						
							Cu.M",133,"0                        						
							mt",140,"0                        						
							Cu.M",135,"637,657                        						
							km",44,"3,025                        						
							km",33,"2,385                        						
							km",76,"0                        						
							km",135
South Sudan,"12,703,714",75,"6,351,857",73,"4,065,188",75,"330,297",63,"185,000",29,0,136,0,142,20,119,0,141,0,132,5,91,0,144,0,135,0,126,15,107,6,57,30,100,"1,950",93,24,74,0,140,15,81,0,140,,,0,140,0,140,0,140,0,140,0,140,0,140,0,140,0,140,"$                        							175,300,000",133,"$                        							2,475,000,000",136,"$                        							20,010,000,000",137,"$                        							183,615,000",142,82,64,"4,471,000",90,0,138,0,141,"248                        						
							km",122,"90,200                        						
							km",55,"146,000                        						
							bbl",38,"14,000                        						
							bbl",133,"3,750,000,000                        						
							bbl",24,"0                        						
							Cu.M",137,"0                        						
							Cu.M",140,"0                        						
							Cu.M",138,"0                        						
							Cu.M",134,"0                        						
							mt",141,"0                        						
							Cu.M",136,"644,329                        						
							km",42,"0                        						
							km",140,"6,018                        						
							km",23,"0                        						
							km",137
Bolivia,"12,311,974",76,"5,417,269",78,"4,112,199",72,"233,928",72,"40,000",83,"40,000",60,0,126,64,86,0,98,0,77,15,45,19,75,0,89,0,45,33,75,0,87,54,80,890,113,0,103,106,61,0,105,67,44,,,0,20,0,21,0,49,0,23,0,58,0,53,50,27,0,61,"$                        							550,200,000",103,"$                        							11,431,000,000",100,"$                        							119,785,000,000",90,"$                        							1,800,000,000",121,200,31,"6,114,000",72,0,117,50,90,"3,690                        						
							km",52,"90,568                        						
							km",54,"58,000                        						
							bbl",53,"87,000                        						
							bbl",85,"240,900,000                        						
							bbl",51,"13,760,000,000                        						
							Cu.M",36,"3,055,000,000                        						
							Cu.M",67,"302,990,000,000                        						
							Cu.M",34,"0                        						
							Cu.M",84,"9,000                        						
							mt",114,"1,000,000                        						
							Cu.M",82,"1,098,581                        						
							km",27,"0                        						
							km",119,"7,252                        						
							km",14,"10,000                        						
							km",15
Tunisia,"12,048,847",77,"6,024,424",74,"5,181,004",66,"204,830",73,"89,800",56,0,138,"12,000",76,154,57,10,79,0,140,11,63,28,65,4,49,0,137,101,36,0,142,90,73,"7,913",47,0,143,85,68,0,144,58,52,,,0,108,0,108,0,111,0,108,0,110,0,111,51,25,0,114,"$                        							1,400,000,000",79,"$                        							27,084,500,000",81,"$                        							153,637,000,000",82,"$                        							9,240,000,000",79,14,126,"4,445,000",91,16,46,72,80,"2,173                        						
							km",70,"20,000                        						
							km",111,"35,000                        						
							bbl",58,"108,000                        						
							bbl",79,"425,000,000                        						
							bbl",47,"1,323,000,000                        						
							Cu.M",59,"5,153,000,000                        						
							Cu.M",57,"65,129,000,000                        						
							Cu.M",54,"0                        						
							Cu.M",140,"2,000                        						
							mt",117,"0                        						
							Cu.M",142,"163,610                        						
							km",88,"1,148                        						
							km",64,"1,495                        						
							km",106,"0                        						
							km",140
Belgium,"11,977,634",78,"4,910,830",85,"3,880,753",79,"119,776",89,"25,000",96,"6,400",86,0,122,108,69,43,39,0,73,7,73,38,51,0,86,0,41,20,97,0,83,0,114,"4,606",69,0,99,0,114,0,101,9,98,"10,190",47,0,17,0,18,0,46,0,20,2,41,0,50,2,105,5,24,"$                        							10,200,000,000",31,"$                        							1,449,264,300,000",15,"$                        							751,592,000,000",36,"$                        							40,813,000,000",49,49,84,"5,432,000",77,7,65,198,51,"3,602                        						
							km",55,"118,414                        						
							km",42,"11,000                        						
							bbl",74,"585,000                        						
							bbl",31,"0                        						
							bbl",98,"13,436,000                        						
							Cu.M",87,"15,347,000,000                        						
							Cu.M",42,"0                        						
							Cu.M",96,"1,270,000                        						
							Cu.M",58,"4,869,000                        						
							mt",49,"4,100,000,000                        						
							Cu.M",20,"30,528                        						
							km",130,"67                        						
							km",107,"1,297                        						
							km",108,"2,043                        						
							km",43
Jordan,"11,174,024",79,"3,463,947",97,"2,983,464",94,"145,262",83,"100,500",52,"65,000",52,"35,000",51,274,36,44,38,6,57,13,52,66,42,13,28,0,79,155,27,44,15,"1,458",12,"16,624",32,358,16,80,69,56,42,27,73,,,0,55,0,55,0,72,0,57,0,79,0,79,27,44,0,83,"$                        							2,500,000,000",65,"$                        							25,646,500,000",84,"$                        							106,806,000,000",92,"$                        							15,715,600,000",66,17,125,"3,063,000",102,1,109,34,96,"509                        						
							km",109,"7,203                        						
							km",135,"20                        						
							bbl",106,"97,000                        						
							bbl",82,"1,000,000                        						
							bbl",93,"187,262,000                        						
							Cu.M",71,"4,382,000,000                        						
							Cu.M",61,"6,031,000,000                        						
							Cu.M",79,"0                        						
							Cu.M",107,"479,000                        						
							mt",86,"0                        						
							Cu.M",113,"89,342                        						
							km",106,"26                        						
							km",111,"1,744                        						
							km",94,"0                        						
							km",117
Cuba,"10,966,038",80,"5,921,661",75,"4,737,328",68,"142,558",84,"45,500",75,"40,000",62,"1,145,000",3,31,107,11,73,0,85,4,95,3,109,0,96,0,56,13,109,4,64,113,66,"6,864",56,60,44,130,55,15,80,19,85,,,0,30,0,30,0,55,0,33,1,48,1,41,6,90,4,30,"$                        							4,508,784,000",54,"$                        							33,066,000,000",75,"$                        							141,400,000,000",84,"$                        							10,442,000,000",76,123,40,"5,317,000",78,34,27,65,82,"8,367                        						
							km",25,"60,000                        						
							km",75,"34,000                        						
							bbl",59,"165,000                        						
							bbl",61,"124,000,000                        						
							bbl",63,"659,434,000                        						
							Cu.M",62,"659,434,000                        						
							Cu.M",88,"70,792,000,000                        						
							Cu.M",53,"0                        						
							Cu.M",90,"2,000                        						
							mt",116,"0                        						
							Cu.M",97,"110,860                        						
							km",100,"3,735                        						
							km",28,"29                        						
							km",135,"240                        						
							km",95
Czechia,"10,837,890",81,"5,093,808",81,"4,129,236",71,"97,541",99,"28,000",92,"4,200",89,0,130,99,72,12,70,16,38,10,64,17,77,2,61,0,57,42,69,4,65,43,92,"6,340",60,50,47,0,119,16,78,0,127,,,0,127,0,127,0,127,0,127,0,127,0,127,0,127,0,127,"$                        							6,750,000,000",43,"$                        							211,200,000,000",37,"$                        							519,007,000,000",48,"$                        							148,379,000,000",21,243,27,"5,502,000",75,0,122,0,132,"9,548                        						
							km",23,"55,744                        						
							km",81,"4,000                        						
							bbl",89,"211,000                        						
							bbl",53,"15,000,000                        						
							bbl",82,"224,725,000                        						
							Cu.M",69,"7,602,000,000                        						
							Cu.M",52,"3,964,000,000                        						
							Cu.M",86,"37,423,000                        						
							Cu.M",15,"40,239,000                        						
							mt",16,"3,595,000,000                        						
							Cu.M",22,"78,867                        						
							km",110,"0                        						
							km",124,"2,046                        						
							km",85,"664                        						
							km",78
Dominican Republic,"10,815,857",82,"4,975,294",83,"4,034,315",76,"97,343",101,"50,000",73,0,108,"30,000",53,79,80,0,105,8,52,11,60,17,78,1,70,0,60,50,63,0,99,5,109,540,128,0,108,11,104,0,109,34,63,,,0,33,0,33,0,58,0,36,0,64,0,62,14,68,0,69,"$                        							810,800,000",93,"$                        							27,500,000,000",78,"$                        							261,616,000,000",65,"$                        							15,547,000,000",67,32,108,"5,302,000",79,17,43,40,92,"496                        						
							km",110,"19,705                        						
							km",112,"0                        						
							bbl",117,"134,000                        						
							bbl",70,"0                        						
							bbl",105,"0                        						
							Cu.M",105,"2,440,000,000                        						
							Cu.M",75,"0                        						
							Cu.M",105,"0                        						
							Cu.M",93,"2,188,000                        						
							mt",64,"0                        						
							Cu.M",99,"48,320                        						
							km",122,"1,288                        						
							km",62,"376                        						
							km",130,"0                        						
							km",111
Azerbaijan,"10,650,239",83,"5,218,617",80,"3,908,638",78,"159,754",78,"126,400",42,"300,000",23,"15,000",66,154,56,12,69,18,36,3,107,35,54,0,83,0,37,86,43,16,34,497,27,"7,642",51,198,21,650,15,268,16,38,60,,,0,14,0,15,4,23,0,17,0,55,0,49,17,63,4,29,"$                        							5,000,000,000",49,"$                        							16,159,500,000",92,"$                        							215,896,000,000",73,"$                        							13,749,000,000",70,32,109,"5,473,000",76,0,114,312,45,"2,944                        						
							km",60,"24,981                        						
							km",102,"618,000                        						
							bbl",27,"105,000                        						
							bbl",80,"7,000,000,000                        						
							bbl",19,"34,175,000,000                        						
							Cu.M",22,"11,759,000,000                        						
							Cu.M",44,"1,699,000,000,000                        						
							Cu.M",19,"0                        						
							Cu.M",79,"60,000                        						
							mt",103,"0                        						
							Cu.M",86,"86,600                        						
							km",107,"713                        						
							km",73,"2,468                        						
							km",74,"0                        						
							km",105
Portugal,"10,639,726",84,"5,319,863",79,"4,096,295",73,"127,677",87,"24,000",100,"211,700",27,"24,700",58,115,67,28,52,0,122,19,40,23,70,14,26,3,24,31,81,0,132,34,96,"10,828",40,24,73,115,58,0,135,194,15,"38,657",40,0,87,0,87,2,39,0,88,5,34,2,40,20,58,0,103,"$                        							4,627,000,000",52,"$                        							399,395,000,000",27,"$                        							529,901,000,000",47,"$                        							53,710,000,000",42,136,37,"5,140,900",81,18,41,996,19,"3,622                        						
							km",54,"136,635                        						
							km",40,"12,932                        						
							bbl",72,"191,000                        						
							bbl",57,"22,440,000                        						
							bbl",79,"0                        						
							Cu.M",133,"4,500,000,000                        						
							Cu.M",59,"72,000,000,000                        						
							Cu.M",52,"0                        						
							Cu.M",126,"0                        						
							mt",136,"40,000,000                        						
							Cu.M",74,"92,090                        						
							km",105,"1,793                        						
							km",52,"1,224                        						
							km",110,"764                        						
							km",76
Sweden,"10,589,835",85,"4,235,934",88,"3,558,185",87,"105,898",94,"24,400",99,"32,900",67,"25,000",56,169,51,71,29,0,135,6,83,33,60,5,44,1,30,53,62,0,139,110,67,"6,795",57,26,68,0,142,0,141,308,5,"31,673",42,0,103,0,104,4,30,0,104,0,107,7,16,179,3,8,15,"$                        							13,000,000,000",28,"$                        							1,002,448,700,000",18,"$                        							676,353,000,000",41,"$                        							60,863,000,000",40,203,29,"5,825,000",73,92,8,361,43,"10,910                        						
							km",21,"573,134                        						
							km",14,"11,000                        						
							bbl",77,"283,000                        						
							bbl",45,"0                        						
							bbl",140,"0                        						
							Cu.M",140,"889,924,000                        						
							Cu.M",84,"0                        						
							Cu.M",141,"1,115,000                        						
							Cu.M",60,"3,396,000                        						
							mt",53,"5,000,000                        						
							Cu.M",79,"450,295                        						
							km",55,"3,218                        						
							km",31,"2,211                        						
							km",82,"2,052                        						
							km",42
Greece,"10,461,091",86,"4,916,713",84,"3,985,676",77,"104,611",95,"142,700",40,"221,350",26,"55,000",34,558,19,178,16,0,94,15,46,81,32,8,37,0,71,293,14,29,26,"1,344",14,"61,888",9,589,11,698,13,152,28,192,16,"216,348",16,0,44,0,43,10,10,0,47,13,7,0,71,39,32,7,18,"$                        							6,500,000,000",44,"$                        							550,000,000,000",23,"$                        							375,780,000,000",54,"$                        							13,608,000,000",72,81,65,"4,645,000",88,57,15,"1,215",16,"2,345                        						
							km",67,"117,000                        						
							km",43,"5,000                        						
							bbl",87,"303,000                        						
							bbl",42,"10,000,000                        						
							bbl",88,"3,284,000                        						
							Cu.M",91,"5,173,000,000                        						
							Cu.M",56,"991,090,000                        						
							Cu.M",94,"13,703,000                        						
							Cu.M",27,"13,988,000                        						
							mt",29,"2,876,000,000                        						
							Cu.M",28,"131,957                        						
							km",92,"13,676                        						
							km",11,"1,110                        						
							km",113,"6                        						
							km",102
Tajikistan,"10,394,063",87,"4,781,269",86,"3,773,045",82,"176,699",77,"9,500",126,"600,000",11,"20,000",62,25,111,0,143,0,138,1,126,4,108,0,138,0,134,20,99,6,58,38,94,"1,240",106,3,94,13,101,20,75,0,142,,,0,142,0,142,0,142,0,142,0,142,0,142,0,142,0,142,"$                        							446,000,000",108,"$                        							7,150,000,000",112,"$                        							46,467,000,000",125,"$                        							2,748,900,000",116,19,119,"2,677,000",109,0,140,0,142,"680                        						
							km",101,"30,000                        						
							km",97,"300                        						
							bbl",102,"28,000                        						
							bbl",118,"12,000,000                        						
							bbl",87,"18,476,000                        						
							Cu.M",86,"85,567,000                        						
							Cu.M",102,"5,663,000,000                        						
							Cu.M",84,"2,175,000                        						
							Cu.M",50,"2,245,000                        						
							mt",62,"4,075,000,000                        						
							Cu.M",21,"144,100                        						
							km",91,"0                        						
							km",142,"4,130                        						
							km",51,"200                        						
							km",96
United Arab Emirates,"10,032,213",88,"5,818,684",76,"4,945,881",67,"80,258",105,"65,000",64,"130,000",38,"12,000",77,551,21,99,24,16,39,37,26,147,17,27,13,4,21,247,19,30,24,354,33,"8,707",46,165,22,99,64,49,45,181,18,"44,188",38,0,113,0,112,0,115,0,113,0,114,11,7,34,37,2,48,"$                        							2,212,360,382",70,"$                        							264,000,000,000",33,"$                        							719,733,000,000",38,"$                        							189,491,000,000",19,42,95,"6,668,000",69,20,38,655,29,"0                        						
							km",144,"4,080                        						
							km",140,"4,146,000                        						
							bbl",8,"939,000                        						
							bbl",23,"97,800,000,000                        						
							bbl",7,"56,683,000,000                        						
							Cu.M",15,"66,091,000,000                        						
							Cu.M",12,"6,091,000,000                        						
							Cu.M",78,"0                        						
							Cu.M",143,"3,273,000                        						
							mt",56,"0                        						
							Cu.M",143,"83,600                        						
							km",109,"1,318                        						
							km",61,"1,066                        						
							km",116,"0                        						
							km",142
Hungary,"9,855,745",89,"4,632,200",87,"3,794,462",81,"118,269",90,"41,600",79,"20,000",77,"15,000",68,69,83,12,71,0,95,3,110,12,87,0,105,0,74,44,68,8,51,209,54,"7,797",49,24,71,295,35,0,114,0,129,,,0,129,0,129,0,129,0,129,0,129,0,129,0,129,0,129,"$                        							4,576,000,000",53,"$                        							137,500,000,000",43,"$                        							388,906,000,000",53,"$                        							45,719,000,000",47,109,47,"5,006,000",82,0,124,1,122,"7,687                        						
							km",27,"203,601                        						
							km",27,"36,000                        						
							bbl",57,"175,000                        						
							bbl",59,"12,100,000                        						
							bbl",85,"1,523,000,000                        						
							Cu.M",57,"9,485,000,000                        						
							Cu.M",48,"3,738,000,000                        						
							Cu.M",88,"5,450,000                        						
							Cu.M",34,"6,180,000                        						
							mt",45,"2,909,000,000                        						
							Cu.M",27,"103,000                        						
							km",102,"0                        						
							km",126,"2,106                        						
							km",84,"1,622                        						
							km",49
Honduras,"9,529,188",90,"4,192,843",89,"3,144,632",92,"95,292",102,"52,225",70,"60,000",53,"23,000",59,40,97,4,86,7,54,10,66,10,92,1,72,0,73,8,121,0,107,11,105,614,125,0,113,32,87,0,113,98,37,,,0,46,0,45,0,67,0,49,0,73,0,73,93,14,0,76,"$                        							413,635,000",109,"$                        							8,805,500,000",107,"$                        							68,854,000,000",105,"$                        							7,543,000,000",85,129,39,"4,676,000",87,8,60,489,36,"699                        						
							km",98,"14,742                        						
							km",122,"20                        						
							bbl",105,"67,000                        						
							bbl",91,"0                        						
							bbl",110,"0                        						
							Cu.M",111,"0                        						
							Cu.M",121,"0                        						
							Cu.M",111,"0                        						
							Cu.M",101,"190,000                        						
							mt",92,"0                        						
							Cu.M",108,"112,090                        						
							km",97,"832                        						
							km",71,"1,575                        						
							km",101,"465                        						
							km",86
Belarus,"9,501,451",91,"5,035,769",82,"3,724,569",83,"104,516",96,"63,000",65,"145,000",33,"55,000",33,185,49,36,47,50,13,4,93,27,66,0,85,0,40,68,52,29,25,507,26,"6,916",55,357,17,215,42,206,21,0,121,,,0,121,0,121,0,121,0,121,0,121,0,121,0,121,0,121,"$                        							1,077,900,000",87,"$                        							44,000,000,000",71,"$                        							254,407,000,000",68,"$                        							8,118,000,000",83,46,88,"4,956,000",85,0,115,4,118,"5,528                        						
							km",33,"86,600                        						
							km",56,"30,000                        						
							bbl",60,"131,000                        						
							bbl",71,"198,000,000                        						
							bbl",53,"73,929,000                        						
							Cu.M",74,"16,683,000,000                        						
							Cu.M",41,"2,832,000,000                        						
							Cu.M",89,"0                        						
							Cu.M",81,"778,000                        						
							mt",79,"0                        						
							Cu.M",88,"207,600                        						
							km",81,"0                        						
							km",117,"3,599                        						
							km",56,"2,500                        						
							km",38
Israel,"9,402,617",92,"3,949,099",91,"3,281,513",89,"131,637",85,"170,000",33,"465,000",16,"35,000",50,611,16,240,10,38,17,13,51,159,16,19,21,14,5,147,29,48,14,"1,300",15,"35,985",15,352,18,171,47,183,25,62,49,"38,238",41,0,52,0,52,5,22,0,55,0,77,7,14,46,29,0,81,"$                        							30,500,000,000",17,"$                        							148,500,000,000",42,"$                        							471,030,000,000",51,"$                        							204,661,000,000",17,37,104,"4,554,000",89,5,76,41,91,"1,497                        						
							km",83,"20,391                        						
							km",109,"15,000                        						
							bbl",66,"230,000                        						
							bbl",48,"12,730,000                        						
							bbl",84,"22,886,000,000                        						
							Cu.M",28,"11,510,000,000                        						
							Cu.M",45,"176,018,000,000                        						
							Cu.M",40,"0                        						
							Cu.M",105,"6,476,000                        						
							mt",43,"0                        						
							Cu.M",111,"21,937                        						
							km",135,"273                        						
							km",98,"1,068                        						
							km",115,"0                        						
							km",116
Sierra Leone,"9,121,049",93,"2,006,631",121,"1,203,978",127,"45,605",127,"13,000",120,0,133,0,140,1,141,0,138,0,126,0,142,0,142,0,131,0,121,1,139,0,134,0,142,150,142,0,137,0,138,0,136,7,103,,,0,94,0,95,0,102,0,95,0,102,0,101,7,89,0,107,"$                        							228,600,000",129,"$                        							2,687,000,000",135,"$                        							14,633,000,000",139,"$                        							495,699,000",135,8,136,"2,913,000",104,3,96,584,32,"0                        						
							km",140,"11,701                        						
							km",129,"0                        						
							bbl",138,"9,000                        						
							bbl",136,"0                        						
							bbl",134,"0                        						
							Cu.M",134,"0                        						
							Cu.M",138,"0                        						
							Cu.M",134,"0                        						
							Cu.M",131,"0                        						
							mt",139,"0                        						
							Cu.M",133,"71,740                        						
							km",113,"402                        						
							km",88,"1,093                        						
							km",114,"800                        						
							km",75
Austria,"8,967,982",94,"4,035,592",90,"3,632,033",86,"98,648",98,"16,000",112,"125,600",39,0,121,85,76,15,64,0,70,11,59,18,76,0,82,0,36,41,70,0,81,56,79,"7,322",52,30,65,0,113,0,100,0,120,,,0,120,0,120,0,120,0,120,0,120,0,120,0,120,0,120,"$                        							5,475,750,000",47,"$                        							630,000,000,000",21,"$                        							590,354,000,000",43,"$                        							31,212,000,000",55,61,76,"4,825,000",86,0,113,1,121,"6,123                        						
							km",31,"137,039                        						
							km",39,"18,000                        						
							bbl",65,"245,000                        						
							bbl",47,"35,200,000                        						
							bbl",75,"618,209,000                        						
							Cu.M",63,"8,136,000,000                        						
							Cu.M",50,"5,040,000,000                        						
							Cu.M",85,"1,271,000                        						
							Cu.M",57,"5,026,000                        						
							mt",48,"0                        						
							Cu.M",85,"83,871                        						
							km",108,"0                        						
							km",116,"2,524                        						
							km",73,"358                        						
							km",91
Switzerland,"8,860,574",95,"3,898,653",93,"3,163,225",91,"97,466",100,"101,584",51,"49,715",59,"5,000",100,146,58,43,42,0,136,16,44,44,47,3,53,0,131,40,71,0,140,205,55,"6,996",54,133,28,0,143,0,142,0,141,,,0,141,0,141,0,141,0,141,0,141,0,141,0,141,0,141,"$                        							25,039,000,000",20,"$                        							2,200,000,000,000",13,"$                        							733,779,000,000",37,"$                        							863,892,000,000",3,62,75,"4,991,000",83,0,139,17,105,"5,296                        						
							km",35,"71,557                        						
							km",66,"300                        						
							bbl",101,"193,000                        						
							bbl",56,"0                        						
							bbl",141,"0                        						
							Cu.M",141,"3,138,000,000                        						
							Cu.M",65,"0                        						
							Cu.M",142,"0                        						
							Cu.M",138,"161,000                        						
							mt",97,"0                        						
							Cu.M",140,"41,277                        						
							km",126,"0                        						
							km",141,"1,770                        						
							km",93,"1,292                        						
							km",58
Laos,"7,953,556",96,"3,499,565",96,"2,521,277",99,"159,071",79,"100,000",53,"30,000",70,"120,000",19,33,106,0,117,0,103,2,120,8,100,0,111,0,84,23,89,0,111,160,61,"4,380",71,40,58,87,67,64,40,36,62,,,0,59,0,59,0,76,0,61,0,83,0,83,36,34,0,86,"$                        							135,000,000",138,"$                        							16,500,000,000",91,"$                        							64,173,000,000",108,"$                        							1,770,000,000",122,18,123,"3,174,000",98,0,128,1,123,"422                        						
							km",117,"39,568                        						
							km",88,"0                        						
							bbl",123,"24,000                        						
							bbl",121,"0                        						
							bbl",115,"0                        						
							Cu.M",115,"0                        						
							Cu.M",125,"0                        						
							Cu.M",115,"14,845,000                        						
							Cu.M",24,"13,691,000                        						
							mt",30,"62,000,000                        						
							Cu.M",72,"236,800                        						
							km",80,"0                        						
							km",129,"5,274                        						
							km",32,"4,600                        						
							km",27
Paraguay,"7,522,549",97,"3,535,598",95,"3,001,497",93,"150,451",80,"15,650",113,"168,500",30,"15,000",70,39,99,0,135,0,121,11,62,13,86,1,75,0,112,14,108,0,131,0,140,"1,108",110,0,134,25,94,0,133,72,41,,,0,83,0,83,0,94,0,84,0,97,0,97,63,18,0,100,"$                        							17,595,000,000",24,"$                        							14,370,000,000",93,"$                        							108,022,000,000",91,"$                        							9,886,000,000",78,83,61,"3,469,000",93,1,110,108,67,"30                        						
							km",126,"78,811                        						
							km",61,"2,000                        						
							bbl",93,"57,000                        						
							bbl",97,"0                        						
							bbl",132,"0                        						
							Cu.M",132,"0                        						
							Cu.M",137,"0                        						
							Cu.M",132,"0                        						
							Cu.M",125,"1,000                        						
							mt",118,"0                        						
							Cu.M",128,"406,752                        						
							km",58,"0                        						
							km",137,"4,655                        						
							km",39,"3,100                        						
							km",35
Libya,"7,361,263",98,"3,827,857",94,"3,290,485",88,"125,141",88,"32,000",89,0,117,"100,000",24,143,59,10,78,1,67,6,82,38,52,0,115,0,88,16,104,4,66,43,93,"1,816",98,15,81,28,90,25,61,5,108,,,0,63,0,63,0,80,0,65,0,87,1,42,1,110,1,52,"$                        							3,060,000,000",60,"$                        							3,322,000,000",129,"$                        							121,951,000,000",89,"$                        							92,427,000,000",32,66,72,"2,398,000",113,14,50,96,69,"2,000                        						
							km",74,"37,000                        						
							km",90,"1,245,000                        						
							bbl",17,"230,000                        						
							bbl",49,"48,363,000,000                        						
							bbl",9,"11,832,000,000                        						
							Cu.M",38,"9,212,000,000                        						
							Cu.M",49,"1,505,000,000,000                        						
							Cu.M",21,"0                        						
							Cu.M",113,"0                        						
							mt",132,"0                        						
							Cu.M",119,"1,759,540                        						
							km",16,"1,770                        						
							km",53,"4,339                        						
							km",46,"0                        						
							km",123
Bulgaria,"6,782,659",99,"3,187,850",100,"2,611,324",97,"61,044",118,"37,000",85,"3,000",91,0,129,65,85,10,76,5,60,6,79,21,73,0,92,0,49,27,86,4,63,90,71,"4,914",68,48,50,24,95,24,65,36,61,,,0,23,0,23,0,51,0,26,4,36,3,30,0,112,10,13,"$                        							1,373,232,000",80,"$                        							27,138,500,000",80,"$                        							214,061,000,000",74,"$                        							46,334,000,000",46,111,46,"3,103,000",99,2,100,78,75,"4,029                        						
							km",45,"19,512                        						
							km",113,"4,000                        						
							bbl",88,"101,000                        						
							bbl",81,"15,000,000                        						
							bbl",81,"20,837,000                        						
							Cu.M",84,"2,801,000,000                        						
							Cu.M",71,"5,663,000,000                        						
							Cu.M",81,"35,516,000                        						
							Cu.M",16,"35,970,000                        						
							mt",20,"2,366,000,000                        						
							Cu.M",30,"110,880                        						
							km",99,"354                        						
							km",94,"1,806                        						
							km",92,"470                        						
							km",85
Nicaragua,"6,676,948",100,"3,271,705",98,"2,777,610",95,"146,893",81,"45,000",76,0,125,"5,500",91,17,123,0,130,0,118,5,89,1,116,0,125,0,104,11,115,0,127,89,74,"1,869",94,0,130,0,133,0,128,23,79,,,0,76,0,76,0,90,0,77,0,94,0,94,23,52,0,97,"$                        							92,000,000",141,"$                        							9,053,000,000",105,"$                        							51,088,000,000",120,"$                        							5,447,000,000",95,39,100,"3,264,000",96,5,80,5,117,"0                        						
							km",136,"23,897                        						
							km",104,"200                        						
							bbl",103,"36,000                        						
							bbl",110,"0                        						
							bbl",128,"0                        						
							Cu.M",128,"0                        						
							Cu.M",135,"0                        						
							Cu.M",127,"0                        						
							Cu.M",122,"0                        						
							mt",135,"0                        						
							Cu.M",125,"130,370                        						
							km",93,"910                        						
							km",67,"1,253                        						
							km",109,"2,220                        						
							km",41
Serbia,"6,652,212",101,"3,259,584",99,"2,574,406",98,"79,827",106,"25,000",94,"2,000",93,"600,000",5,110,68,11,75,17,37,3,113,33,59,0,130,0,120,46,65,4,68,262,46,"3,683",76,90,37,150,51,98,37,20,83,,,0,93,0,94,0,101,0,94,0,101,0,100,7,88,5,27,"$                        							2,287,461,000",68,"$                        							35,200,000,000",74,"$                        							162,213,000,000",78,"$                        							27,569,000,000",56,43,90,"3,333,000",94,0,136,0,139,"3,333                        						
							km",57,"44,248                        						
							km",84,"13,000                        						
							bbl",71,"82,000                        						
							bbl",86,"77,500,000                        						
							bbl",69,"353,376,000                        						
							Cu.M",67,"2,939,000,000                        						
							Cu.M",68,"48,139,000,000                        						
							Cu.M",57,"35,129,000                        						
							Cu.M",17,"38,297,000                        						
							mt",17,"7,514,000,000                        						
							Cu.M",16,"77,474                        						
							km",111,"0                        						
							km",138,"2,322                        						
							km",79,"587                        						
							km",81
El Salvador,"6,628,702",102,"3,181,777",101,"2,512,278",100,"145,831",82,"25,000",95,"10,000",83,"15,000",67,52,88,0,107,15,41,4,97,10,90,0,98,0,63,30,82,0,101,0,122,"1,844",96,0,109,76,70,0,110,14,92,,,0,36,0,35,0,59,0,39,0,65,0,63,10,78,0,71,"$                        							334,620,000",120,"$                        							14,258,000,000",94,"$                        							71,957,000,000",103,"$                        							3,799,434,000",104,27,113,"2,870,000",106,3,92,5,116,"13                        						
							km",127,"9,012                        						
							km",132,"3                        						
							bbl",107,"58,000                        						
							bbl",95,"0                        						
							bbl",106,"0                        						
							Cu.M",106,"226,472                        						
							Cu.M",111,"0                        						
							Cu.M",106,"0                        						
							Cu.M",95,"500                        						
							mt",119,"0                        						
							Cu.M",100,"21,041                        						
							km",136,"307                        						
							km",96,"590                        						
							km",124,"422                        						
							km",89
Eritrea,"6,343,956",103,"2,220,385",113,"1,598,677",115,"76,127",108,"120,000",44,"130,000",37,0,131,20,117,1,92,0,87,5,86,1,114,0,99,0,64,13,110,6,56,65,76,860,115,23,75,75,71,22,68,23,77,,,0,37,0,36,0,60,0,40,0,66,0,64,18,61,0,72,"$                        							198,000,000",132,"$                        							635,504,500",145,"$                        							9,702,000,000",142,"$                        							225,014,976",139,10,134,"1,800,000",120,2,102,9,112,"306                        						
							km",119,"16,000                        						
							km",119,"0                        						
							bbl",118,"4,000                        						
							bbl",140,"0                        						
							bbl",107,"0                        						
							Cu.M",107,"0                        						
							Cu.M",119,"0                        						
							Cu.M",107,"0                        						
							Cu.M",96,"0                        						
							mt",127,"0                        						
							Cu.M",101,"117,600                        						
							km",95,"2,234                        						
							km",47,"1,840                        						
							km",89,"0                        						
							km",112
Kyrgyzstan,"6,172,101",104,"3,147,772",102,"2,487,357",101,"117,270",91,"23,000",103,"300,000",24,"55,000",36,7,129,0,116,0,102,0,135,0,130,0,110,0,83,7,124,2,72,215,53,"2,686",89,30,67,169,48,21,70,0,131,,,0,131,0,131,0,131,0,131,0,131,0,131,0,131,0,131,"$                        							221,800,000",130,"$                        							6,728,500,000",113,"$                        							45,461,000,000",126,"$                        							3,237,000,000",110,28,112,"3,069,000",100,0,127,0,134,"424                        						
							km",116,"34,000                        						
							km",92,"6,000                        						
							bbl",85,"31,000                        						
							bbl",114,"40,000,000                        						
							bbl",74,"31,026,000                        						
							Cu.M",82,"438,000,000                        						
							Cu.M",91,"5,663,000,000                        						
							Cu.M",82,"3,637,000                        						
							Cu.M",41,"3,352,000                        						
							mt",55,"28,499,000,000                        						
							Cu.M",10,"199,951                        						
							km",82,"0                        						
							km",128,"4,573                        						
							km",41,"576                        						
							km",83
Republic of the Congo,"6,097,665",105,"2,256,136",112,"1,353,682",120,"115,856",92,"8,500",129,0,130,"2,500",108,13,125,2,88,0,123,4,103,0,141,0,129,0,117,7,127,1,78,30,99,644,123,2,95,38,85,30,54,4,110,,,0,89,0,89,0,97,0,90,0,99,0,98,0,115,0,105,"$                        							306,400,000",123,"$                        							5,741,000,000",118,"$                        							38,163,000,000",130,"$                        							715,391,000",131,56,80,"2,461,000",112,5,81,11,111,"510                        						
							km",108,"23,324                        						
							km",105,"267,000                        						
							bbl",33,"12,000                        						
							bbl",135,"2,885,000,000                        						
							bbl",28,"423,000,000                        						
							Cu.M",65,"423,000,000                        						
							Cu.M",92,"283,990,000,000                        						
							Cu.M",36,"0                        						
							Cu.M",128,"0                        						
							mt",138,"0                        						
							Cu.M",130,"342,000                        						
							km",62,"169                        						
							km",103,"5,008                        						
							km",36,"1,120                        						
							km",62
Singapore,"6,028,459",106,"3,918,498",92,"2,628,408",96,"66,313",112,"51,000",71,"252,500",25,"12,000",75,230,42,100,23,0,127,9,69,36,53,9,35,11,6,70,50,18,32,170,60,"8,998",42,48,52,89,66,24,67,50,55,"81,340",32,0,95,0,96,6,21,0,96,6,33,6,23,12,73,4,36,"$                        							15,000,000,000",26,"$                        							1,713,410,600,000",14,"$                        							754,758,000,000",35,"$                        							359,835,000,000",10,9,135,"3,619,000",92,5,82,"3,202",7,"0                        						
							km",141,"3,500                        						
							km",142,"0                        						
							bbl",139,"1,470,000                        						
							bbl",15,"0                        						
							bbl",135,"0                        						
							Cu.M",135,"13,724,000,000                        						
							Cu.M",43,"0                        						
							Cu.M",135,"0                        						
							Cu.M",132,"784,000                        						
							mt",78,"0                        						
							Cu.M",134,"719                        						
							km",145,"193                        						
							km",101,"0                        						
							km",136,"0                        						
							km",134
Denmark,"5,973,136",107,"2,628,180",107,"2,126,436",105,"77,651",107,"20,000",107,"12,000",82,"51,000",40,117,66,31,49,4,62,4,96,41,48,3,50,0,59,34,74,0,98,44,89,"3,856",75,19,78,0,120,8,91,50,54,"121,180",26,0,32,0,32,0,57,0,35,9,14,0,61,9,81,6,20,"$                        							7,225,466,250",40,"$                        							555,500,000,000",22,"$                        							428,385,000,000",52,"$                        							109,371,000,000",28,99,53,"3,180,000",97,69,10,715,27,"2,682                        						
							km",62,"74,558                        						
							km",65,"63,000                        						
							bbl",52,"152,000                        						
							bbl",65,"441,000,000                        						
							bbl",46,"1,879,000,000                        						
							Cu.M",55,"2,208,000,000                        						
							Cu.M",78,"29,534,000,000                        						
							Cu.M",60,"0                        						
							Cu.M",92,"1,788,000                        						
							mt",66,"0                        						
							Cu.M",98,"43,094                        						
							km",124,"7,314                        						
							km",16,"140                        						
							km",133,"400                        						
							km",90
Turkmenistan,"5,744,151",108,"2,768,681",105,"2,245,963",103,"109,139",93,"36,500",86,0,139,"3,500",105,91,75,24,59,27,27,5,92,9,97,0,140,0,138,26,88,10,46,654,21,"5,016",67,73,40,450,28,164,27,16,90,,,0,110,0,109,0,112,0,110,0,111,0,112,16,67,0,115,"$                        							1,078,020,000",86,"$                        							2,134,500,000",138,"$                        							94,790,000,000",95,"$                        							23,415,400,000",58,23,118,"2,163,000",115,0,141,73,78,"5,113                        						
							km",36,"58,592                        						
							km",77,"272,000                        						
							bbl",32,"152,000                        						
							bbl",66,"600,000,000                        						
							bbl",42,"86,472,000,000                        						
							Cu.M",11,"41,561,000,000                        						
							Cu.M",23,"11,327,000,000,000                        						
							Cu.M",5,"0                        						
							Cu.M",141,"0                        						
							mt",144,"800,000,000                        						
							Cu.M",47,"488,100                        						
							km",53,"1,768                        						
							km",54,"4,158                        						
							km",50,"1,300                        						
							km",56
Central African Republic,"5,650,957",109,"2,203,873",116,"1,254,512",125,"101,717",97,"10,000",124,0,106,"1,000",115,6,132,0,103,6,55,0,131,0,125,0,94,0,53,0,140,0,94,0,120,228,138,0,107,0,118,0,107,0,125,,,0,125,0,125,0,125,0,125,0,125,0,125,0,125,0,125,"$                        							45,990,000",143,"$                        							666,293,000",144,"$                        							5,849,000,000",144,"$                        							374,405,000",137,43,91,"2,114,000",116,0,120,0,130,"0                        						
							km",132,"24,000                        						
							km",103,"0                        						
							bbl",116,"2,000                        						
							bbl",145,"0                        						
							bbl",104,"0                        						
							Cu.M",103,"0                        						
							Cu.M",117,"0                        						
							Cu.M",103,"0                        						
							Cu.M",87,"0                        						
							mt",125,"3,000,000                        						
							Cu.M",80,"622,984                        						
							km",45,"0                        						
							km",122,"5,920                        						
							km",26,"2,800                        						
							km",37
Finland,"5,626,414",110,"2,306,830",111,"1,912,981",109,"56,264",120,"24,000",101,"870,000",9,"53,800",39,163,53,54,36,0,90,11,61,77,34,1,71,0,67,27,87,0,103,200,56,"11,704",37,107,31,667,14,76,39,264,9,"19,434",46,0,39,0,38,0,62,0,42,0,68,0,66,8,84,18,5,"$                        							6,779,661,000",42,"$                        							660,000,000,000",20,"$                        							321,126,000,000",57,"$                        							16,929,000,000",64,98,54,"2,880,000",105,37,23,282,46,"5,918                        						
							km",32,"454,000                        						
							km",17,"8,000                        						
							bbl",80,"175,000                        						
							bbl",58,"0                        						
							bbl",109,"0                        						
							Cu.M",110,"1,157,000,000                        						
							Cu.M",83,"0                        						
							Cu.M",109,"808,000                        						
							Cu.M",62,"4,141,000                        						
							mt",51,"0                        						
							Cu.M",104,"338,145                        						
							km",63,"1,250                        						
							km",63,"2,563                        						
							km",71,"8,000                        						
							km",20
Slovakia,"5,563,649",111,"2,837,461",104,"2,353,424",102,"61,200",117,"19,500",108,0,134,0,141,41,95,2,89,0,128,7,78,9,96,1,77,0,122,22,92,0,135,45,88,"3,074",82,35,64,9,108,25,63,0,139,,,0,139,0,139,0,139,0,139,0,139,0,139,0,139,0,139,"$                        							2,656,000,000",64,"$                        							127,600,000,000",46,"$                        							213,053,000,000",75,"$                        							11,288,000,000",75,114,45,"2,823,000",107,0,137,0,140,"3,627                        						
							km",53,"56,926                        						
							km",80,"7,000                        						
							bbl",83,"94,000                        						
							bbl",83,"9,000,000                        						
							bbl",89,"52,556,000                        						
							Cu.M",79,"60,424,000                        						
							Cu.M",104,"14,158,000,000                        						
							Cu.M",69,"2,343,000                        						
							Cu.M",49,"5,794,000                        						
							mt",46,"19,000,000                        						
							Cu.M",77,"49,035                        						
							km",121,"0                        						
							km",139,"1,587                        						
							km",100,"172                        						
							km",97
Norway,"5,509,733",112,"2,203,893",115,"1,807,192",110,"71,627",110,"23,250",102,0,128,"40,000",48,97,73,0,133,32,23,4,102,23,68,5,43,0,109,33,77,0,128,44,90,"6,552",59,42,57,0,135,0,130,43,59,"65,692",36,0,79,0,79,6,20,0,80,4,37,6,22,18,62,5,25,"$                        							9,710,000,000",32,"$                        							716,144,000,000",19,"$                        							499,528,000,000",50,"$                        							80,459,000,000",34,145,35,"3,009,000",103,141,5,"1,720",14,"3,848                        						
							km",49,"94,902                        						
							km",52,"2,020,000                        						
							bbl",12,"229,000                        						
							bbl",50,"8,122,200,000                        						
							bbl",17,"123,727,000,000                        						
							Cu.M",8,"4,548,000,000                        						
							Cu.M",58,"1,544,455,000,000                        						
							Cu.M",20,"117,000                        						
							Cu.M",72,"1,201,000                        						
							mt",72,"2,000,000                        						
							Cu.M",81,"323,802                        						
							km",66,"25,148                        						
							km",7,"2,566                        						
							km",70,"1,577                        						
							km",53
Liberia,"5,437,249",113,"2,392,390",109,"1,913,912",108,"65,247",113,"1,500",141,0,116,"5,500",89,0,144,0,120,0,105,0,138,0,132,0,114,0,87,0,143,0,114,0,130,300,136,0,118,0,130,0,120,4,109,,,0,62,0,62,0,79,0,64,0,86,0,86,4,97,0,88,"$                        							364,800,000",117,"$                        							830,923,000",143,"$                        							8,884,000,000",143,"$                        							599,660,000",134,99,52,"2,499,000",110,4,86,"4,821",5,"429                        						
							km",114,"10,600                        						
							km",130,"0                        						
							bbl",125,"4,000                        						
							bbl",141,"0                        						
							bbl",118,"0                        						
							Cu.M",118,"0                        						
							Cu.M",127,"0                        						
							Cu.M",118,"0                        						
							Cu.M",112,"0                        						
							mt",131,"0                        						
							Cu.M",118,"111,369                        						
							km",98,"579                        						
							km",76,"1,667                        						
							km",96,"0                        						
							km",122
Lebanon,"5,364,482",114,"2,092,148",118,"1,775,644",113,"69,738",111,"60,000",66,"35,000",65,"65,000",31,80,79,0,119,9,50,0,137,9,95,0,113,0,86,68,53,0,113,116,65,"4,538",70,12,83,353,32,11,85,64,47,,,0,61,0,61,0,78,0,63,0,85,0,85,61,21,0,87,"$                        							768,250,325",97,"$                        							36,928,000,000",73,"$                        							65,818,000,000",107,"$                        							26,498,095,000",57,8,137,"1,771,000",122,5,79,51,89,"401                        						
							km",118,"21,705                        						
							km",107,"0                        						
							bbl",124,"174,000                        						
							bbl",60,"0                        						
							bbl",117,"0                        						
							Cu.M",117,"0                        						
							Cu.M",126,"0                        						
							Cu.M",117,"0                        						
							Cu.M",111,"207,000                        						
							mt",91,"0                        						
							Cu.M",117,"10,400                        						
							km",142,"225                        						
							km",99,"484                        						
							km",126,"0                        						
							km",121
Ireland,"5,233,461",115,"2,407,392",108,"1,999,182",106,"57,568",119,"7,765",131,"1,700",94,0,137,22,115,0,113,0,97,4,98,8,99,2,63,0,77,8,122,0,109,0,127,"1,712",101,0,115,0,126,0,116,8,101,,,0,51,0,51,0,70,0,54,0,76,0,75,8,85,0,80,"$                        							1,500,000,000",76,"$                        							3,300,000,000,000",9,"$                        							608,463,000,000",42,"$                        							12,905,000,000",73,100,51,"2,766,000",108,21,34,94,71,"1,688                        						
							km",79,"99,830                        						
							km",48,"600                        						
							bbl",98,"156,000                        						
							bbl",63,"0                        						
							bbl",112,"1,447,000,000                        						
							Cu.M",58,"5,280,000,000                        						
							Cu.M",55,"9,911,000,000                        						
							Cu.M",72,"0                        						
							Cu.M",104,"1,322,000                        						
							mt",70,"40,000,000                        						
							Cu.M",73,"70,273                        						
							km",114,"1,448                        						
							km",58,"443                        						
							km",129,"956                        						
							km",70
New Zealand,"5,161,211",116,"2,219,321",114,"1,775,457",114,"61,935",116,"8,670",128,"3,250",90,300,118,48,90,0,129,0,117,8,72,13,85,6,41,0,103,21,96,0,126,0,137,"2,114",91,0,129,31,88,0,127,8,102,,,0,75,0,75,0,89,0,76,2,44,0,93,4,100,0,96,"$                        							3,030,000,000",61,"$                        							209,683,100,000",38,"$                        							254,770,000,000",67,"$                        							15,487,000,000",68,202,30,"3,068,000",101,22,32,117,64,"4,128                        						
							km",42,"94,000                        						
							km",53,"12,000                        						
							bbl",73,"154,000                        						
							bbl",64,"40,993,000                        						
							bbl",73,"3,770,000,000                        						
							Cu.M",47,"3,819,000,000                        						
							Cu.M",63,"31,149,000,000                        						
							Cu.M",59,"3,036,000                        						
							Cu.M",43,"2,441,000                        						
							mt",60,"7,575,000,000                        						
							Cu.M",15,"268,838                        						
							km",74,"15,134                        						
							km",9,"0                        						
							km",137,"0                        						
							km",128
Georgia,"4,900,961",117,"2,744,538",106,"2,225,036",104,"93,118",103,"55,000",69,"152,500",31,0,133,61,87,0,109,5,61,2,117,10,91,0,103,0,69,44,67,11,44,123,64,"3,392",79,67,42,121,57,42,47,19,86,,,0,41,0,40,0,64,0,44,0,70,0,69,31,41,4,32,"$                        							495,629,055",105,"$                        							13,488,000,000",95,"$                        							83,656,000,000",99,"$                        							5,002,000,000",98,19,121,"1,853,000",119,3,93,26,99,"1,363                        						
							km",85,"20,295                        						
							km",110,"300                        						
							bbl",100,"32,000                        						
							bbl",113,"35,000,000                        						
							bbl",76,"8,760,000                        						
							Cu.M",88,"2,796,000,000                        						
							Cu.M",72,"8,495,000,000                        						
							Cu.M",73,"256,000                        						
							Cu.M",68,"516,000                        						
							mt",83,"900,999,000                        						
							Cu.M",46,"69,700                        						
							km",115,"310                        						
							km",95,"1,814                        						
							km",91,"0                        						
							km",114
Panama,"4,470,241",118,"2,011,608",120,"1,206,965",126,"53,643",123,0,144,0,129,"80,000",29,38,102,0,134,0,120,13,53,0,140,2,67,0,111,23,90,0,130,0,139,262,137,0,133,0,136,0,132,30,71,,,0,82,0,82,0,93,0,83,0,96,0,96,27,45,0,99,"$                        							917,202,000",90,"$                        							1,115,532,300,000",17,"$                        							159,867,000,000",79,"$                        							6,757,000,000",87,76,66,"2,096,000",117,12,53,"8,174",3,"77                        						
							km",123,"11,978                        						
							km",128,"0                        						
							bbl",137,"146,000                        						
							bbl",68,"0                        						
							bbl",131,"0                        						
							Cu.M",131,"389,611,000                        						
							Cu.M",93,"0                        						
							Cu.M",131,"0                        						
							Cu.M",124,"837,000                        						
							mt",75,"0                        						
							Cu.M",127,"75,420                        						
							km",112,"2,490                        						
							km",39,"687                        						
							km",121,"800                        						
							km",74
Mauritania,"4,328,040",119,"1,687,936",125,"1,181,555",128,"82,233",104,"31,540",90,"66,000",51,"5,000",95,24,113,0,124,4,64,7,76,7,102,2,65,0,93,4,132,0,119,25,101,628,124,0,123,75,72,0,124,6,105,,,0,67,0,67,0,83,0,69,0,90,0,89,6,92,0,90,"$                        							261,250,000",127,"$                        							3,661,000,000",127,"$                        							30,395,000,000",132,"$                        							2,629,290,500",118,25,117,"1,179,000",130,2,104,11,110,"728                        						
							km",97,"12,253                        						
							km",126,"0                        						
							bbl",129,"29,000                        						
							bbl",115,"20,000,000                        						
							bbl",80,"0                        						
							Cu.M",123,"0                        						
							Cu.M",130,"28,317,000,000                        						
							Cu.M",62,"0                        						
							Cu.M",118,"0                        						
							mt",134,"0                        						
							Cu.M",123,"1,030,700                        						
							km",28,"754                        						
							km",72,"5,002                        						
							km",37,"1,086                        						
							km",64
Croatia,"4,150,116",120,"2,033,557",119,"1,564,594",116,"53,952",122,"14,325",117,"20,100",76,"2,000",109,67,84,10,77,0,84,0,132,28,63,0,95,0,55,37,72,0,97,45,87,"2,848",86,25,70,42,84,42,46,30,69,,,0,29,0,29,0,54,0,32,0,62,0,59,10,77,1,50,"$                        							1,176,000,000",83,"$                        							55,000,000,000",58,"$                        							159,305,000,000",80,"$                        							3,176,000,000",111,40,97,"1,744,000",123,16,44,384,41,"2,617                        						
							km",64,"26,958                        						
							km",99,"11,000                        						
							bbl",76,"70,000                        						
							bbl",89,"71,000,000                        						
							bbl",70,"741,456,000                        						
							Cu.M",61,"2,502,000,000                        						
							Cu.M",74,"24,919,000,000                        						
							Cu.M",64,"0                        						
							Cu.M",89,"702,000                        						
							mt",81,"0                        						
							Cu.M",96,"56,594                        						
							km",119,"5,835                        						
							km",20,"2,237                        						
							km",80,"4,714                        						
							km",26
Oman,"3,901,992",121,"1,482,757",129,"1,291,559",124,"50,726",124,"42,600",78,"100,000",43,"10,000",82,128,64,29,51,10,49,9,68,45,45,4,48,0,110,31,80,0,129,150,63,"4,084",73,24,72,140,53,0,131,22,80,,,0,80,0,80,0,92,0,81,0,95,5,26,12,72,0,98,"$                        							8,200,000,000",36,"$                        							50,897,000,000",61,"$                        							185,960,000,000",77,"$                        							17,455,000,000",63,36,105,"2,316,000",114,7,68,57,87,"0                        						
							km",138,"60,230                        						
							km",74,"1,056,000                        						
							bbl",19,"211,000                        						
							bbl",54,"5,375,000,000                        						
							bbl",21,"40,754,000,000                        						
							Cu.M",18,"27,364,000,000                        						
							Cu.M",31,"651,287,000,000                        						
							Cu.M",27,"0                        						
							Cu.M",123,"31,000                        						
							mt",107,"0                        						
							Cu.M",126,"309,500                        						
							km",69,"2,092                        						
							km",48,"1,561                        						
							km",103,"0                        						
							km",130
Bosnia and Herzegovina,"3,798,671",122,"2,355,176",110,"1,956,316",107,"49,383",125,"12,770",121,"6,000",87,0,127,22,114,0,99,0,78,0,130,0,122,0,90,0,46,22,91,0,88,45,85,720,118,0,104,457,27,79,38,0,115,,,0,21,0,22,0,50,0,24,0,59,0,54,0,111,0,62,"$                        							216,400,000",131,"$                        							7,760,500,000",109,"$                        							63,769,000,000",109,"$                        							9,205,000,000",80,13,128,"1,369,000",128,1,108,0,127,"965                        						
							km",90,"22,926                        						
							km",106,"0                        						
							bbl",112,"36,000                        						
							bbl",107,"0                        						
							bbl",100,"0                        						
							Cu.M",99,"225,824,000                        						
							Cu.M",98,"0                        						
							Cu.M",99,"14,114,000                        						
							Cu.M",26,"14,766,000                        						
							mt",28,"2,264,000,000                        						
							Cu.M",31,"51,197                        						
							km",120,"20                        						
							km",113,"1,543                        						
							km",105,"990                        						
							km",67
Moldova,"3,599,528",123,"2,159,717",117,"1,792,565",112,"71,991",109,"8,500",130,"67,000",50,"2,000",110,3,137,0,125,0,109,1,124,0,136,0,119,0,95,2,136,0,121,0,134,500,129,9,88,67,75,11,86,0,134,,,0,134,0,134,0,134,0,134,0,134,0,134,0,134,0,134,"$                        							1,710,000,000",73,"$                        							4,565,500,000",121,"$                        							38,969,000,000",129,"$                        							5,453,000,000",94,11,132,"1,464,000",125,0,131,75,76,"1,171                        						
							km",88,"9,352                        						
							km",131,"0                        						
							bbl",130,"22,000                        						
							bbl",122,"0                        						
							bbl",122,"10,000                        						
							Cu.M",94,"2,344,000,000                        						
							Cu.M",76,"0                        						
							Cu.M",123,"0                        						
							Cu.M",119,"120,000                        						
							mt",99,"0                        						
							Cu.M",124,"33,851                        						
							km",129,"0                        						
							km",132,"1,885                        						
							km",88,"558                        						
							km",84
Uruguay,"3,425,330",124,"1,575,652",127,"1,322,177",122,"54,805",121,"25,000",98,0,141,"5,000",101,43,94,0,144,6,59,6,85,12,89,5,45,2,27,12,113,0,143,31,97,"3,042",83,6,92,70,74,4,95,14,95,,,0,114,0,114,0,116,0,114,0,116,0,116,2,109,2,49,"$                        							772,400,000",96,"$                        							49,500,000,000",63,"$                        							105,096,000,000",93,"$                        							16,257,000,000",65,64,74,"1,775,000",121,8,64,58,86,"1,673                        						
							km",80,"77,732                        						
							km",63,"400                        						
							bbl",99,"52,000                        						
							bbl",99,"0                        						
							bbl",143,"0                        						
							Cu.M",143,"86,037,000                        						
							Cu.M",101,"0                        						
							Cu.M",143,"0                        						
							Cu.M",144,"18,000                        						
							mt",112,"0                        						
							Cu.M",144,"176,215                        						
							km",86,"660                        						
							km",74,"1,591                        						
							km",99,"1,600                        						
							km",52
Mongolia,"3,281,676",125,"1,870,555",122,"1,552,233",117,"62,352",114,"35,000",87,"135,000",36,"50,000",42,7,131,0,126,0,110,3,111,2,112,0,120,0,96,2,137,0,122,420,29,"2,560",90,0,124,500,23,130,30,0,135,,,0,135,0,135,0,135,0,135,0,135,0,135,0,135,0,135,"$                        							165,110,000",135,"$                        							19,542,500,000",88,"$                        							56,264,000,000",115,"$                        							4,782,000,000",100,35,107,"1,403,000",126,0,132,318,44,"1,815                        						
							km",78,"113,200                        						
							km",45,"15,000                        						
							bbl",67,"36,000                        						
							bbl",109,"0                        						
							bbl",123,"0                        						
							Cu.M",124,"0                        						
							Cu.M",131,"0                        						
							Cu.M",124,"28,276,000                        						
							Cu.M",19,"6,393,000                        						
							mt",44,"2,520,000,000                        						
							Cu.M",29,"1,564,116                        						
							km",18,"0                        						
							km",133,"8,082                        						
							km",10,"580                        						
							km",82
Kuwait,"3,138,355",126,"1,726,095",123,"1,449,920",118,"37,660",129,"72,000",59,"24,000",75,"7,500",85,128,63,43,41,0,101,2,119,13,84,0,109,3,23,67,54,16,35,367,31,"5,636",62,74,39,0,128,27,57,123,26,,,0,58,0,58,0,75,0,60,0,82,0,82,106,11,0,85,"$                        							6,950,000,000",41,"$                        							55,000,000,000",57,"$                        							219,060,000,000",72,"$                        							52,619,000,000",43,6,139,"2,463,000",111,6,71,176,55,"0                        						
							km",135,"5,749                        						
							km",137,"2,910,000                        						
							bbl",10,"372,000                        						
							bbl",38,"101,500,000,000                        						
							bbl",6,"19,285,000,000                        						
							Cu.M",30,"26,083,000,000                        						
							Cu.M",32,"1,784,000,000,000                        						
							Cu.M",18,"0                        						
							Cu.M",109,"145,000                        						
							mt",98,"0                        						
							Cu.M",115,"17,818                        						
							km",138,"499                        						
							km",82,"475                        						
							km",127,"0                        						
							km",120
Albania,"3,107,100",127,"1,522,479",128,"1,292,554",123,"62,142",115,"6,600",135,"2,000",92,500,116,19,120,0,94,0,69,0,127,0,118,0,80,0,33,19,100,0,79,46,84,"1,796",99,0,97,50,81,135,29,19,84,,,0,9,0,11,0,43,0,14,0,52,0,46,19,59,0,55,"$                        							558,862,420",101,"$                        							7,312,000,000",110,"$                        							49,592,000,000",122,"$                        							6,455,000,000",88,3,145,"1,388,000",127,3,90,67,81,"424                        						
							km",115,"3,945                        						
							km",141,"1,400                        						
							bbl",94,"2,600                        						
							bbl",144,"150,000,000                        						
							bbl",56,"50,623,000                        						
							Cu.M",80,"50,623,000                        						
							Cu.M",106,"5,692,000,000                        						
							Cu.M",80,"379,000                        						
							Cu.M",66,"389,000                        						
							mt",88,"522,000,000                        						
							Cu.M",52,"28,748                        						
							km",132,"362                        						
							km",93,"691                        						
							km",120,"41                        						
							km",100
Armenia,"2,976,765",128,"1,666,988",126,"1,366,335",119,"44,651",128,"57,500",67,"210,000",28,"5,000",93,71,82,4,85,15,40,3,106,13,83,0,81,0,35,36,73,20,30,109,68,"1,306",104,145,26,148,52,100,36,0,119,,,0,119,0,119,0,119,0,119,0,119,0,119,0,119,0,119,"$                        							1,700,000,000",74,"$                        							9,014,000,000",106,"$                        							57,728,000,000",111,"$                        							3,607,000,000",106,11,131,"1,356,000",129,0,112,0,125,"686                        						
							km",100,"7,700                        						
							km",134,"0                        						
							bbl",109,"14,000                        						
							bbl",132,"0                        						
							bbl",97,"0                        						
							Cu.M",95,"2,861,000,000                        						
							Cu.M",70,"0                        						
							Cu.M",95,"60                        						
							Cu.M",76,"23,000                        						
							mt",108,"317,000,000                        						
							Cu.M",60,"29,743                        						
							km",131,"0                        						
							km",115,"1,570                        						
							km",102,"0                        						
							km",104
Namibia,"2,803,660",129,"616,805",138,"400,923",139,"30,840",131,"13,000",119,0,123,"5,000",96,34,105,11,74,0,114,3,112,14,82,0,122,0,100,7,126,2,74,4,112,"2,094",92,0,127,25,93,25,62,15,91,,,0,73,0,73,0,88,0,74,0,93,2,38,12,71,0,95,"$                        							370,500,000",116,"$                        							8,800,000,000",108,"$                        							29,944,000,000",133,"$                        							2,956,000,000",114,255,25,"989,000",133,2,105,15,106,"2,628                        						
							km",63,"48,875                        						
							km",82,"0                        						
							bbl",133,"25,000                        						
							bbl",120,"0                        						
							bbl",126,"0                        						
							Cu.M",126,"0                        						
							Cu.M",133,"62,297,000,000                        						
							Cu.M",55,"0                        						
							Cu.M",121,"32,000                        						
							mt",106,"350,000,000                        						
							Cu.M",56,"824,292                        						
							km",33,"1,572                        						
							km",56,"4,220                        						
							km",48,"0                        						
							km",126
Lithuania,"2,628,186",130,"1,708,321",124,"1,332,490",121,"36,795",130,"23,000",104,"104,000",42,"14,150",72,9,128,0,121,0,106,5,87,0,133,0,116,0,89,4,131,0,115,0,131,"1,263",105,21,76,54,77,0,121,14,93,,,0,64,0,64,0,81,0,66,0,88,0,87,7,87,4,33,"$                        							2,388,900,000",66,"$                        							44,000,000,000",70,"$                        							132,712,000,000",88,"$                        							6,168,000,000",89,65,73,"1,510,000",124,2,103,59,85,"1,911                        						
							km",75,"84,166                        						
							km",59,"4,000                        						
							bbl",90,"68,000                        						
							bbl",90,"12,000,000                        						
							bbl",86,"0                        						
							Cu.M",119,"1,601,000,000                        						
							Cu.M",80,"0                        						
							Cu.M",119,"0                        						
							Cu.M",114,"263,000                        						
							mt",90,"0                        						
							Cu.M",120,"65,300                        						
							km",117,"90                        						
							km",106,"1,545                        						
							km",104,"441                        						
							km",88
Qatar,"2,552,088",131,"638,022",137,"490,001",137,"12,760",139,"66,550",63,"15,000",81,"5,500",92,251,39,102,22,6,58,12,57,51,44,0,128,0,116,80,47,24,28,99,70,"5,024",66,46,56,12,103,16,79,115,29,,,0,88,0,88,0,96,0,89,0,98,4,29,105,13,0,104,"$                        							9,432,000,000",34,"$                        							187,000,000,000",40,"$                        							304,973,000,000",60,"$                        							51,539,000,000",44,8,138,"2,035,000",118,6,72,123,61,"0                        						
							km",139,"7,039                        						
							km",136,"1,815,000                        						
							bbl",14,"297,000                        						
							bbl",43,"25,244,000                        						
							bbl",78,"169,595,000,000                        						
							Cu.M",6,"41,515,000,000                        						
							Cu.M",24,"23,861,000,000,000                        						
							Cu.M",3,"0                        						
							Cu.M",127,"0                        						
							mt",137,"0                        						
							Cu.M",129,"11,586                        						
							km",140,"563                        						
							km",77,"87                        						
							km",134,"0                        						
							km",132
Gabon,"2,455,105",132,"932,940",133,"532,758",136,"46,647",126,"4,800",136,0,110,"2,500",107,24,112,6,82,0,92,3,109,0,126,0,102,0,68,15,106,0,104,0,124,424,134,0,110,0,123,14,82,5,107,,,0,40,0,39,0,63,0,43,0,69,0,68,4,96,0,73,"$                        							274,820,000",126,"$                        							6,280,000,000",115,"$                        							48,201,000,000",123,"$                        							1,568,196,000",124,40,98,"763,000",137,9,59,87,73,"649                        						
							km",104,"14,300                        						
							km",123,"204,000                        						
							bbl",34,"16,000                        						
							bbl",128,"2,000,000,000                        						
							bbl",36,"463,000,000                        						
							Cu.M",64,"463,000,000                        						
							Cu.M",90,"25,995,000,000                        						
							Cu.M",63,"0                        						
							Cu.M",98,"0                        						
							mt",128,"0                        						
							Cu.M",105,"267,667                        						
							km",75,"885                        						
							km",68,"3,261                        						
							km",59,"1,600                        						
							km",50
Botswana,"2,450,668",133,"1,029,281",130,"617,568",135,"24,507",133,"21,000",106,0,102,0,128,45,92,11,72,0,79,9,67,9,94,0,91,0,47,16,102,0,89,45,86,"1,224",107,12,82,36,86,20,71,0,123,,,0,123,0,123,0,123,0,123,0,123,0,123,0,123,0,123,"$                        							465,600,000",106,"$                        							1,853,500,000",140,"$                        							46,742,000,000",124,"$                        							4,756,000,000",101,122,41,"1,170,000",131,0,118,0,128,"888                        						
							km",94,"31,747                        						
							km",93,"0                        						
							bbl",113,"21,000                        						
							bbl",124,"0                        						
							bbl",101,"0                        						
							Cu.M",100,"0                        						
							Cu.M",114,"0                        						
							Cu.M",100,"2,634,000                        						
							Cu.M",45,"2,291,000                        						
							mt",61,"1,660,000,000                        						
							Cu.M",34,"581,730                        						
							km",48,"0                        						
							km",120,"4,347                        						
							km",45,"0                        						
							km",108
North Macedonia,"2,135,622",134,"948,216",132,"783,773",131,"27,763",132,"9,000",127,"60,000",54,"3,500",104,20,118,0,132,0,119,0,141,10,93,0,127,0,108,10,120,4,67,20,102,"1,108",109,0,132,150,50,17,77,0,138,,,0,138,0,138,0,138,0,138,0,138,0,138,0,138,0,138,"$                        							388,421,700",114,"$                        							11,000,000,000",102,"$                        							42,444,000,000",128,"$                        							5,015,000,000",97,13,129,"801,000",136,0,135,0,138,"699                        						
							km",99,"14,182                        						
							km",124,"0                        						
							bbl",136,"22,000                        						
							bbl",123,"0                        						
							bbl",130,"0                        						
							Cu.M",130,"274,928,000                        						
							Cu.M",96,"0                        						
							Cu.M",130,"5,075,000                        						
							Cu.M",36,"5,776,000                        						
							mt",47,"332,000,000                        						
							Cu.M",58,"25,713                        						
							km",133,"0                        						
							km",136,"838                        						
							km",118,"0                        						
							km",129
Slovenia,"2,097,893",135,"1,006,989",131,"826,570",130,"22,867",134,"7,300",134,"26,000",74,"5,000",99,39,100,0,139,0,129,4,104,23,72,0,132,0,123,16,105,0,136,54,82,"1,428",103,0,138,18,97,0,137,2,114,,,0,96,0,97,0,103,0,97,0,103,0,102,2,108,0,108,"$                        							886,860,000",91,"$                        							55,000,000,000",59,"$                        							102,036,000,000",94,"$                        							2,370,000,000",120,42,92,"1,055,000",132,2,106,8,114,"1,207                        						
							km",87,"38,985                        						
							km",89,"0                        						
							bbl",140,"45,000                        						
							bbl",103,"0                        						
							bbl",136,"3,863,000                        						
							Cu.M",90,"840,902,000                        						
							Cu.M",86,"0                        						
							Cu.M",136,"2,358,000                        						
							Cu.M",48,"2,553,000                        						
							mt",59,"95,000,000                        						
							Cu.M",69,"20,273                        						
							km",137,"47                        						
							km",109,"1,211                        						
							km",111,"710                        						
							km",77
Kosovo,"1,977,093",136,"917,371",134,"743,387",132,"17,794",135,"10,000",125,"5,000",88,500,117,0,143,0,115,0,100,0,134,0,129,0,108,0,82,0,142,0,110,0,128,737,117,0,117,0,127,0,118,0,130,,,0,130,0,130,0,130,0,130,0,130,0,130,0,130,0,130,"$                        							260,715,150",128,"$                        							2,750,000,000",134,"$                        							23,794,000,000",136,"$                        							1,245,000,000",127,4,141,"500,300",139,0,126,0,133,"437                        						
							km",113,"2,012                        						
							km",145,"0                        						
							bbl",122,"15,000                        						
							bbl",130,"0                        						
							bbl",114,"0                        						
							Cu.M",114,"0                        						
							Cu.M",124,"0                        						
							Cu.M",114,"9,074,000                        						
							Cu.M",30,"8,927,000                        						
							mt",36,"1,564,000,000                        						
							Cu.M",36,"10,887                        						
							km",141,"0                        						
							km",127,"714                        						
							km",119,"0                        						
							km",119
Latvia,"1,801,246",137,"810,561",136,"648,449",134,"16,211",137,"17,250",110,"36,000",63,"12,500",74,7,130,0,118,0,104,0,136,0,131,0,112,0,85,7,125,0,112,0,129,"1,848",95,47,54,0,129,0,119,18,87,,,0,60,0,60,0,77,0,62,0,84,0,84,11,75,6,21,"$                        							1,138,000,000",84,"$                        							44,180,400,000",69,"$                        							71,154,000,000",104,"$                        							4,957,000,000",99,56,79,"978,000",134,5,78,83,74,"2,216                        						
							km",69,"70,244                        						
							km",68,"2,000                        						
							bbl",92,"35,000                        						
							bbl",111,"0                        						
							bbl",116,"0                        						
							Cu.M",116,"828,214,000                        						
							Cu.M",87,"0                        						
							Cu.M",116,"0                        						
							Cu.M",110,"20,000                        						
							mt",111,"0                        						
							Cu.M",116,"64,589                        						
							km",118,"498                        						
							km",83,"1,370                        						
							km",107,"300                        						
							km",93
Bahrain,"1,566,888",138,"846,120",135,"720,768",133,"17,236",136,"18,400",109,"110,000",41,"1,500",112,132,62,24,58,0,71,3,108,40,49,0,84,0,38,80,46,34,21,150,62,"2,764",87,38,61,26,91,17,76,64,45,,,0,15,0,16,0,45,0,18,2,40,2,34,50,26,0,58,"$                        							1,597,200,000",75,"$                        							49,500,000,000",62,"$                        							85,491,000,000",98,"$                        							5,118,000,000",96,3,143,"855,000",135,4,83,184,54,"0                        						
							km",129,"4,122                        						
							km",139,"189,000                        						
							bbl",35,"72,000                        						
							bbl",88,"186,500,000                        						
							bbl",54,"18,005,000,000                        						
							Cu.M",32,"17,924,000,000                        						
							Cu.M",39,"81,382,000,000                        						
							Cu.M",51,"0                        						
							Cu.M",80,"0                        						
							mt",121,"0                        						
							Cu.M",87,"760                        						
							km",144,"161                        						
							km",104,"0                        						
							km",144,"0                        						
							km",106
Estonia,"1,193,791",139,"584,958",139,"456,028",138,"13,132",138,"7,700",132,"78,800",49,"10,000",81,5,134,0,108,0,88,2,116,3,110,0,100,0,65,3,133,0,102,0,123,"1,685",102,36,62,0,121,0,111,8,100,,,0,38,0,37,0,61,0,41,0,67,0,65,4,95,4,31,"$                        							1,463,360,000",77,"$                        							26,400,000,000",82,"$                        							57,377,000,000",112,"$                        							2,593,000,000",119,26,115,"752,000",138,20,36,72,79,"1,441                        						
							km",84,"58,412                        						
							km",78,"24,000                        						
							bbl",62,"28,000                        						
							bbl",117,"0                        						
							bbl",108,"0                        						
							Cu.M",108,"354,912,000                        						
							Cu.M",94,"0                        						
							Cu.M",108,"0                        						
							Cu.M",97,"3,000                        						
							mt",115,"0                        						
							Cu.M",102,"45,228                        						
							km",123,"3,794                        						
							km",27,"657                        						
							km",123,"335                        						
							km",92
Bhutan,"884,546",140,"203,446",140,"122,067",140,"4,423",141,"7,500",133,0,101,0,125,2,139,0,97,0,76,0,129,0,121,0,88,0,44,2,135,0,86,0,117,84,145,0,102,0,116,0,104,0,122,,,0,122,0,122,0,122,0,122,0,122,0,122,0,122,0,122,"$                        							14,000,000",145,"$                        							2,757,000,000",133,"$                        							10,981,000,000",141,"$                        							976,260,000",128,4,142,"430,000",140,0,116,0,126,"0                        						
							km",131,"12,205                        						
							km",127,"0                        						
							bbl",111,"3,000                        						
							bbl",142,"0                        						
							bbl",99,"0                        						
							Cu.M",98,"0                        						
							Cu.M",113,"0                        						
							Cu.M",98,"177,000                        						
							Cu.M",70,"325,000                        						
							mt",89,"0                        						
							Cu.M",91,"38,394                        						
							km",127,"0                        						
							km",118,"1,136                        						
							km",112,"0                        						
							km",107
Luxembourg,"671,254",141,"154,388",142,"92,633",141,"3,356",143,"1,000",142,0,118,0,138,1,140,0,122,0,107,1,123,0,134,0,117,0,90,0,144,0,116,0,132,182,139,0,119,0,131,0,122,0,132,,,0,132,0,132,0,132,0,132,0,132,0,132,0,132,0,132,"$                        							726,092,925",98,"$                        							4,730,000,000,000",6,"$                        							88,533,000,000",96,"$                        							2,977,000,000",113,3,144,"352,000",141,0,129,147,59,"271                        						
							km",120,"2,875                        						
							km",144,"0                        						
							bbl",126,"51,000                        						
							bbl",100,"0                        						
							bbl",119,"0                        						
							Cu.M",120,"594,240,000                        						
							Cu.M",89,"0                        						
							Cu.M",120,"0                        						
							Cu.M",115,"62,000                        						
							mt",102,"0                        						
							Cu.M",121,"2,586                        						
							km",143,"0                        						
							km",130,"327                        						
							km",131,"37                        						
							km",101
Suriname,"646,758",142,"142,287",144,"84,079",144,"3,234",144,"2,000",139,0,137,200,119,3,138,0,142,0,134,0,144,0,145,0,137,0,130,3,134,0,138,0,144,650,122,0,141,0,141,0,140,17,88,,,0,102,0,103,0,107,0,103,0,106,0,108,17,64,0,112,"$                        							144,000,000",137,"$                        							2,200,000,000",137,"$                        							11,824,000,000",140,"$                        							1,346,000,000",126,55,81,"250,000",143,4,89,13,108,"0                        						
							km",143,"4,304                        						
							km",138,"14,000                        						
							bbl",69,"15,000                        						
							bbl",131,"89,000,000                        						
							bbl",67,"7,109,000                        						
							Cu.M",89,"6,967,000                        						
							Cu.M",108,"0                        						
							Cu.M",140,"0                        						
							Cu.M",137,"0                        						
							mt",143,"0                        						
							Cu.M",139,"163,820                        						
							km",87,"386                        						
							km",92,"1,907                        						
							km",87,"1,200                        						
							km",60
Montenegro,"599,849",143,"143,964",143,"85,179",143,"3,599",142,"2,350",138,0,121,"5,500",90,11,126,0,127,0,111,0,140,0,137,0,121,0,97,11,114,0,123,0,135,471,131,0,125,12,102,12,83,14,94,,,0,69,0,69,0,85,0,70,0,91,0,90,2,107,0,92,"$                        							148,100,000",136,"$                        							2,958,500,000",132,"$                        							17,115,000,000",138,"$                        							1,574,000,000",123,5,140,"286,000",142,4,87,18,104,"250                        						
							km",121,"7,762                        						
							km",133,"0                        						
							bbl",131,"8,000                        						
							bbl",137,"0                        						
							bbl",124,"0                        						
							Cu.M",125,"0                        						
							Cu.M",132,"0                        						
							Cu.M",125,"1,734,000                        						
							Cu.M",53,"1,517,000                        						
							mt",68,"337,000,000                        						
							Cu.M",57,"13,812                        						
							km",139,"294                        						
							km",97,"680                        						
							km",122,"0                        						
							km",124
Beliz,"415,789",144,"158,000",141,"90,226",142,"8,732",140,"1,650",140,850,95,0,123,3,136,0,95,0,74,1,122,0,119,1,69,0,42,1,138,0,84,0,115,130,143,0,100,0,115,0,102,8,99,,,0,18,0,19,0,47,0,21,0,56,0,51,8,83,0,59,"$                        							29,538,000",144,"$                        							1,248,000,000",141,"$                        							5,257,000,000",145,"$                        							473,729,000",136,27,114,"190,000",145,2,99,774,25,"0                        						
							km",130,"3,281                        						
							km",143,"800                        						
							bbl",95,"5,000                        						
							bbl",139,"6,700,000                        						
							bbl",91,"0                        						
							Cu.M",96,"0                        						
							Cu.M",112,"0                        						
							Cu.M",97,"0                        						
							Cu.M",82,"0                        						
							mt",122,"0                        						
							Cu.M",89,"22,966                        						
							km",134,"386                        						
							km",91,"542                        						
							km",125,"825                        						
							km",73
Iceland,"364,036",145,"83,728",145,"50,237",145,"1,820",145,0,145,0,112,0,136,0,142,0,112,0,96,0,133,0,128,0,106,0,75,0,141,0,108,0,126,150,141,0,114,0,125,0,115,0,116,,,0,47,0,46,0,68,0,50,0,74,0,74,0,114,0,77,"$                        							312,400,000",121,"$                        							22,000,000,000",86,"$                        							26,155,000,000",135,"$                        							5,809,000,000",90,83,60,"239,000",144,43,20,39,93,"0                        						
							km",134,"12,898                        						
							km",125,"0                        						
							bbl",120,"18,000                        						
							bbl",126,"0                        						
							bbl",111,"0                        						
							Cu.M",112,"0                        						
							Cu.M",122,"0                        						
							Cu.M",112,"0                        						
							Cu.M",102,"188,000                        						
							mt",93,"0                        						
							Cu.M",109,"100,250                        						
							km",103,"4,970                        						
							km",22,"0                        						
							km",143,"0                        						
							km",115
